case,seed,t,elig,retired,eligible,share,mode10,event_count,elig_age_events,imitator_events,elig_age_exposure
base,2001,1,65,193,1609,0.11995,65,193,14,4,85
base,2001,2,65,224,1592,0.140704,65,44,9,23,88
base,2001,3,65,251,1597,0.15717,65,48,13,24,89
base,2001,4,65,258,1586,0.162673,65,29,7,19,86
base,2001,5,65,264,1600,0.165,65,21,7,12,91
base,2001,6,65,276,1594,0.173149,65,38,11,24,92
base,2001,7,65,286,1605,0.178193,65,39,12,24,84
base,2001,8,65,306,1606,0.190535,65,41,16,26,90
base,2001,9,65,337,1613,0.208927,65,56,13,42,86
base,2001,10,65,395,1620,0.243827,65,87,19,73,89
base,2001,11,65,425,1624,0.2617,65,56,15,45,91
base,2001,12,65,453,1624,0.278941,65,64,16,49,87
base,2001,13,65,500,1622,0.308261,65,84,17,71,87
base,2001,14,65,569,1615,0.352322,65,108,12,95,86
base,2001,15,65,594,1592,0.373116,65,88,14,79,89
base,2001,16,65,644,1594,0.404015,65,95,32,79,91
base,2001,17,65,686,1590,0.431447,65,90,19,82,85
base,2001,18,65,746,1583,0.471257,65,121,23,107,90
base,2001,19,65,982,1591,0.617222,65,286,42,270,88
base,2001,20,65,1458,1589,0.917558,65,551,85,537,86
base,2001,21,65,1583,1587,0.99748,65,214,89,203,91
base,2001,22,65,1585,1586,0.999369,65,88,85,74,86
base,2001,23,65,1570,1576,0.996193,65,78,77,65,83
base,2001,24,65,1570,1576,0.996193,65,91,86,80,91
base,2001,25,65,1570,1574,0.997459,65,88,84,75,87
base,2001,26,65,1576,1580,0.997468,65,92,89,80,92
base,2001,27,65,1562,1567,0.996809,65,91,89,78,92
base,2001,28,65,1559,1562,0.998079,65,80,77,69,78
base,2001,29,65,1565,1569,0.997451,65,86,84,76,87
base,2001,30,65,1541,1545,0.997411,65,81,78,67,81
base,2001,31,65,1549,1553,0.997424,65,86,84,73,87
base,2001,32,65,1545,1550,0.996774,65,87,84,73,88
base,2001,33,65,1554,1560,0.996154,65,90,88,83,91
base,2001,34,65,1551,1556,0.996787,65,91,87,78,90
base,2001,35,65,1558,1562,0.997439,65,87,84,71,86
base,2001,36,65,1563,1566,0.998084,65,91,87,78,90
base,2001,37,65,1544,1550,0.996129,65,82,80,71,85
base,2001,38,65,1545,1551,0.996132,65,84,80,65,84
base,2001,39,65,1536,1544,0.994819,65,86,83,75,88
base,2001,40,65,1531,1535,0.997394,65,90,85,74,86
base,2001,41,65,1534,1541,0.995457,65,85,84,67,88
base,2001,42,65,1530,1534,0.997392,65,94,91,83,92
base,2001,43,65,1539,1541,0.998702,65,93,90,82,91
base,2001,44,65,1547,1551,0.997421,65,88,87,82,90
base,2001,45,65,1551,1558,0.995507,65,80,79,69,83
base,2001,46,65,3250,3334,0.974805,65,1787,1782,1562,1864
base,2001,47,65,3260,3288,0.991484,65,149,91,107,95
base,2001,48,65,3218,3240,0.99321,65,94,81,76,88
base,2001,49,65,3201,3217,0.995026,65,92,82,74,86
base,2001,50,65,3181,3187,0.998117,65,95,85,77,86
base,2001,51,65,3115,3120,0.998397,65,95,92,77,94
base,2001,52,65,3045,3047,0.999344,65,75,71,61,72
base,2001,53,65,2987,2993,0.997995,65,78,78,66,82
base,2001,54,65,2940,2944,0.998641,65,78,74,65,76
base,2001,55,65,2871,2884,0.995492,65,76,74,72,85
base,2001,56,65,2844,2854,0.996496,65,97,89,80,94
base,2001,57,65,2790,2798,0.997141,65,81,76,71,79
base,2001,58,65,2745,2750,0.998182,65,93,88,75,90
base,2001,59,65,2711,2714,0.998895,65,88,85,71,86
base,2001,60,65,2667,2674,0.997382,65,99,98,87,103
base,2001,61,65,2610,2620,0.996183,65,88,86,78,93
base,2001,62,65,2565,2569,0.998443,65,87,80,71,81
base,2001,63,65,2523,2529,0.997628,65,91,88,74,93
base,2001,64,65,2472,2480,0.996774,65,84,81,68,86
base,2001,65,65,2411,2417,0.997518,65,88,86,75,87
base,2001,66,65,2365,2373,0.996629,65,92,90,76,95
base,2001,67,65,2314,2319,0.997844,65,87,83,78,84
base,2001,68,65,2246,2254,0.996451,65,88,85,73,91
base,2001,69,65,2191,2198,0.996815,65,85,81,74,84
base,2001,70,65,2141,2152,0.994888,65,89,86,79,93
base,2001,71,65,2100,2111,0.994789,65,85,80,74,85
base,2001,72,65,2083,2093,0.995222,65,116,112,105,115
base,2001,73,65,2019,2027,0.996053,65,82,77,67,81
base,2001,74,65,1967,1974,0.996454,65,80,76,70,79
base,2001,75,65,1899,1907,0.995805,65,97,95,82,98
base,2001,76,65,1813,1822,0.99506,65,68,65,59,69
base,2001,77,65,1787,1794,0.996098,65,98,96,89,96
base,2001,78,65,1728,1734,0.99654,65,83,81,69,83
base,2001,79,65,1672,1678,0.996424,65,88,85,76,88
base,2001,80,65,1627,1631,0.997548,65,85,81,72,83
base,2001,81,65,1595,1599,0.997498,65,84,82,74,84
base,2001,82,65,1592,1602,0.993758,65,95,94,82,101
base,2001,83,65,1588,1593,0.996861,65,86,81,70,82
base,2001,84,65,1570,1578,0.99493,65,87,85,72,90
base,2001,85,65,1575,1585,0.993691,65,93,91,81,96
base,2001,86,65,1563,1577,0.991122,65,80,76,68,84
base,2001,87,65,1597,1606,0.994396,65,137,129,114,134
base,2001,88,65,1639,1648,0.994539,65,126,123,110,126
base,2001,89,65,1675,1684,0.994656,65,129,125,107,129
base,2001,90,65,1708,1715,0.995918,65,120,116,105,119
base,2001,91,65,1752,1756,0.997722,65,131,128,108,129
base,2001,92,65,1793,1799,0.996665,65,132,131,108,134
base,2001,93,65,1817,1826,0.995071,65,127,126,109,130
base,2001,94,65,1823,1829,0.99672,65,111,107,92,108
base,2001,95,65,1835,1842,0.9962,65,116,116,103,117
base,2001,96,65,1870,1884,0.992569,65,143,140,121,150
base,2001,97,65,1933,1944,0.994342,65,147,142,128,145
base,2001,98,65,1957,1974,0.991388,65,130,126,112,136
base,2001,99,65,1980,1994,0.992979,65,122,114,100,119
base,2001,100,65,2018,2033,0.992622,65,139,135,123,140
base,2001,101,65,2046,2061,0.992722,65,122,118,101,124
base,2001,102,65,2090,2101,0.994764,65,134,127,109,132
base,2001,103,65,2109,2120,0.994811,65,132,129,114,132
base,2001,104,65,2129,2140,0.99486,65,129,127,111,129
base,2001,105,65,2156,2165,0.995843,65,138,134,113,137
base,2001,106,65,2181,2198,0.992266,65,137,135,116,145
base,2001,107,65,2203,2221,0.991896,65,126,117,113,127
base,2001,108,65,2216,2232,0.992832,65,126,120,107,124
base,2001,109,65,2234,2244,0.995544,65,136,129,116,130
base,2001,110,65,2258,2271,0.994276,65,145,144,130,148
base,2001,111,65,2285,2294,0.996077,65,146,140,119,142
base,2001,112,65,2319,2327,0.996562,65,140,137,124,139
base,2001,113,65,2327,2339,0.99487,65,141,140,122,146
base,2001,114,65,2325,2337,0.994865,65,127,122,110,128
base,2001,115,65,2338,2348,0.995741,65,133,128,111,133
base,2001,116,65,2334,2345,0.995309,65,116,114,93,117
base,2001,117,65,2344,2353,0.996175,65,138,133,117,136
base,2001,118,65,2365,2378,0.994533,65,135,131,115,141
base,2001,119,65,2364,2377,0.994531,65,127,119,109,127
base,2001,120,65,2414,2422,0.996697,65,155,147,132,151
base,2001,121,65,2443,2449,0.99755,65,144,139,130,142
base,2001,122,65,2423,2437,0.994255,65,109,106,93,117
base,2001,123,65,2438,2453,0.993885,65,134,127,110,135
base,2001,124,65,2446,2461,0.993905,65,134,125,104,135
base,2001,125,65,2446,2460,0.994309,65,130,125,111,129
base,2001,126,65,2424,2435,0.995483,65,110,105,94,108
base,2001,127,65,2402,2412,0.995854,65,96,92,87,95
base,2001,128,65,2368,2378,0.995795,65,88,85,82,89
base,2001,129,65,2340,2353,0.994475,65,97,94,85,101
base,2001,130,65,2293,2305,0.994794,65,95,91,80,95
base,2001,131,65,2266,2279,0.994296,65,97,92,81,98
base,2001,132,65,2238,2252,0.993783,65,107,101,94,109
base,2001,133,65,2184,2195,0.994989,65,93,88,79,90
base,2001,134,65,2142,2156,0.993506,65,87,86,81,90
base,2001,135,65,2117,2127,0.995299,65,98,92,79,95
base,2001,136,65,2064,2071,0.99662,65,96,93,83,93
base,2001,137,65,2030,2042,0.994123,65,94,92,85,99
base,2001,138,65,2001,2013,0.994039,65,107,101,93,107
base,2001,139,65,1981,1999,0.990995,65,94,92,78,100
base,2001,140,65,1972,1985,0.993451,65,102,95,88,97
base,2001,141,65,1967,1984,0.991431,65,106,104,92,110
base,2001,142,65,1959,1974,0.992401,65,88,83,76,86
base,2001,143,65,1946,1962,0.991845,65,105,101,87,106
base,2001,144,65,1915,1933,0.990688,65,96,90,83,98
base,2001,145,65,1910,1926,0.991693,65,114,109,96,112
base,2001,146,65,1904,1916,0.993737,65,101,94,85,97
base,2001,147,65,1893,1910,0.991099,65,95,93,78,100
base,2001,148,65,1890,1902,0.993691,65,113,105,100,109
base,2001,149,65,1895,1905,0.994751,65,114,110,98,112
base,2001,150,65,1887,1898,0.994204,65,114,111,96,115
base,2001,151,65,1902,1912,0.99477,65,114,110,97,115
base,2001,152,65,1894,1905,0.994226,65,105,102,91,106
base,2001,153,65,1895,1906,0.994229,65,115,109,97,115
base,2001,154,65,1906,1917,0.994262,65,109,107,91,110
base,2001,155,65,1911,1921,0.994794,65,127,123,106,126
base,2001,156,65,1912,1926,0.992731,65,117,115,107,122
base,2001,157,65,1941,1953,0.993856,65,115,109,90,113
base,2001,158,65,1966,1980,0.992929,65,125,119,92,128
base,2001,159,65,1983,1995,0.993985,65,132,127,115,130
base,2001,160,65,1997,2007,0.995017,65,133,128,113,132
base,2001,161,65,2022,2030,0.996059,65,126,119,103,125
base,2001,162,65,2037,2042,0.997551,65,127,122,110,126
base,2001,163,65,2076,2082,0.997118,65,118,115,97,119
base,2001,164,65,2076,2082,0.997118,65,129,127,117,130
base,2001,165,65,2081,2086,0.997603,65,114,111,99,113
base,2001,166,65,2086,2091,0.997609,65,120,118,101,120
base,2001,167,65,2091,2096,0.997615,65,131,129,113,131
base,2001,168,65,2093,2101,0.996192,65,112,110,98,115
base,2001,169,65,2114,2125,0.994824,65,133,129,114,137
base,2001,170,65,2146,2157,0.9949,65,134,127,114,135
base,2001,171,65,2141,2152,0.994888,65,125,120,102,125
base,2001,172,65,2151,2160,0.995833,65,127,121,101,125
base,2001,173,65,2154,2161,0.996761,65,121,116,103,120
base,2001,174,65,2165,2172,0.996777,65,116,113,105,116
base,2001,175,65,2177,2188,0.994973,65,134,132,115,138
base,2001,176,65,2179,2188,0.995887,65,116,108,93,114
base,2001,177,65,2200,2207,0.996828,65,132,127,116,130
base,2001,178,65,2214,2228,0.993716,65,138,136,118,145
base,2001,179,65,2220,2233,0.994178,65,132,123,114,131
base,2001,180,65,2212,2228,0.992819,65,117,109,100,120
base,2001,181,65,2246,2254,0.996451,65,162,153,130,154
base,2001,182,65,2245,2253,0.996449,65,124,120,106,124
base,2001,183,65,2264,2275,0.995165,65,133,130,113,137
base,2001,184,65,2248,2255,0.996896,65,113,106,97,109
base,2001,185,65,2232,2240,0.996429,65,106,104,92,108
base,2001,186,65,2234,2244,0.995544,65,105,100,93,107
base,2001,187,65,2212,2221,0.995948,65,98,94,86,98
base,2001,188,65,2207,2220,0.994144,65,115,111,92,119
base,2001,189,65,2217,2228,0.995063,65,123,118,101,122
base,2001,190,65,2208,2221,0.994147,65,116,113,101,119
base,2001,191,65,2185,2196,0.994991,65,106,101,93,105
base,2001,192,65,2187,2198,0.994995,65,108,105,93,109
base,2001,193,65,2186,2194,0.996354,65,121,115,101,118
base,2001,194,65,2163,2173,0.995398,65,102,100,90,104
base,2001,195,65,2144,2156,0.994434,65,123,118,103,125
base,2001,196,65,2141,2150,0.995814,65,111,105,90,108
base,2001,197,65,2146,2153,0.996749,65,117,113,101,115
base,2001,198,65,2148,2155,0.996752,65,112,111,94,114
base,2001,199,65,2127,2136,0.995787,65,99,96,82,101
base,2001,200,65,2135,2145,0.995338,65,119,115,104,121
base,2001,201,65,2137,2145,0.99627,65,116,112,102,115
base,2001,202,65,2090,2099,0.995712,65,84,81,68,85
base,2001,203,65,2061,2071,0.995171,65,101,99,83,102
base,2001,204,65,2086,2092,0.997132,65,125,120,109,122
base,2001,205,65,2087,2097,0.995231,65,119,117,101,123
base,2001,206,65,2040,2053,0.993668,65,93,88,82,97
base,2001,207,65,2058,2066,0.996128,65,121,112,109,117
base,2001,208,65,2030,2036,0.997053,65,86,82,73,84
base,2001,209,65,2042,2050,0.996098,65,126,123,115,128
base,2001,210,65,2018,2030,0.994089,65,103,101,86,107
base,2001,211,65,1999,2014,0.992552,65,114,109,98,117
base,2001,212,65,2035,2049,0.993167,65,140,135,122,139
base,2001,213,65,2029,2046,0.991691,65,109,106,94,113
base,2001,214,65,2024,2036,0.994106,65,117,110,103,113
base,2001,215,65,2008,2017,0.995538,65,109,103,93,107
base,2001,216,65,2038,2041,0.99853,65,141,135,125,135
base,2001,217,65,2031,2038,0.996565,65,110,110,97,115
base,2001,218,65,2032,2041,0.99559,65,117,113,103,119
base,2001,219,65,2044,2048,0.998047,65,108,103,90,104
base,2001,220,65,2036,2049,0.993655,65,114,113,101,124
base,2001,221,65,2037,2044,0.996575,65,120,111,101,115
base,2001,222,65,2034,2048,0.993164,65,106,103,99,113
base,2001,223,65,2043,2056,0.993677,65,119,112,89,120
base,2001,224,65,2041,2047,0.997069,65,136,129,127,131
base,2001,225,65,2044,2053,0.995616,65,124,123,103,127
base,2001,226,65,2067,2076,0.995665,65,121,116,100,121
base,2001,227,65,2083,2092,0.995698,65,126,123,111,127
base,2001,228,65,2088,2094,0.997135,65,111,105,92,108
base,2001,229,65,2098,2111,0.993842,65,128,126,105,135
base,2001,230,65,2116,2127,0.994828,65,132,126,109,130
base,2001,231,65,2118,2126,0.996237,65,103,98,82,101
base,2001,232,65,2143,2152,0.995818,65,126,122,112,127
base,2001,233,65,2157,2167,0.995385,65,117,115,100,118
base,2001,234,65,2155,2164,0.995841,65,111,106,93,110
base,2001,235,65,2162,2176,0.993566,65,123,119,111,128
base,2001,236,65,2184,2198,0.993631,65,134,128,114,134
base,2001,237,65,2178,2193,0.99316,65,102,98,85,103
base,2001,238,65,2189,2203,0.993645,65,132,126,109,131
base,2001,239,65,2203,2211,0.996382,65,131,121,99,125
base,2001,240,65,2201,2208,0.99683,65,134,132,123,133
base,2001,241,65,2200,2213,0.994126,65,109,107,100,116
base,2001,242,65,2189,2195,0.997267,65,112,103,97,105
base,2001,243,65,2155,2167,0.994462,65,106,105,90,112
base,2001,244,65,2171,2179,0.996329,65,133,127,117,129
base,2001,245,65,2172,2183,0.994961,65,102,101,85,105
base,2001,246,65,2183,2193,0.99544,65,123,119,105,122
base,2001,247,65,2230,2239,0.99598,65,145,142,128,144
base,2001,248,65,2226,2234,0.996419,65,133,129,114,133
base,2001,249,65,2191,2201,0.995457,65,102,100,88,104
base,2001,250,65,2168,2178,0.995409,65,108,105,99,108
base,2001,251,65,2176,2185,0.995881,65,135,130,112,135
base,2001,252,65,2175,2184,0.995879,65,105,103,95,105
base,2001,253,65,2190,2198,0.99636,65,119,115,99,119
base,2001,254,65,2181,2194,0.994075,65,105,103,87,110
base,2001,255,65,2196,2207,0.995016,65,127,123,109,127
base,2001,256,65,2201,2209,0.996378,65,140,135,121,137
base,2001,257,65,2189,2197,0.996359,65,104,101,90,105
base,2001,258,65,2164,2170,0.997235,65,106,103,93,105
base,2001,259,65,2157,2163,0.997226,65,126,123,110,126
base,2001,260,65,2132,2143,0.994867,65,113,112,94,119
base,2001,261,65,2138,2147,0.995808,65,111,107,91,110
base,2001,262,65,2138,2150,0.994419,65,116,115,97,119
base,2001,263,65,2150,2154,0.998143,65,122,113,97,114
base,2001,264,65,2129,2138,0.99579,65,89,88,75,95
base,2001,265,65,2113,2128,0.992951,65,119,117,101,125
base,2001,266,65,2110,2121,0.994814,65,122,114,92,118
base,2001,267,65,2103,2116,0.993856,65,116,110,97,118
base,2001,268,65,2089,2095,0.997136,65,119,111,100,112
base,2001,269,65,2086,2098,0.99428,65,125,122,108,131
base,2001,270,65,2089,2097,0.996185,65,124,119,104,121
base,2001,271,65,2064,2072,0.996139,65,106,104,89,106
base,2001,272,65,2056,2064,0.996124,65,112,109,97,113
base,2001,273,65,2062,2071,0.995654,65,102,99,88,103
base,2001,274,65,2059,2068,0.995648,65,119,114,97,120
base,2001,275,65,2087,2094,0.996657,65,111,106,91,109
base,2001,276,65,2066,2074,0.996143,65,99,97,78,100
base,2001,277,65,2054,2058,0.998056,65,104,101,83,101
base,2001,278,65,2025,2032,0.996555,65,95,93,83,98
base,2001,279,65,2009,2017,0.996034,65,119,115,109,120
base,2001,280,65,1980,1985,0.997481,65,114,108,93,111
base,2001,281,65,1974,1986,0.993958,65,103,102,89,110
base,2001,282,65,1971,1983,0.993949,65,106,102,85,106
base,2001,283,65,1962,1976,0.992915,65,115,109,97,118
base,2001,284,65,1958,1970,0.993909,65,118,111,100,117
base,2001,285,65,1968,1985,0.991436,65,117,111,99,122
base,2001,286,65,1975,1985,0.994962,65,119,110,102,113
base,2001,287,65,1987,1996,0.995491,65,126,119,106,125
base,2001,288,65,2017,2025,0.996049,65,145,141,123,144
base,2001,289,65,2017,2029,0.994086,65,102,99,88,106
base,2001,290,65,2021,2033,0.994097,65,104,101,88,105
base,2001,291,65,2023,2035,0.994103,65,114,107,96,114
base,2001,292,65,2012,2023,0.994563,65,103,98,83,102
base,2001,293,65,2061,2072,0.994691,65,141,134,123,141
base,2001,294,65,2063,2071,0.996137,65,135,127,118,132
base,2001,295,65,2080,2088,0.996169,65,136,133,119,136
base,2001,296,65,2095,2103,0.996196,65,125,123,111,126
base,2001,297,65,2101,2108,0.996679,65,111,108,97,111
base,2001,298,65,2093,2096,0.998569,65,105,101,90,101
base,2001,299,65,2086,2092,0.997132,65,109,108,99,112
base,2001,300,65,2096,2104,0.996198,65,121,119,110,123
base,2001,301,65,2097,2105,0.9962,65,133,128,115,133
base,2001,302,65,2090,2098,0.996187,65,121,118,101,121
base,2001,303,65,2096,2103,0.996671,65,127,124,111,126
base,2001,304,65,2099,2114,0.992904,65,115,112,92,123
base,2001,305,65,2123,2136,0.993914,65,146,140,119,144
base,2001,306,65,2100,2112,0.994318,65,107,102,91,106
base,2001,307,65,2092,2103,0.994769,65,123,119,105,122
base,2001,308,65,2069,2080,0.994712,65,117,113,102,118
base,2001,309,65,2102,2112,0.995265,65,116,111,104,115
base,2001,310,65,2145,2161,0.992596,65,134,130,113,140
base,2001,311,65,2155,2169,0.993545,65,124,120,107,123
base,2001,312,65,2177,2197,0.990897,65,125,123,100,131
base,2001,313,65,2178,2196,0.991803,65,134,126,116,132
base,2001,314,65,2189,2205,0.992744,65,126,120,110,125
base,2001,315,65,2197,2213,0.99277,65,127,119,107,128
base,2001,316,65,2221,2234,0.994181,65,130,122,111,127
base,2001,317,65,2210,2225,0.993258,65,120,115,105,122
base,2001,318,65,2186,2203,0.992283,65,94,89,76,96
base,2001,319,65,2184,2199,0.993179,65,119,113,103,117
base,2001,320,65,2152,2167,0.993078,65,81,76,60,84
base,2001,321,65,2173,2182,0.995875,65,124,116,104,118
base,2001,322,65,2170,2180,0.995413,65,122,119,105,123
base,2001,323,65,2157,2168,0.994926,65,123,120,103,124
base,2001,324,65,2164,2177,0.994028,65,123,119,105,125
base,2001,325,65,2202,2216,0.993682,65,139,132,119,141
base,2001,326,65,2217,2229,0.994616,65,122,114,97,121
base,2001,327,65,2208,2215,0.99684,65,114,106,106,109
base,2001,328,65,2193,2204,0.995009,65,119,117,98,123
base,2001,329,65,2177,2191,0.99361,65,109,109,96,113
base,2001,330,65,2182,2196,0.993625,65,116,108,95,116
base,2001,331,65,2169,2179,0.995411,65,111,105,95,107
base,2001,332,65,2157,2172,0.993094,65,112,109,91,117
base,2001,333,65,2157,2169,0.994467,65,116,108,94,113
base,2001,334,65,2123,2131,0.996246,65,99,93,82,96
base,2001,335,65,2102,2107,0.997627,65,106,100,89,103
base,2001,336,65,2098,2108,0.995256,65,106,106,94,111
base,2001,337,65,2120,2130,0.995305,65,119,115,102,119
base,2001,338,65,2102,2115,0.993853,65,94,91,78,97
base,2001,339,65,2106,2120,0.993396,65,134,131,112,136
base,2001,340,65,2115,2130,0.992958,65,119,116,107,120
base,2001,341,65,2115,2130,0.992958,65,113,107,99,113
base,2001,342,65,2083,2093,0.995222,65,108,101,93,104
base,2001,343,65,2092,2100,0.99619,65,117,110,94,115
base,2001,344,65,2077,2084,0.996641,65,108,104,96,107
base,2001,345,65,2055,2064,0.99564,65,106,104,87,108
base,2001,346,65,2052,2063,0.994668,65,133,131,114,136
base,2001,347,65,2060,2074,0.99325,65,121,115,103,124
base,2001,348,65,2056,2070,0.993237,65,123,118,103,124
base,2001,349,65,2066,2077,0.994704,65,110,104,99,107
base,2001,350,65,2062,2075,0.993735,65,116,114,96,119
base,2001,351,65,2054,2066,0.994192,65,126,122,103,125
base,2001,352,65,2052,2066,0.993224,65,121,118,100,123
base,2001,353,65,2070,2084,0.993282,65,129,125,105,130
base,2001,354,65,2028,2043,0.992658,65,78,72,64,79
base,2001,355,65,2009,2019,0.995047,65,98,91,84,93
base,2001,356,65,2002,2009,0.996516,65,115,112,102,113
base,2001,357,65,1998,2011,0.993536,65,102,100,88,108
base,2001,358,65,2021,2033,0.994097,65,138,134,122,138
base,2001,359,65,2018,2030,0.994089,65,111,107,95,112
base,2001,360,65,2038,2047,0.995603,65,122,117,102,119
base,2001,361,65,2057,2067,0.995162,65,109,105,91,110
base,2001,362,65,2087,2098,0.994757,65,127,123,112,128
base,2001,363,65,2094,2107,0.99383,65,108,104,89,111
base,2001,364,65,2083,2099,0.992377,65,117,115,102,120
base,2001,365,65,2062,2078,0.9923,65,106,102,82,106
base,2001,366,65,2035,2046,0.994624,65,104,99,86,100
base,2001,367,65,2014,2030,0.992118,65,120,118,97,125
base,2001,368,65,2029,2041,0.994121,65,140,133,115,136
base,2001,369,65,2041,2051,0.995124,65,119,118,104,118
base,2001,370,65,2036,2048,0.994141,65,104,100,82,106
base,2001,371,65,2018,2033,0.992622,65,106,102,92,109
base,2001,372,65,2042,2057,0.992708,65,129,124,107,130
base,2001,373,65,2050,2063,0.993698,65,127,120,108,125
base,2001,374,65,2070,2086,0.99233,65,122,121,112,126
base,2001,375,65,2050,2063,0.993698,65,99,93,86,96
base,2001,376,65,2061,2073,0.994211,65,120,115,110,119
base,2001,377,65,2069,2083,0.993279,65,120,114,94,122
base,2001,378,65,2076,2089,0.993777,65,114,109,91,113
base,2001,379,65,2071,2084,0.993762,65,130,124,108,131
base,2001,380,65,2070,2079,0.995671,65,124,117,104,121
base,2001,381,65,2051,2059,0.996115,65,104,101,91,104
base,2001,382,65,2050,2060,0.995146,65,94,91,76,97
base,2001,383,65,2048,2058,0.995141,65,110,105,98,110
base,2001,384,65,2065,2078,0.993744,65,127,125,107,131
base,2001,385,65,2069,2082,0.993756,65,104,100,86,105
base,2001,386,65,2060,2072,0.994208,65,112,107,89,111
base,2001,387,65,2088,2100,0.994286,65,143,140,126,144
base,2001,388,65,2103,2111,0.99621,65,121,115,101,117
base,2001,389,65,2106,2112,0.997159,65,123,120,106,121
base,2001,390,65,2115,2125,0.995294,65,119,117,96,124
base,2001,391,65,2134,2144,0.995336,65,143,138,120,143
base,2001,392,65,2122,2132,0.99531,65,111,107,93,111
base,2001,393,65,2128,2136,0.996255,65,130,126,114,129
base,2001,394,65,2129,2135,0.99719,65,105,102,90,103
base,2001,395,65,2122,2134,0.994377,65,120,119,105,126
base,2001,396,65,2142,2153,0.994891,65,127,122,108,128
base,2001,397,65,2151,2162,0.994912,65,128,125,107,128
base,2001,398,65,2159,2170,0.994931,65,114,110,89,114
base,2001,399,65,2171,2183,0.994503,65,122,119,102,124
base,2001,400,65,2163,2173,0.995398,65,120,114,109,118
base,2001,401,65,2172,2183,0.994961,65,123,118,109,124
base,2001,402,65,2156,2164,0.996303,65,109,101,93,107
base,2001,403,65,2150,2160,0.99537,65,110,105,96,113
base,2001,404,65,2135,2145,0.995338,65,113,107,100,113
base,2001,405,65,2116,2128,0.994361,65,100,96,83,102
base,2001,406,65,2078,2092,0.993308,65,92,88,69,94
base,2001,407,65,2067,2080,0.99375,65,106,98,85,105
base,2001,408,65,2070,2078,0.99615,65,111,107,98,107
base,2001,409,65,2071,2084,0.993762,65,126,125,102,131
base,2001,410,65,2100,2106,0.997151,65,134,125,111,127
base,2001,411,65,2129,2136,0.996723,65,133,132,112,134
base,2001,412,65,2139,2146,0.996738,65,134,132,112,134
base,2001,413,65,2150,2159,0.995831,65,122,121,112,125
base,2001,414,65,2144,2156,0.994434,65,103,100,91,106
base,2001,415,65,2141,2153,0.994426,65,107,103,88,107
base,2001,416,65,2125,2136,0.99485,65,126,122,107,127
base,2001,417,65,2134,2141,0.99673,65,119,115,98,116
base,2001,418,65,2161,2171,0.995394,65,126,125,112,129
base,2001,419,65,2129,2143,0.993467,65,101,98,86,105
base,2001,420,65,2134,2149,0.99302,65,124,121,109,125
base,2001,421,65,2128,2137,0.995788,65,114,106,92,108
base,2001,422,65,2109,2121,0.994342,65,109,108,92,112
base,2001,423,65,2085,2097,0.994278,65,104,101,88,105
base,2001,424,65,2107,2119,0.994337,65,129,122,106,129
base,2001,425,65,2124,2136,0.994382,65,120,117,101,121
base,2001,426,65,2120,2132,0.994371,65,117,112,98,118
base,2001,427,65,2093,2101,0.996192,65,100,95,84,96
base,2001,428,65,2100,2104,0.998099,65,109,103,97,106
base,2001,429,65,2082,2087,0.997604,65,105,103,91,106
base,2001,430,65,2074,2076,0.999037,65,97,94,86,94
base,2001,431,65,2064,2067,0.998549,65,123,123,106,124
base,2001,432,65,2051,2056,0.997568,65,116,115,109,118
base,2001,433,65,2037,2046,0.995601,65,100,99,85,105
base,2001,434,65,2053,2062,0.995635,65,126,121,106,126
base,2001,435,65,2025,2035,0.995086,65,104,100,89,105
base,2001,436,65,2021,2028,0.996548,65,126,121,106,123
base,2001,437,65,2028,2037,0.995582,65,124,121,97,126
base,2001,438,65,2039,2048,0.995605,65,127,125,107,128
base,2001,439,65,2028,2037,0.995582,65,105,100,92,105
base,2001,440,65,2034,2044,0.995108,65,126,122,113,128
base,2001,441,65,2040,2048,0.996094,65,116,111,104,115
base,2001,442,65,2037,2049,0.994143,65,117,114,93,121
base,2001,443,65,2020,2032,0.994094,65,101,96,89,102
base,2001,444,65,2011,2021,0.995052,65,114,107,100,112
base,2001,445,65,2040,2049,0.995608,65,130,127,107,130
base,2001,446,65,2040,2051,0.994637,65,114,112,94,116
base,2001,447,65,2064,2077,0.993741,65,120,118,106,123
base,2001,448,65,2073,2085,0.994245,65,116,112,101,115
base,2001,449,65,2079,2092,0.993786,65,122,118,104,123
base,2001,450,65,2088,2101,0.993812,65,109,105,93,110
base,2001,451,65,2095,2106,0.994777,65,137,132,116,136
base,2001,452,65,2099,2112,0.993845,65,119,116,103,122
base,2001,453,65,2107,2115,0.996217,65,114,108,95,109
base,2001,454,65,2105,2114,0.995743,65,127,124,105,128
base,2001,455,65,2096,2105,0.995724,65,109,106,92,110
base,2001,456,65,2092,2099,0.996665,65,107,104,92,105
base,2001,457,65,2089,2100,0.994762,65,121,120,113,126
base,2001,458,65,2094,2102,0.996194,65,120,116,99,117
base,2001,459,65,2117,2122,0.997644,65,117,112,98,114
base,2001,460,65,2116,2126,0.995296,65,111,109,94,116
base,2001,461,65,2137,2146,0.995806,65,136,132,114,137
base,2001,462,65,2129,2136,0.996723,65,111,107,100,109
base,2001,463,65,2115,2124,0.995763,65,102,100,91,104
base,2001,464,65,2131,2145,0.993473,65,120,117,106,125
base,2001,465,65,2130,2144,0.99347,65,105,97,88,105
base,2001,466,65,2162,2174,0.99448,65,131,123,111,129
base,2001,467,65,2191,2201,0.995457,65,135,127,110,133
base,2001,468,65,2228,2238,0.995532,65,132,129,115,133
base,2001,469,65,2216,2229,0.994168,65,112,109,95,115
base,2001,470,65,2204,2213,0.995933,65,105,97,89,101
base,2001,471,65,2238,2242,0.998216,65,133,129,112,129
base,2001,472,65,2221,2227,0.997306,65,122,121,105,125
base,2001,473,65,2208,2218,0.995491,65,95,93,85,99
base,2001,474,65,2217,2223,0.997301,65,130,125,115,126
base,2001,475,65,2182,2191,0.995892,65,99,97,82,102
base,2001,476,65,2183,2192,0.995894,65,128,125,113,129
base,2001,477,65,2168,2178,0.995409,65,115,115,100,116
base,2001,478,65,2176,2188,0.994516,65,112,109,93,114
base,2001,479,65,2144,2160,0.992593,65,103,102,93,107
base,2001,480,65,2153,2169,0.992623,65,133,127,114,133
base,2001,481,65,2160,2174,0.99356,65,128,122,111,126
base,2001,482,65,2128,2143,0.993,65,112,109,92,114
base,2001,483,65,2118,2132,0.993433,65,115,112,100,115
base,2001,484,65,2115,2132,0.992026,65,118,116,105,121
base,2001,485,65,2120,2132,0.994371,65,127,120,111,122
base,2001,486,65,2093,2109,0.992413,65,107,105,87,111
base,2001,487,65,2094,2113,0.991008,65,120,117,103,123
base,2001,488,65,2106,2117,0.994804,65,126,117,103,120
base,2001,489,65,2107,2121,0.993399,65,117,112,97,120
base,2001,490,65,2086,2099,0.993807,65,108,102,92,107
base,2001,491,65,2071,2083,0.994239,65,114,109,97,113
base,2001,492,65,2073,2083,0.995199,65,108,103,91,108
base,2001,493,65,2062,2068,0.997099,65,111,107,89,108
base,2001,494,65,2055,2062,0.996605,65,115,114,100,116
base,2001,495,65,2038,2047,0.995603,65,101,100,89,103
base,2001,496,65,2059,2072,0.993726,65,129,127,113,134
base,2001,497,65,2071,2079,0.996152,65,116,107,98,111
base,2001,498,65,2048,2061,0.993692,65,105,104,88,110
base,2001,499,65,2063,2073,0.995176,65,128,121,113,125
base,2001,500,65,2057,2064,0.996609,65,116,110,98,113
base,2001,501,65,2040,2050,0.995122,65,104,102,94,109
base,2001,502,65,2056,2064,0.996124,65,121,117,100,120
base,2001,503,65,2035,2048,0.993652,65,107,106,95,113
base,2001,504,65,2024,2037,0.993618,65,87,84,76,88
base,2001,505,65,2025,2032,0.996555,65,117,109,101,112
base,2001,506,65,2037,2044,0.996575,65,122,118,102,122
base,2001,507,65,2037,2044,0.996575,65,119,116,101,119
base,2001,508,65,2042,2050,0.996098,65,120,116,99,121
base,2001,509,65,2055,2062,0.996605,65,111,106,104,111
base,2001,510,65,2048,2055,0.996594,65,113,109,99,114
base,2001,511,65,2030,2037,0.996564,65,104,100,91,104
base,2001,512,65,2022,2028,0.997041,65,106,101,91,105
base,2001,513,65,2006,2012,0.997018,65,96,93,82,96
base,2001,514,65,2012,2017,0.997521,65,123,120,109,122
base,2001,515,65,2023,2030,0.996552,65,122,121,107,124
base,2001,516,65,1988,1996,0.995992,65,102,99,88,103
base,2001,517,65,2003,2017,0.993059,65,120,117,101,126
base,2001,518,65,2025,2029,0.998029,65,130,120,105,120
base,2001,519,65,2008,2011,0.998508,65,112,110,99,111
base,2001,520,65,2006,2014,0.996028,65,130,129,113,135
base,2001,521,65,2036,2041,0.99755,65,137,132,120,135
base,2001,522,65,2044,2055,0.994647,65,114,113,99,120
base,2001,523,65,2038,2049,0.994632,65,104,98,94,104
base,2001,524,65,2067,2076,0.995665,65,131,125,111,129
base,2001,525,65,2058,2065,0.99661,65,120,116,102,118
base,2001,526,65,2062,2070,0.996135,65,119,116,100,120
base,2001,527,65,2095,2106,0.994777,65,137,135,116,140
base,2001,528,65,2109,2115,0.997163,65,123,115,100,118
base,2001,529,65,2110,2118,0.996223,65,119,117,103,121
base,2001,530,65,2103,2116,0.993856,65,117,116,100,123
base,2001,531,65,2112,2124,0.99435,65,136,129,122,135
base,2001,532,65,2123,2141,0.991593,65,113,109,95,119
base,2001,533,65,2118,2131,0.9939,65,121,113,106,117
base,2001,534,65,2118,2131,0.9939,65,111,105,94,111
base,2001,535,65,2116,2124,0.996234,65,130,122,108,125
base,2001,536,65,2113,2122,0.995759,65,124,122,99,126
base,2001,537,65,2108,2115,0.99669,65,109,106,92,107
base,2001,538,65,2101,2109,0.996207,65,120,117,108,121
base,2001,539,65,2117,2125,0.996235,65,124,119,115,125
base,2001,540,65,2135,2141,0.997198,65,118,115,102,116
base,2001,541,65,2127,2133,0.997187,65,105,103,92,105
base,2001,542,65,2118,2127,0.995769,65,102,101,85,105
base,2001,543,65,2122,2133,0.994843,65,120,117,110,122
base,2001,544,65,2121,2132,0.994841,65,123,118,103,123
base,2001,545,65,2125,2138,0.99392,65,113,110,93,115
base,2001,546,65,2142,2155,0.993968,65,123,117,104,123
base,2001,547,65,2132,2141,0.995796,65,106,99,93,102
base,2001,548,65,2148,2160,0.994444,65,131,128,114,134
base,2001,549,65,2128,2138,0.995323,65,110,106,94,108
base,2001,550,65,2149,2161,0.994447,65,115,111,103,117
base,2001,551,65,2127,2136,0.995787,65,105,99,90,102
base,2001,552,65,2116,2131,0.992961,65,111,108,96,117
base,2001,553,65,2097,2108,0.994782,65,121,112,103,117
base,2001,554,65,2068,2078,0.995188,65,102,98,92,102
base,2001,555,65,2047,2059,0.994172,65,115,113,99,118
base,2001,556,65,2061,2073,0.994211,65,120,114,104,120
base,2001,557,65,2070,2077,0.99663,65,122,115,99,118
base,2001,558,65,2087,2091,0.998087,65,115,111,96,113
base,2001,559,65,2101,2108,0.996679,65,114,112,100,117
base,2001,560,65,2072,2080,0.996154,65,114,111,95,115
base,2001,561,65,2088,2096,0.996183,65,142,139,122,142
base,2001,562,65,2085,2095,0.995227,65,109,106,94,111
base,2001,563,65,2083,2093,0.995222,65,114,109,96,115
base,2001,564,65,2094,2104,0.995247,65,134,131,119,134
base,2001,565,65,2105,2118,0.993862,65,122,118,103,125
base,2001,566,65,2086,2098,0.99428,65,111,108,90,111
base,2001,567,65,2091,2100,0.995714,65,123,115,107,120
base,2001,568,65,2107,2118,0.994806,65,112,108,98,114
base,2001,569,65,2077,2089,0.994256,65,99,96,85,100
base,2001,570,65,2086,2101,0.992861,65,132,124,105,135
base,2001,571,65,2080,2090,0.995215,65,114,107,100,109
base,2001,572,65,2086,2099,0.993807,65,107,104,87,111
base,2001,573,65,2079,2090,0.994737,65,115,108,102,114
base,2001,574,65,2051,2060,0.995631,65,120,115,103,120
base,2001,575,65,2067,2074,0.996625,65,120,113,109,118
base,2001,576,65,2070,2077,0.99663,65,118,114,98,119
base,2001,577,65,2070,2077,0.99663,65,106,102,94,106
base,2001,578,65,2088,2097,0.995708,65,124,119,106,126
base,2001,579,65,2065,2072,0.996622,65,102,100,85,101
base,2001,580,65,2080,2091,0.994739,65,128,125,103,132
base,2001,581,65,2101,2109,0.996207,65,127,120,106,125
base,2001,582,65,2103,2106,0.998575,65,119,113,104,114
base,2001,583,65,2113,2119,0.997168,65,119,118,108,122
base,2001,584,65,2116,2121,0.997643,65,118,113,101,117
base,2001,585,65,2110,2117,0.996693,65,110,108,88,112
base,2001,586,65,2109,2117,0.996221,65,116,111,91,118
base,2001,587,65,2092,2100,0.99619,65,107,103,91,109
base,2001,588,65,2075,2085,0.995204,65,103,101,94,106
base,2001,589,65,2082,2090,0.996172,65,127,123,106,127
base,2001,590,65,2095,2103,0.996196,65,115,113,96,116
base,2001,591,65,2080,2091,0.994739,65,111,108,98,114
base,2001,592,65,2079,2088,0.99569,65,110,104,95,108
base,2001,593,65,2042,2049,0.996584,65,109,105,94,109
base,2001,594,65,2029,2034,0.997542,65,126,120,113,124
base,2001,595,65,1990,1996,0.996994,65,91,89,83,93
base,2001,596,65,1995,2005,0.995012,65,118,115,103,123
base,2001,597,65,2021,2028,0.996548,65,124,117,106,121
base,2001,598,65,2043,2054,0.994645,65,134,130,116,138
base,2001,599,65,2045,2051,0.997075,65,127,121,99,123
base,2001,600,65,2078,2092,0.993308,65,127,125,109,135
slow,2001,1,65,121,1609,0.075202,65,121,11,2,85
slow,2001,2,65,139,1592,0.0873116,65,26,5,9,88
slow,2001,3,65,156,1597,0.0976832,65,30,6,11,89
slow,2001,4,65,160,1586,0.100883,65,12,4,7,86
slow,2001,5,65,162,1600,0.10125,65,14,5,7,91
slow,2001,6,65,165,1594,0.103513,65,16,9,8,92
slow,2001,7,65,174,1605,0.108411,65,27,9,15,84
slow,2001,8,65,188,1606,0.117061,65,27,6,19,90
slow,2001,9,65,198,1613,0.122753,65,26,8,15,86
slow,2001,10,65,206,1620,0.12716,65,22,10,13,89
slow,2001,11,65,228,1624,0.140394,65,36,5,28,91
slow,2001,12,65,252,1624,0.155172,65,43,8,33,87
slow,2001,13,65,249,1622,0.153514,65,17,3,13,87
slow,2001,14,65,250,1615,0.154799,65,27,8,18,86
slow,2001,15,65,226,1592,0.14196,65,16,5,11,89
slow,2001,16,65,225,1594,0.141154,65,27,10,15,91
slow,2001,17,65,226,1590,0.142138,65,22,4,18,85
slow,2001,18,65,225,1583,0.142135,65,25,11,13,90
slow,2001,19,65,233,1591,0.146449,65,30,8,20,88
slow,2001,20,65,230,1589,0.144745,65,21,5,15,86
slow,2001,21,65,237,1587,0.149338,65,30,3,24,91
slow,2001,22,65,259,1586,0.163304,65,44,9,35,86
slow,2001,23,65,285,1576,0.180838,65,55,9,44,83
slow,2001,24,65,299,1576,0.189721,65,42,8,37,91
slow,2001,25,65,310,1574,0.19695,65,43,7,35,87
slow,2001,26,65,324,1580,0.205063,65,50,10,39,92
slow,2001,27,65,336,1567,0.214422,65,48,8,40,92
slow,2001,28,65,348,1562,0.222791,65,46,5,39,78
slow,2001,29,65,377,1569,0.24028,65,60,10,51,87
slow,2001,30,65,391,1545,0.253074,65,56,6,51,81
slow,2001,31,65,389,1553,0.250483,65,32,6,25,87
slow,2001,32,65,387,1550,0.249677,65,41,12,30,88
slow,2001,33,65,393,1560,0.251923,65,37,3,29,91
slow,2001,34,65,370,1556,0.237789,65,19,9,10,90
slow,2001,35,65,362,1562,0.231754,65,26,11,17,86
slow,2001,36,65,378,1566,0.241379,65,49,12,34,90
slow,2001,37,65,379,1550,0.244516,65,41,11,34,85
slow,2001,38,65,392,1551,0.25274,65,53,14,38,84
slow,2001,39,65,386,1544,0.25,65,36,9,29,88
slow,2001,40,65,383,1535,0.249511,65,39,10,28,86
slow,2001,41,65,386,1541,0.250487,65,43,14,31,88
slow,2001,42,65,392,1534,0.255541,65,47,12,36,92
slow,2001,43,65,390,1541,0.253082,65,38,6,32,91
slow,2001,44,65,384,1551,0.247582,65,30,3,27,90
slow,2001,45,65,374,1558,0.240051,65,19,5,12,83
slow,2001,46,65,510,3317,0.153753,65,173,140,44,1847
slow,2001,47,65,562,3263,0.172234,65,86,7,48,95
slow,2001,48,65,575,3196,0.179912,65,59,6,42,81
slow,2001,49,65,588,3175,0.185197,65,53,5,44,94
slow,2001,50,65,614,3129,0.196229,65,61,6,51,82
slow,2001,51,65,659,3063,0.215149,65,102,10,88,95
slow,2001,52,65,715,2990,0.23913,65,120,15,108,76
slow,2001,53,65,740,2953,0.250593,65,78,8,68,89
slow,2001,54,65,731,2910,0.251203,65,41,4,35,82
slow,2001,55,65,712,2851,0.249737,65,46,4,42,77
slow,2001,56,65,697,2818,0.247339,65,36,6,28,89
slow,2001,57,65,659,2778,0.237221,65,19,8,11,87
slow,2001,58,65,633,2707,0.233838,82,26,7,21,87
slow,2001,59,65,631,2675,0.235888,82,50,9,40,90
slow,2001,60,65,821,2655,0.309228,79,249,9,242,102
slow,2001,61,65,2309,2603,0.887053,80,1557,91,1546,92
slow,2001,62,65,2528,2539,0.995668,80,360,84,352,89
slow,2001,63,65,2496,2510,0.994422,80,91,87,80,94
slow,2001,64,65,2455,2469,0.99433,80,84,81,77,85
slow,2001,65,65,2407,2419,0.995039,80,92,87,83,90
slow,2001,66,65,2343,2360,0.992797,80,88,85,79,94
slow,2001,67,65,2298,2313,0.993515,65,91,84,83,89
slow,2001,68,65,2254,2267,0.994266,65,92,87,83,90
slow,2001,69,65,2203,2214,0.995032,65,88,84,75,87
slow,2001,70,65,2169,2182,0.994042,65,92,88,82,94
slow,2001,71,65,2094,2109,0.992888,65,80,76,76,83
slow,2001,72,65,2065,2082,0.991835,65,111,103,104,113
slow,2001,73,65,2021,2037,0.992145,65,86,80,72,85
slow,2001,74,65,1967,1983,0.991931,65,76,71,71,78
slow,2001,75,65,1924,1935,0.994315,65,115,107,101,110
slow,2001,76,65,1842,1854,0.993528,65,75,74,66,77
slow,2001,77,65,1782,1793,0.993865,65,90,87,83,89
slow,2001,78,65,1711,1722,0.993612,65,79,76,73,79
slow,2001,79,65,1674,1683,0.994652,65,91,88,83,90
slow,2001,80,65,1631,1640,0.994512,65,83,81,77,84
slow,2001,81,65,1583,1594,0.993099,65,84,82,76,86
slow,2001,82,65,1590,1600,0.99375,65,100,95,93,99
slow,2001,83,65,1586,1595,0.994357,65,81,80,74,81
slow,2001,84,65,1606,1615,0.994427,65,98,97,87,98
slow,2001,85,65,1613,1623,0.993839,65,91,90,87,92
slow,2001,86,65,1619,1632,0.992034,65,77,75,71,80
slow,2001,87,65,1675,1689,0.991711,65,152,147,143,153
slow,2001,88,65,1699,1713,0.991827,65,127,124,118,128
slow,2001,89,65,1740,1751,0.993718,65,138,134,131,136
slow,2001,90,65,1755,1767,0.993209,65,106,103,99,108
slow,2001,91,65,1791,1802,0.993896,65,131,126,120,131
slow,2001,92,65,1853,1862,0.995166,65,140,135,129,139
slow,2001,93,65,1888,1899,0.994207,65,140,137,131,142
slow,2001,94,65,1907,1920,0.993229,65,107,105,94,109
slow,2001,95,65,1940,1953,0.993344,65,120,116,109,120
slow,2001,96,65,1978,1991,0.993471,65,152,147,134,152
slow,2001,97,65,2001,2017,0.992067,65,133,128,123,136
slow,2001,98,65,2022,2032,0.995079,65,128,124,114,125
slow,2001,99,65,2052,2064,0.994186,65,127,126,118,129
slow,2001,100,65,2073,2087,0.993292,65,125,121,111,127
slow,2001,101,65,2098,2110,0.994313,65,118,115,105,116
slow,2001,102,65,2108,2121,0.993871,65,118,113,104,120
slow,2001,103,65,2144,2163,0.991216,65,145,141,136,152
slow,2001,104,65,2166,2179,0.994034,65,123,114,112,117
slow,2001,105,65,2164,2179,0.993116,65,122,118,108,124
slow,2001,106,65,2189,2200,0.995,65,139,134,129,137
slow,2001,107,65,2217,2230,0.99417,65,144,140,124,146
slow,2001,108,65,2230,2243,0.994204,65,124,119,112,124
slow,2001,109,65,2218,2236,0.99195,65,120,116,104,125
slow,2001,110,65,2238,2250,0.994667,65,139,129,125,133
slow,2001,111,65,2252,2271,0.991634,65,135,134,125,143
slow,2001,112,65,2252,2269,0.992508,65,125,117,113,125
slow,2001,113,65,2275,2290,0.99345,65,128,120,115,126
slow,2001,114,65,2304,2314,0.995678,65,142,134,123,137
slow,2001,115,65,2301,2310,0.996104,65,124,120,108,123
slow,2001,116,65,2343,2357,0.99406,65,143,140,134,148
slow,2001,117,65,2353,2367,0.994085,65,133,127,117,133
slow,2001,118,65,2357,2370,0.994515,65,124,118,109,123
slow,2001,119,65,2342,2358,0.993215,65,118,113,107,122
slow,2001,120,65,2355,2371,0.993252,65,148,140,134,148
slow,2001,121,65,2379,2392,0.994565,65,160,152,144,157
slow,2001,122,65,2378,2389,0.995396,65,145,140,133,144
slow,2001,123,65,2399,2406,0.997091,65,149,143,140,147
slow,2001,124,65,2386,2396,0.995826,65,126,123,117,129
slow,2001,125,65,2371,2380,0.996218,65,123,118,115,122
slow,2001,126,65,2348,2359,0.995337,65,127,123,117,130
slow,2001,127,65,2305,2313,0.996541,65,93,86,83,90
slow,2001,128,65,2267,2275,0.996484,65,79,76,69,80
slow,2001,129,65,2238,2245,0.996882,65,78,76,73,78
slow,2001,130,65,2193,2200,0.996818,65,83,82,76,84
slow,2001,131,65,2142,2149,0.996743,65,71,69,66,71
slow,2001,132,65,2127,2136,0.995787,65,99,98,93,101
slow,2001,133,65,2109,2117,0.996221,65,106,104,100,107
slow,2001,134,65,2096,2104,0.996198,65,109,105,99,109
slow,2001,135,65,2079,2090,0.994737,65,94,90,85,97
slow,2001,136,65,2063,2073,0.995176,65,96,91,87,95
slow,2001,137,65,2044,2054,0.995131,65,98,94,82,98
slow,2001,138,65,2025,2037,0.994109,65,101,95,84,103
slow,2001,139,65,2002,2009,0.996516,65,97,92,86,92
slow,2001,140,65,1969,1977,0.995953,65,89,88,83,90
slow,2001,141,65,1940,1950,0.994872,65,103,102,94,106
slow,2001,142,65,1924,1936,0.993802,65,104,102,97,107
slow,2001,143,65,1905,1917,0.99374,65,117,111,106,117
slow,2001,144,65,1890,1897,0.99631,65,96,90,81,92
slow,2001,145,65,1888,1896,0.995781,65,107,105,99,109
slow,2001,146,65,1876,1884,0.995754,65,92,89,84,92
slow,2001,147,65,1880,1893,0.993133,65,103,103,100,108
slow,2001,148,65,1875,1885,0.994695,65,122,116,105,119
slow,2001,149,65,1868,1879,0.994146,65,105,101,96,106
slow,2001,150,65,1857,1873,0.991458,65,109,106,97,114
slow,2001,151,65,1884,1897,0.993147,65,128,123,120,126
slow,2001,152,65,1871,1884,0.9931,65,117,113,106,117
slow,2001,153,65,1883,1895,0.993668,65,109,106,98,109
slow,2001,154,65,1920,1933,0.993275,65,137,133,122,138
slow,2001,155,65,1931,1942,0.994336,65,125,119,113,123
slow,2001,156,65,1931,1945,0.992802,65,122,116,112,125
slow,2001,157,65,1956,1972,0.991886,65,123,116,110,125
slow,2001,158,65,1947,1959,0.993874,65,113,105,104,110
slow,2001,159,65,1955,1964,0.995418,65,117,111,101,114
slow,2001,160,65,1969,1977,0.995953,65,121,118,108,120
slow,2001,161,65,1973,1983,0.994957,65,105,102,94,108
slow,2001,162,65,2001,2011,0.995027,65,131,125,112,131
slow,2001,163,65,2008,2014,0.997021,65,121,116,102,117
slow,2001,164,65,2052,2061,0.995633,65,138,137,122,141
slow,2001,165,65,2079,2088,0.99569,65,136,133,123,136
slow,2001,166,65,2097,2105,0.9962,65,134,131,112,133
slow,2001,167,65,2144,2151,0.996746,65,143,139,121,143
slow,2001,168,65,2152,2157,0.997682,65,125,122,116,124
slow,2001,169,65,2162,2168,0.997232,65,132,131,123,133
slow,2001,170,65,2184,2194,0.995442,65,130,128,115,134
slow,2001,171,65,2219,2234,0.993286,65,146,142,132,151
slow,2001,172,65,2244,2254,0.995563,65,138,129,124,135
slow,2001,173,65,2228,2238,0.995532,65,121,115,108,121
slow,2001,174,65,2222,2232,0.99552,65,108,105,97,108
slow,2001,175,65,2221,2230,0.995964,65,127,123,120,128
slow,2001,176,65,2213,2221,0.996398,65,118,115,107,117
slow,2001,177,65,2218,2226,0.996406,65,120,116,110,120
slow,2001,178,65,2208,2218,0.995491,65,106,103,95,109
slow,2001,179,65,2218,2230,0.994619,65,115,110,104,117
slow,2001,180,65,2213,2225,0.994607,65,113,107,107,114
slow,2001,181,65,2214,2225,0.995056,65,114,109,108,113
slow,2001,182,65,2218,2228,0.995512,65,120,115,104,119
slow,2001,183,65,2200,2213,0.994126,65,121,116,106,124
slow,2001,184,65,2197,2205,0.996372,65,117,110,105,112
slow,2001,185,65,2195,2206,0.995014,65,120,118,111,123
slow,2001,186,65,2213,2226,0.99416,65,136,132,125,138
slow,2001,187,65,2211,2227,0.992815,65,118,114,102,123
slow,2001,188,65,2221,2231,0.995518,65,132,125,118,128
slow,2001,189,65,2210,2219,0.995944,65,111,107,96,110
slow,2001,190,65,2174,2182,0.996334,65,108,103,96,109
slow,2001,191,65,2149,2159,0.995368,65,97,94,86,99
slow,2001,192,65,2144,2154,0.995357,65,104,101,95,104
slow,2001,193,65,2120,2135,0.992974,65,114,111,102,119
slow,2001,194,65,2107,2124,0.991996,65,109,102,97,112
slow,2001,195,65,2126,2137,0.994853,65,122,112,104,116
slow,2001,196,65,2079,2089,0.995213,65,101,98,89,100
slow,2001,197,65,2094,2106,0.994302,65,128,126,117,131
slow,2001,198,65,2073,2083,0.995199,65,104,97,92,102
slow,2001,199,65,2036,2044,0.996086,65,98,93,87,96
slow,2001,200,65,2032,2038,0.997056,65,116,111,103,114
slow,2001,201,65,2038,2044,0.997065,65,122,119,110,122
slow,2001,202,65,2027,2031,0.998031,65,99,96,92,99
slow,2001,203,65,2030,2035,0.997543,65,115,114,103,116
slow,2001,204,65,2021,2024,0.998518,65,109,104,96,107
slow,2001,205,65,2025,2028,0.998521,65,110,107,103,110
slow,2001,206,65,2004,2013,0.995529,65,92,89,85,98
slow,2001,207,65,1997,2001,0.998001,65,114,107,100,110
slow,2001,208,65,2001,2011,0.995027,65,107,107,95,114
slow,2001,209,65,2002,2009,0.996516,65,98,91,88,96
slow,2001,210,65,1997,2003,0.997004,65,106,100,89,105
slow,2001,211,65,2005,2011,0.997016,65,133,129,123,133
slow,2001,212,65,1992,1996,0.997996,65,105,100,95,103
slow,2001,213,65,1978,1981,0.998486,65,115,113,109,114
slow,2001,214,65,1974,1978,0.997978,65,123,122,113,124
slow,2001,215,65,1968,1973,0.997466,65,106,106,97,107
slow,2001,216,65,1958,1965,0.996438,65,107,105,94,109
slow,2001,217,65,1953,1962,0.995413,65,111,108,102,113
slow,2001,218,65,1975,1987,0.993961,65,128,127,120,131
slow,2001,219,65,1955,1969,0.99289,65,96,91,78,98
slow,2001,220,65,1978,1992,0.992972,65,126,119,116,126
slow,2001,221,65,1987,1999,0.993997,65,127,123,115,125
slow,2001,222,65,1984,1996,0.993988,65,108,104,98,108
slow,2001,223,65,1991,2000,0.9955,65,113,110,98,111
slow,2001,224,65,1966,1975,0.995443,65,95,93,88,95
slow,2001,225,65,1981,1990,0.995477,65,117,113,101,118
slow,2001,226,65,1997,2004,0.996507,65,119,116,105,117
slow,2001,227,65,1988,1995,0.996491,65,113,110,101,113
slow,2001,228,65,2036,2040,0.998039,65,145,141,131,142
slow,2001,229,65,2033,2040,0.996569,65,120,120,109,123
slow,2001,230,65,2044,2056,0.994163,65,119,117,108,124
slow,2001,231,65,2052,2061,0.995633,65,114,109,104,112
slow,2001,232,65,2057,2065,0.996126,65,124,120,111,123
slow,2001,233,65,2056,2064,0.996124,65,119,115,108,119
slow,2001,234,65,2072,2078,0.997113,65,122,119,110,120
slow,2001,235,65,2103,2118,0.992918,65,137,136,129,146
slow,2001,236,65,2101,2114,0.993851,65,126,118,114,124
slow,2001,237,65,2086,2098,0.99428,65,100,94,90,99
slow,2001,238,65,2108,2123,0.992935,65,139,136,128,142
slow,2001,239,65,2112,2129,0.992015,65,117,111,104,119
slow,2001,240,65,2117,2136,0.991105,65,103,96,93,105
slow,2001,241,65,2159,2179,0.990821,65,141,132,127,142
slow,2001,242,65,2159,2175,0.992644,65,121,113,101,118
slow,2001,243,65,2167,2180,0.994037,65,127,121,111,124
slow,2001,244,65,2189,2207,0.991844,65,137,134,124,142
slow,2001,245,65,2197,2211,0.993668,65,132,126,121,129
slow,2001,246,65,2189,2204,0.993194,65,110,107,99,113
slow,2001,247,65,2188,2201,0.994094,65,114,108,104,113
slow,2001,248,65,2153,2167,0.993539,65,109,105,94,111
slow,2001,249,65,2126,2137,0.994853,65,131,125,121,128
slow,2001,250,65,2132,2142,0.995331,65,119,117,110,118
slow,2001,251,65,2120,2133,0.993905,65,114,111,103,118
slow,2001,252,65,2123,2134,0.994845,65,124,117,110,122
slow,2001,253,65,2109,2121,0.994342,65,108,103,97,110
slow,2001,254,65,2097,2104,0.996673,65,110,105,101,106
slow,2001,255,65,2090,2097,0.996662,65,104,102,97,104
slow,2001,256,65,2103,2118,0.992918,65,123,122,114,131
slow,2001,257,65,2096,2106,0.995252,65,122,115,111,118
slow,2001,258,65,2107,2121,0.993399,65,124,121,111,130
slow,2001,259,65,2115,2126,0.994826,65,127,123,116,124
slow,2001,260,65,2109,2122,0.993874,65,116,111,102,118
slow,2001,261,65,2117,2128,0.994831,65,114,111,107,113
slow,2001,262,65,2126,2141,0.992994,65,123,120,114,127
slow,2001,263,65,2131,2146,0.99301,65,114,108,101,114
slow,2001,264,65,2147,2164,0.992144,65,123,119,106,125
slow,2001,265,65,2140,2157,0.992119,65,107,103,97,109
slow,2001,266,65,2138,2153,0.993033,65,123,119,108,122
slow,2001,267,65,2131,2151,0.990702,65,114,111,102,119
slow,2001,268,65,2146,2162,0.992599,65,121,113,109,118
slow,2001,269,65,2126,2143,0.992067,65,116,111,105,118
slow,2001,270,65,2091,2103,0.994294,65,104,98,92,100
slow,2001,271,65,2073,2088,0.992816,65,94,93,91,98
slow,2001,272,65,2086,2099,0.993807,65,127,122,111,125
slow,2001,273,65,2065,2078,0.993744,65,101,97,89,101
slow,2001,274,65,2064,2077,0.993741,65,117,114,107,118
slow,2001,275,65,2057,2071,0.99324,65,118,113,104,119
slow,2001,276,65,2023,2035,0.994103,65,108,103,94,106
slow,2001,277,65,2042,2052,0.995127,65,121,119,109,120
slow,2001,278,65,2071,2080,0.995673,65,127,124,117,127
slow,2001,279,65,2057,2068,0.994681,65,104,101,97,106
slow,2001,280,65,2054,2068,0.99323,65,113,111,103,116
slow,2001,281,65,2078,2088,0.995211,65,136,129,119,133
slow,2001,282,65,2085,2094,0.995702,65,118,114,106,117
slow,2001,283,65,2066,2080,0.993269,65,110,110,103,115
slow,2001,284,65,2075,2086,0.994727,65,130,124,112,128
slow,2001,285,65,2051,2062,0.994665,65,102,98,92,102
slow,2001,286,65,2028,2040,0.994118,65,103,100,96,105
slow,2001,287,65,2018,2032,0.99311,65,119,115,109,121
slow,2001,288,65,2018,2031,0.993599,65,117,112,110,116
slow,2001,289,65,2015,2023,0.996045,65,110,105,100,106
slow,2001,290,65,2027,2035,0.996069,65,115,110,100,115
slow,2001,291,65,2029,2036,0.996562,65,124,120,114,123
slow,2001,292,65,2028,2037,0.995582,65,114,111,104,116
slow,2001,293,65,2067,2078,0.994706,65,138,135,129,140
slow,2001,294,65,2097,2110,0.993839,65,147,142,132,150
slow,2001,295,65,2093,2099,0.997141,65,119,111,108,113
slow,2001,296,65,2073,2079,0.997114,65,110,108,99,111
slow,2001,297,65,2090,2098,0.996187,65,110,107,98,112
slow,2001,298,65,2090,2100,0.995238,65,119,118,112,121
slow,2001,299,65,2100,2107,0.996678,65,126,120,109,124
slow,2001,300,65,2093,2100,0.996667,65,113,110,106,115
slow,2001,301,65,2093,2099,0.997141,65,125,120,115,124
slow,2001,302,65,2106,2114,0.996216,65,125,121,118,127
slow,2001,303,65,2109,2118,0.995751,65,113,110,106,114
slow,2001,304,65,2117,2129,0.994364,65,119,114,115,122
slow,2001,305,65,2133,2141,0.996263,65,128,120,117,125
slow,2001,306,65,2117,2124,0.996704,65,114,111,104,113
slow,2001,307,65,2118,2127,0.995769,65,113,111,105,115
slow,2001,308,65,2105,2113,0.996214,65,109,105,97,108
slow,2001,309,65,2098,2106,0.996201,65,96,92,83,96
slow,2001,310,65,2109,2119,0.995281,65,112,109,99,114
slow,2001,311,65,2119,2131,0.994369,65,120,116,110,122
slow,2001,312,65,2121,2133,0.994374,65,117,110,104,117
slow,2001,313,65,2111,2120,0.995755,65,107,100,95,105
slow,2001,314,65,2133,2140,0.996729,65,141,137,124,139
slow,2001,315,65,2155,2166,0.994922,65,137,134,129,141
slow,2001,316,65,2155,2165,0.995381,65,113,108,104,112
slow,2001,317,65,2156,2164,0.996303,65,116,112,104,115
slow,2001,318,65,2134,2145,0.994872,65,113,111,101,116
slow,2001,319,65,2153,2165,0.994457,65,125,122,117,126
slow,2001,320,65,2160,2169,0.995851,65,127,122,114,125
slow,2001,321,65,2187,2199,0.994543,65,143,142,136,146
slow,2001,322,65,2172,2182,0.995417,65,105,98,88,103
slow,2001,323,65,2141,2148,0.996741,65,100,96,97,97
slow,2001,324,65,2149,2159,0.995368,65,118,116,107,121
slow,2001,325,65,2143,2152,0.995818,65,109,104,96,109
slow,2001,326,65,2133,2140,0.996729,65,112,109,101,110
slow,2001,327,65,2124,2137,0.993917,65,101,99,94,107
slow,2001,328,65,2142,2151,0.995816,65,121,115,112,119
slow,2001,329,65,2138,2151,0.993956,65,116,113,102,121
slow,2001,330,65,2165,2176,0.994945,65,133,127,122,131
slow,2001,331,65,2160,2175,0.993103,65,128,126,112,132
slow,2001,332,65,2176,2186,0.995425,65,128,120,110,123
slow,2001,333,65,2182,2191,0.995892,65,120,114,108,119
slow,2001,334,65,2163,2169,0.997234,65,117,113,106,114
slow,2001,335,65,2132,2142,0.995331,65,95,93,91,99
slow,2001,336,65,2147,2160,0.993981,65,125,120,109,128
slow,2001,337,65,2138,2150,0.994419,65,112,106,102,113
slow,2001,338,65,2120,2130,0.995305,65,111,107,105,110
slow,2001,339,65,2115,2126,0.994826,65,114,114,107,116
slow,2001,340,65,2120,2137,0.992045,65,117,115,103,123
slow,2001,341,65,2134,2152,0.991636,65,143,137,130,144
slow,2001,342,65,2131,2141,0.995329,65,98,87,83,90
slow,2001,343,65,2106,2119,0.993865,65,112,108,104,115
slow,2001,344,65,2112,2125,0.993882,65,121,119,107,122
slow,2001,345,65,2120,2132,0.994371,65,120,115,105,120
slow,2001,346,65,2127,2138,0.994855,65,123,120,110,122
slow,2001,347,65,2128,2135,0.996721,65,111,107,104,109
slow,2001,348,65,2137,2147,0.995342,65,115,112,102,118
slow,2001,349,65,2121,2132,0.994841,65,111,109,102,112
slow,2001,350,65,2154,2161,0.996761,65,123,117,107,120
slow,2001,351,65,2142,2150,0.996279,65,120,116,110,122
slow,2001,352,65,2148,2153,0.997678,65,116,110,103,113
slow,2001,353,65,2143,2153,0.995355,65,114,112,106,119
slow,2001,354,65,2136,2142,0.997199,65,111,105,96,107
slow,2001,355,65,2115,2122,0.996701,65,105,103,94,106
slow,2001,356,65,2099,2109,0.995258,65,104,102,93,107
slow,2001,357,65,2087,2098,0.994757,65,103,99,95,104
slow,2001,358,65,2100,2111,0.994789,65,118,113,103,118
slow,2001,359,65,2117,2127,0.995299,65,118,114,108,118
slow,2001,360,65,2111,2119,0.996225,65,109,104,101,107
slow,2001,361,65,2095,2103,0.996196,65,111,109,105,111
slow,2001,362,65,2078,2087,0.995688,65,114,109,103,115
slow,2001,363,65,2085,2099,0.99333,65,118,116,110,123
slow,2001,364,65,2073,2084,0.994722,65,109,103,97,106
slow,2001,365,65,2062,2076,0.993256,65,122,120,112,125
slow,2001,366,65,2064,2076,0.99422,65,114,110,104,114
slow,2001,367,65,2036,2047,0.994626,65,116,112,106,115
slow,2001,368,65,2053,2065,0.994189,65,121,119,112,124
slow,2001,369,65,2041,2052,0.994639,65,105,102,91,106
slow,2001,370,65,2062,2072,0.995174,65,119,114,110,118
slow,2001,371,65,2066,2080,0.993269,65,111,107,105,116
slow,2001,372,65,2061,2072,0.994691,65,110,103,102,108
slow,2001,373,65,2051,2059,0.996115,65,116,112,106,113
slow,2001,374,65,2067,2076,0.995665,65,123,121,112,124
slow,2001,375,65,2078,2089,0.994734,65,104,99,92,106
slow,2001,376,65,2114,2116,0.999055,65,147,140,135,140
slow,2001,377,65,2086,2092,0.997132,65,106,106,97,110
slow,2001,378,65,2090,2095,0.997613,65,110,107,103,109
slow,2001,379,65,2103,2112,0.995739,65,126,124,120,131
slow,2001,380,65,2109,2117,0.996221,65,123,116,115,122
slow,2001,381,65,2098,2106,0.996201,65,107,102,94,107
slow,2001,382,65,2107,2113,0.99716,65,125,120,111,123
slow,2001,383,65,2095,2106,0.994777,65,123,120,110,129
slow,2001,384,65,2103,2108,0.997628,65,114,105,105,109
slow,2001,385,65,2116,2126,0.995296,65,113,109,102,118
slow,2001,386,65,2114,2127,0.993888,65,122,120,110,125
slow,2001,387,65,2084,2099,0.992854,65,100,93,86,102
slow,2001,388,65,2099,2116,0.991966,65,129,125,116,131
slow,2001,389,65,2091,2101,0.99524,65,113,101,95,107
slow,2001,390,65,2080,2091,0.994739,65,106,102,87,107
slow,2001,391,65,2101,2119,0.991505,65,114,108,101,121
slow,2001,392,65,2082,2092,0.99522,65,106,94,95,98
slow,2001,393,65,2081,2089,0.99617,65,100,94,89,98
slow,2001,394,65,2085,2094,0.995702,65,119,116,106,120
slow,2001,395,65,2077,2089,0.994256,65,93,90,83,96
slow,2001,396,65,2112,2126,0.993415,65,133,129,119,135
slow,2001,397,65,2106,2118,0.994334,65,115,109,104,113
slow,2001,398,65,2098,2109,0.994784,65,114,110,98,116
slow,2001,399,65,2123,2135,0.994379,65,124,117,105,125
slow,2001,400,65,2123,2130,0.996714,65,130,121,117,125
slow,2001,401,65,2140,2152,0.994424,65,121,117,113,126
slow,2001,402,65,2135,2142,0.996732,65,125,117,112,121
slow,2001,403,65,2117,2124,0.996704,65,101,98,93,102
slow,2001,404,65,2094,2102,0.996194,65,108,104,98,110
slow,2001,405,65,2099,2104,0.997624,65,116,109,101,114
slow,2001,406,65,2105,2115,0.995272,65,120,117,113,125
slow,2001,407,65,2133,2137,0.998128,65,132,125,114,128
slow,2001,408,65,2131,2138,0.996726,65,112,110,100,115
slow,2001,409,65,2125,2135,0.995316,65,115,111,102,118
slow,2001,410,65,2151,2160,0.995833,65,134,129,115,133
slow,2001,411,65,2127,2140,0.993925,65,117,112,106,121
slow,2001,412,65,2155,2162,0.996762,65,158,150,139,152
slow,2001,413,65,2121,2127,0.997179,65,108,104,94,108
slow,2001,414,65,2119,2128,0.995771,65,116,113,110,119
slow,2001,415,65,2103,2109,0.997155,65,103,98,93,101
slow,2001,416,65,2079,2087,0.996167,65,101,98,91,103
slow,2001,417,65,2094,2100,0.997143,65,121,116,112,119
slow,2001,418,65,2114,2122,0.99623,65,126,125,110,128
slow,2001,419,65,2081,2089,0.99617,65,105,102,97,106
slow,2001,420,65,2043,2046,0.998534,65,95,90,87,90
slow,2001,421,65,2052,2056,0.998054,65,109,108,100,110
slow,2001,422,65,2064,2073,0.995658,65,125,122,115,130
slow,2001,423,65,2070,2083,0.993759,65,108,101,93,112
slow,2001,424,65,2071,2082,0.994717,65,123,117,107,121
slow,2001,425,65,2100,2110,0.995261,65,125,122,112,124
slow,2001,426,65,2093,2099,0.997141,65,118,114,103,115
slow,2001,427,65,2097,2105,0.9962,65,113,110,97,115
slow,2001,428,65,2105,2110,0.99763,65,138,133,121,135
slow,2001,429,65,2100,2107,0.996678,65,108,106,102,110
slow,2001,430,65,2089,2097,0.996185,65,108,105,95,110
slow,2001,431,65,2088,2102,0.99334,65,120,118,106,126
slow,2001,432,65,2094,2104,0.995247,65,124,119,110,120
slow,2001,433,65,2084,2100,0.992381,65,112,110,103,118
slow,2001,434,65,2099,2116,0.991966,65,117,110,103,118
slow,2001,435,65,2115,2128,0.993891,65,122,113,109,118
slow,2001,436,65,2097,2107,0.995254,65,102,97,92,100
slow,2001,437,65,2107,2116,0.995747,65,129,124,115,130
slow,2001,438,65,2089,2098,0.99571,65,101,99,95,102
slow,2001,439,65,2069,2078,0.995669,65,113,108,97,114
slow,2001,440,65,2057,2065,0.996126,65,106,101,96,105
slow,2001,441,65,2041,2048,0.996582,65,105,101,88,104
slow,2001,442,65,2052,2059,0.9966,65,120,117,109,120
slow,2001,443,65,2062,2074,0.994214,65,118,117,105,123
slow,2001,444,65,2038,2046,0.99609,65,100,95,91,98
slow,2001,445,65,2054,2064,0.995155,65,128,126,116,130
slow,2001,446,65,2040,2051,0.994637,65,100,97,91,102
slow,2001,447,65,2047,2057,0.995139,65,125,120,111,124
slow,2001,448,65,2072,2085,0.993765,65,118,116,108,121
slow,2001,449,65,2077,2088,0.994732,65,130,124,115,128
slow,2001,450,65,2063,2078,0.992782,65,101,97,89,105
slow,2001,451,65,2083,2089,0.997128,65,128,119,113,120
slow,2001,452,65,2090,2095,0.997613,65,110,107,99,110
slow,2001,453,65,2085,2095,0.995227,65,109,107,101,114
slow,2001,454,65,2065,2074,0.995661,65,115,112,110,115
slow,2001,455,65,2049,2061,0.994178,65,107,104,97,110
slow,2001,456,65,2114,2123,0.995761,65,141,135,129,138
slow,2001,457,65,2110,2129,0.991076,65,114,112,106,124
slow,2001,458,65,2122,2133,0.994843,65,147,134,131,139
slow,2001,459,65,2115,2124,0.995763,65,117,112,106,115
slow,2001,460,65,2106,2114,0.996216,65,119,115,112,119
slow,2001,461,65,2110,2116,0.997164,65,124,120,114,122
slow,2001,462,65,2099,2109,0.995258,65,96,95,85,100
slow,2001,463,65,2103,2110,0.996682,65,119,113,110,117
slow,2001,464,65,2142,2150,0.996279,65,139,136,126,140
slow,2001,465,65,2167,2176,0.995864,65,128,125,113,129
slow,2001,466,65,2154,2167,0.994001,65,95,92,86,99
slow,2001,467,65,2141,2150,0.995814,65,106,98,93,102
slow,2001,468,65,2115,2126,0.994826,65,107,103,91,109
slow,2001,469,65,2132,2140,0.996262,65,125,119,113,122
slow,2001,470,65,2088,2101,0.993812,65,84,82,75,89
slow,2001,471,65,2099,2111,0.994315,65,129,126,120,128
slow,2001,472,65,2097,2107,0.995254,65,118,113,108,116
slow,2001,473,65,2100,2116,0.992439,65,127,124,122,133
slow,2001,474,65,2093,2101,0.996192,65,117,108,106,109
slow,2001,475,65,2104,2116,0.994329,65,125,125,110,129
slow,2001,476,65,2097,2111,0.993368,65,118,115,106,120
slow,2001,477,65,2118,2130,0.994366,65,129,122,114,127
slow,2001,478,65,2110,2123,0.993877,65,120,116,103,121
slow,2001,479,65,2095,2105,0.995249,65,110,103,99,108
slow,2001,480,65,2083,2092,0.995698,65,108,104,100,108
slow,2001,481,65,2107,2117,0.995276,65,116,114,104,117
slow,2001,482,65,2121,2131,0.995307,65,125,122,115,126
slow,2001,483,65,2137,2144,0.996735,65,125,121,109,124
slow,2001,484,65,2140,2146,0.997204,65,133,129,119,132
slow,2001,485,65,2137,2145,0.99627,65,116,113,107,118
slow,2001,486,65,2139,2145,0.997203,65,128,125,113,127
slow,2001,487,65,2142,2149,0.996743,65,108,106,93,109
slow,2001,488,65,2155,2163,0.996301,65,116,112,103,117
slow,2001,489,65,2150,2158,0.996293,65,116,111,101,117
slow,2001,490,65,2133,2146,0.993942,65,110,107,102,115
slow,2001,491,65,2118,2128,0.995301,65,114,106,105,111
slow,2001,492,65,2129,2138,0.99579,65,120,114,105,119
slow,2001,493,65,2126,2132,0.997186,65,107,103,97,104
slow,2001,494,65,2124,2133,0.995781,65,119,118,112,123
slow,2001,495,65,2143,2148,0.997672,65,124,120,107,120
slow,2001,496,65,2143,2152,0.995818,65,101,101,89,105
slow,2001,497,65,2132,2143,0.994867,65,108,106,99,110
slow,2001,498,65,2121,2127,0.997179,65,112,106,99,107
slow,2001,499,65,2110,2121,0.994814,65,133,131,119,138
slow,2001,500,65,2101,2112,0.994792,65,125,118,109,125
slow,2001,501,65,2088,2095,0.996659,65,92,86,79,88
slow,2001,502,65,2080,2090,0.995215,65,114,112,103,117
slow,2001,503,65,2097,2104,0.996673,65,139,134,127,136
slow,2001,504,65,2109,2120,0.994811,65,117,116,110,122
slow,2001,505,65,2119,2126,0.996707,65,122,116,113,119
slow,2001,506,65,2129,2139,0.995325,65,114,112,100,118
slow,2001,507,65,2142,2151,0.995816,65,114,109,102,113
slow,2001,508,65,2155,2169,0.993545,65,125,121,112,130
slow,2001,509,65,2128,2140,0.994393,65,99,94,88,97
slow,2001,510,65,2102,2115,0.993853,65,102,98,88,104
slow,2001,511,65,2110,2125,0.992941,65,110,104,99,112
slow,2001,512,65,2120,2134,0.99344,65,126,119,117,125
slow,2001,513,65,2121,2136,0.992978,65,130,126,124,132
slow,2001,514,65,2095,2109,0.993362,65,103,98,94,104
slow,2001,515,65,2106,2114,0.996216,65,137,128,123,131
slow,2001,516,65,2112,2122,0.995287,65,109,105,103,111
slow,2001,517,65,2100,2109,0.995733,65,109,107,96,108
slow,2001,518,65,2080,2092,0.994264,65,112,111,99,115
slow,2001,519,65,2096,2111,0.992894,65,123,121,108,126
slow,2001,520,65,2091,2103,0.994294,65,119,114,111,116
slow,2001,521,65,2083,2101,0.991433,65,111,110,103,117
slow,2001,522,65,2049,2063,0.993214,65,106,100,96,103
slow,2001,523,65,2054,2066,0.994192,65,115,110,101,114
slow,2001,524,65,2059,2071,0.994206,65,125,122,116,125
slow,2001,525,65,2043,2056,0.993677,65,116,113,109,118
slow,2001,526,65,2022,2035,0.993612,65,93,91,83,94
slow,2001,527,65,2006,2016,0.99504,65,106,100,90,103
slow,2001,528,65,2011,2021,0.995052,65,110,106,97,110
slow,2001,529,65,2047,2057,0.995139,65,140,137,133,141
slow,2001,530,65,2060,2069,0.99565,65,116,113,109,115
slow,2001,531,65,2063,2075,0.994217,65,126,125,114,129
slow,2001,532,65,2071,2084,0.993762,65,103,101,94,104
slow,2001,533,65,2065,2079,0.993266,65,98,97,87,99
slow,2001,534,65,2052,2069,0.991783,65,119,117,108,123
slow,2001,535,65,2081,2095,0.993317,65,136,132,124,135
slow,2001,536,65,2096,2106,0.995252,65,128,125,114,126
slow,2001,537,65,2072,2084,0.994242,65,109,109,102,111
slow,2001,538,65,2055,2071,0.992274,65,101,98,91,105
slow,2001,539,65,2070,2082,0.994236,65,129,122,121,125
slow,2001,540,65,2057,2068,0.994681,65,109,107,100,110
slow,2001,541,65,2051,2067,0.992259,65,96,95,87,101
slow,2001,542,65,2058,2075,0.991807,65,110,106,101,111
slow,2001,543,65,2052,2073,0.98987,65,110,109,96,114
slow,2001,544,65,2104,2124,0.990584,65,149,142,135,149
slow,2001,545,65,2106,2124,0.991525,65,133,126,114,132
slow,2001,546,65,2077,2091,0.993305,65,108,103,96,104
slow,2001,547,65,2084,2104,0.990494,65,121,116,112,128
slow,2001,548,65,2111,2124,0.993879,65,131,122,113,124
slow,2001,549,65,2095,2108,0.993833,65,113,108,98,113
slow,2001,550,65,2106,2118,0.994334,65,118,112,108,118
slow,2001,551,65,2103,2110,0.996682,65,111,104,103,107
slow,2001,552,65,2079,2091,0.994261,65,90,87,81,95
slow,2001,553,65,2064,2074,0.995178,65,104,98,88,103
slow,2001,554,65,2062,2071,0.995654,65,129,126,116,128
slow,2001,555,65,2076,2086,0.995206,65,122,119,113,123
slow,2001,556,65,2064,2073,0.995658,65,108,103,92,107
slow,2001,557,65,2091,2104,0.993821,65,113,110,106,117
slow,2001,558,65,2088,2101,0.993812,65,136,134,129,136
slow,2001,559,65,2114,2132,0.991557,65,130,126,119,135
slow,2001,560,65,2104,2119,0.992921,65,118,110,101,116
slow,2001,561,65,2069,2079,0.99519,65,105,99,89,103
slow,2001,562,65,2092,2104,0.994297,65,128,125,115,130
slow,2001,563,65,2106,2121,0.992928,65,131,127,123,134
slow,2001,564,65,2088,2100,0.994286,65,99,92,85,97
slow,2001,565,65,2092,2102,0.995243,65,116,110,106,114
slow,2001,566,65,2076,2088,0.994253,65,113,111,103,116
slow,2001,567,65,2108,2121,0.993871,65,140,137,129,141
slow,2001,568,65,2121,2131,0.995307,65,127,120,109,124
slow,2001,569,65,2126,2135,0.995785,65,118,115,110,117
slow,2001,570,65,2129,2137,0.996256,65,132,129,114,131
slow,2001,571,65,2133,2141,0.996263,65,110,108,101,111
slow,2001,572,65,2139,2151,0.994421,65,128,125,119,132
slow,2001,573,65,2124,2133,0.995781,65,110,105,96,107
slow,2001,574,65,2114,2123,0.995761,65,100,97,85,100
slow,2001,575,65,2105,2113,0.996214,65,110,105,102,109
slow,2001,576,65,2108,2120,0.99434,65,116,113,101,120
slow,2001,577,65,2087,2097,0.995231,65,106,96,95,104
slow,2001,578,65,2078,2085,0.996643,65,102,94,88,99
slow,2001,579,65,2093,2099,0.997141,65,134,131,122,133
slow,2001,580,65,2099,2106,0.996676,65,114,112,104,115
slow,2001,581,65,2092,2100,0.99619,65,110,107,103,111
slow,2001,582,65,2111,2120,0.995755,65,129,125,117,130
slow,2001,583,65,2117,2125,0.996235,65,121,117,107,120
slow,2001,584,65,2119,2131,0.994369,65,110,109,105,115
slow,2001,585,65,2115,2122,0.996701,65,127,121,109,122
slow,2001,586,65,2087,2098,0.994757,65,97,96,85,101
slow,2001,587,65,2058,2071,0.993723,65,97,94,88,100
slow,2001,588,65,2057,2069,0.9942,65,114,110,100,113
slow,2001,589,65,2048,2062,0.99321,65,99,94,89,101
slow,2001,590,65,2069,2080,0.994712,65,133,124,115,130
slow,2001,591,65,2092,2105,0.993824,65,132,127,120,134
slow,2001,592,65,2092,2106,0.993352,65,115,112,102,118
slow,2001,593,65,2074,2083,0.995679,65,107,100,96,102
slow,2001,594,65,2093,2104,0.994772,65,132,127,119,135
slow,2001,595,65,2080,2091,0.994739,65,108,102,94,109
slow,2001,596,65,2088,2095,0.996659,65,111,105,102,108
slow,2001,597,65,2085,2094,0.995702,65,112,109,106,114
slow,2001,598,65,2086,2094,0.99618,65,118,114,103,118
slow,2001,599,65,2084,2095,0.994749,65,129,127,116,132
slow,2001,600,65,2080,2088,0.996169,65,109,101,97,106
all,2001,1,65,189,1609,0.117464,66,189,11,0,85
all,2001,2,65,197,1592,0.123744,65,21,9,0,88
all,2001,3,65,204,1597,0.12774,65,24,13,0,89
all,2001,4,65,199,1586,0.125473,65,10,7,0,86
all,2001,5,65,200,1600,0.125,65,9,7,0,91
all,2001,6,65,207,1594,0.129862,65,14,11,0,92
all,2001,7,65,204,1605,0.127103,65,15,10,0,84
all,2001,8,65,206,1606,0.128269,65,15,11,0,90
all,2001,9,65,211,1613,0.130812,65,14,12,0,86
all,2001,10,65,214,1620,0.132099,65,14,12,0,89
all,2001,11,65,216,1624,0.133005,65,11,7,0,91
all,2001,12,65,221,1624,0.136084,65,15,14,0,87
all,2001,13,65,224,1622,0.138101,65,13,10,0,87
all,2001,14,65,225,1615,0.139319,65,13,10,0,86
all,2001,15,65,222,1592,0.139447,65,9,9,0,89
all,2001,16,65,225,1594,0.141154,65,16,13,0,91
all,2001,17,65,223,1590,0.140252,65,8,7,0,85
all,2001,18,65,226,1583,0.142767,65,14,11,0,90
all,2001,19,65,225,1591,0.14142,65,16,13,0,88
all,2001,20,65,231,1589,0.145374,65,14,11,0,86
all,2001,21,65,232,1587,0.146188,65,11,7,0,91
all,2001,22,65,231,1586,0.145649,65,14,12,0,86
all,2001,23,65,229,1576,0.145305,65,13,13,0,83
all,2001,24,65,233,1576,0.147843,65,11,8,0,91
all,2001,25,65,232,1574,0.147395,65,13,13,0,87
all,2001,26,65,234,1580,0.148101,65,12,10,0,92
all,2001,27,65,233,1567,0.148692,65,13,11,0,92
all,2001,28,65,229,1562,0.146607,65,11,8,0,78
all,2001,29,65,229,1569,0.145953,65,10,9,0,87
all,2001,30,65,230,1545,0.148867,65,14,11,0,81
all,2001,31,65,237,1553,0.152608,65,13,12,0,87
all,2001,32,65,236,1550,0.152258,65,14,12,0,88
all,2001,33,65,237,1560,0.151923,65,7,6,0,91
all,2001,34,65,233,1556,0.149743,65,13,11,0,90
all,2001,35,65,234,1562,0.149808,65,16,14,0,86
all,2001,36,65,236,1566,0.150702,65,13,11,0,90
all,2001,37,65,237,1550,0.152903,65,11,9,0,85
all,2001,38,65,238,1551,0.153449,65,19,15,0,84
all,2001,39,65,234,1544,0.151554,65,11,10,0,88
all,2001,40,65,233,1535,0.151792,65,16,12,0,86
all,2001,41,65,239,1541,0.155094,65,18,17,0,88
all,2001,42,65,226,1534,0.147327,65,11,9,0,92
all,2001,43,65,220,1541,0.142764,65,11,8,0,91
all,2001,44,65,217,1551,0.13991,65,6,6,0,90
all,2001,45,65,221,1558,0.141849,65,11,10,0,83
all,2001,46,65,436,3334,0.130774,65,225,223,0,1864
all,2001,47,65,458,3288,0.139294,65,43,8,1,95
all,2001,48,65,464,3240,0.14321,65,18,6,0,88
all,2001,49,65,460,3217,0.14299,65,18,10,0,86
all,2001,50,65,460,3187,0.144336,65,18,9,0,86
all,2001,51,65,453,3120,0.145192,65,18,16,0,94
all,2001,52,65,442,3047,0.145061,65,14,12,0,72
all,2001,53,65,426,2993,0.142332,65,12,12,0,82
all,2001,54,65,421,2944,0.143003,65,13,10,0,76
all,2001,55,65,403,2884,0.139736,65,4,2,0,85
all,2001,56,65,402,2854,0.140855,65,17,15,0,94
all,2001,57,65,391,2798,0.139743,65,10,5,0,79
all,2001,58,65,387,2750,0.140727,65,18,14,0,90
all,2001,59,65,384,2714,0.141489,65,17,15,0,86
all,2001,60,65,368,2674,0.137622,65,12,11,0,103
all,2001,61,65,358,2620,0.136641,65,10,8,0,93
all,2001,62,65,361,2569,0.140522,65,16,15,0,81
all,2001,63,65,355,2529,0.140372,65,18,14,1,93
all,2001,64,65,359,2480,0.144758,65,16,15,0,86
all,2001,65,65,352,2417,0.145635,65,13,11,0,87
all,2001,66,65,349,2373,0.147071,65,16,14,0,95
all,2001,67,65,347,2319,0.149633,65,10,7,1,84
all,2001,68,65,329,2254,0.145963,65,15,12,0,91
all,2001,69,65,313,2198,0.142402,65,12,10,1,84
all,2001,70,65,299,2152,0.138941,65,10,7,0,93
all,2001,71,65,296,2111,0.140218,65,11,10,0,85
all,2001,72,65,283,2093,0.135213,65,11,7,0,115
all,2001,73,65,276,2027,0.136162,65,15,12,0,81
all,2001,74,65,266,1974,0.134752,65,10,7,0,79
all,2001,75,65,255,1907,0.133718,65,15,14,0,98
all,2001,76,65,246,1822,0.135016,65,9,6,0,69
all,2001,77,65,242,1794,0.134894,65,9,8,0,96
all,2001,78,65,241,1734,0.138985,65,14,12,0,83
all,2001,79,65,231,1678,0.137664,65,13,10,1,88
all,2001,80,65,224,1631,0.137339,65,13,10,0,83
all,2001,81,65,219,1599,0.136961,65,10,10,0,84
all,2001,82,65,214,1602,0.133583,65,13,13,0,101
all,2001,83,65,220,1593,0.138104,65,16,13,0,82
all,2001,84,65,220,1578,0.139417,65,15,14,0,90
all,2001,85,65,218,1585,0.137539,65,12,10,0,96
all,2001,86,65,219,1577,0.138871,65,12,10,0,84
all,2001,87,65,230,1606,0.143213,65,23,19,0,134
all,2001,88,65,232,1648,0.140777,65,16,14,0,126
all,2001,89,65,245,1684,0.145487,65,22,19,0,129
all,2001,90,65,247,1715,0.144023,65,15,12,0,119
all,2001,91,65,257,1756,0.146355,65,23,21,0,129
all,2001,92,65,265,1799,0.147304,65,24,23,0,134
all,2001,93,65,275,1826,0.150602,65,18,18,0,130
all,2001,94,65,277,1829,0.151449,65,19,17,0,108
all,2001,95,65,272,1842,0.147666,65,13,13,0,117
all,2001,96,65,279,1884,0.148089,65,22,20,0,150
all,2001,97,65,275,1944,0.141461,65,20,17,1,145
all,2001,98,65,285,1974,0.144377,65,18,14,0,136
all,2001,99,65,299,1994,0.14995,65,23,18,1,119
all,2001,100,65,295,2033,0.145106,65,16,13,0,140
all,2001,101,65,302,2061,0.146531,65,21,19,0,124
all,2001,102,65,321,2101,0.152784,65,26,22,1,132
all,2001,103,65,326,2120,0.153774,65,18,16,0,132
all,2001,104,65,333,2140,0.155607,65,18,16,0,129
all,2001,105,65,346,2165,0.159815,65,25,21,0,137
all,2001,106,65,347,2198,0.157871,65,21,19,0,145
all,2001,107,65,334,2221,0.150383,65,13,8,0,127
all,2001,108,65,333,2232,0.149194,65,19,15,0,124
all,2001,109,65,338,2244,0.150624,65,20,15,0,130
all,2001,110,65,341,2271,0.150154,65,15,14,0,148
all,2001,111,65,346,2294,0.150828,65,27,21,0,142
all,2001,112,65,345,2327,0.14826,65,16,13,0,139
all,2001,113,65,347,2339,0.148354,65,19,18,0,146
all,2001,114,65,334,2337,0.142918,65,17,14,0,128
all,2001,115,65,337,2348,0.143526,65,22,17,0,133
all,2001,116,65,340,2345,0.144989,65,23,21,0,117
all,2001,117,65,334,2353,0.141946,65,21,18,0,136
all,2001,118,65,335,2378,0.140875,65,20,18,0,141
all,2001,119,65,336,2377,0.141355,65,18,14,0,127
all,2001,120,65,345,2422,0.142444,65,23,18,0,151
all,2001,121,65,341,2449,0.139241,65,14,12,0,142
all,2001,122,65,333,2437,0.136643,65,16,13,0,117
all,2001,123,65,334,2453,0.13616,65,24,22,0,135
all,2001,124,65,350,2461,0.142219,65,30,24,0,135
all,2001,125,65,352,2460,0.143089,65,19,16,0,129
all,2001,126,65,355,2435,0.145791,65,16,11,0,108
all,2001,127,65,351,2412,0.145522,65,10,7,1,95
all,2001,128,65,344,2378,0.144659,65,6,4,0,89
all,2001,129,65,337,2353,0.143221,65,12,10,0,101
all,2001,130,65,331,2305,0.143601,65,15,12,0,95
all,2001,131,65,332,2279,0.145678,65,16,12,0,98
all,2001,132,65,326,2252,0.14476,65,13,10,0,109
all,2001,133,65,317,2195,0.144419,65,14,10,0,90
all,2001,134,65,301,2156,0.13961,65,6,6,0,90
all,2001,135,65,304,2127,0.142924,65,19,16,0,95
all,2001,136,65,293,2071,0.141478,65,13,10,0,93
all,2001,137,65,287,2042,0.140548,65,9,7,0,99
all,2001,138,65,278,2013,0.138102,65,14,11,0,107
all,2001,139,65,274,1999,0.137069,65,16,14,0,100
all,2001,140,65,274,1985,0.138035,65,14,11,0,97
all,2001,141,65,267,1984,0.134577,65,14,13,0,110
all,2001,142,65,264,1974,0.133739,65,12,11,0,86
all,2001,143,65,267,1962,0.136086,65,18,15,0,106
all,2001,144,65,271,1933,0.140197,65,15,8,2,98
all,2001,145,65,275,1926,0.142783,65,19,14,1,112
all,2001,146,65,280,1916,0.146138,65,16,11,0,97
all,2001,147,65,278,1910,0.14555,65,17,17,0,100
all,2001,148,65,270,1902,0.141956,65,13,10,0,109
all,2001,149,65,267,1905,0.140157,65,16,12,0,112
all,2001,150,65,266,1898,0.140148,65,18,15,0,115
all,2001,151,65,268,1912,0.140167,65,17,15,0,115
all,2001,152,65,259,1905,0.135958,65,14,13,0,106
all,2001,153,65,263,1906,0.137985,65,18,14,0,115
all,2001,154,65,270,1917,0.140845,65,18,16,0,110
all,2001,155,65,272,1921,0.141593,65,21,17,0,126
all,2001,156,65,263,1926,0.136552,65,10,9,0,122
all,2001,157,65,276,1953,0.141321,65,25,20,0,113
all,2001,158,65,294,1980,0.148485,65,34,29,1,128
all,2001,159,65,297,1995,0.148872,65,17,15,0,130
all,2001,160,65,303,2007,0.150972,65,20,16,0,132
all,2001,161,65,305,2030,0.150246,65,24,18,1,125
all,2001,162,65,306,2042,0.149853,65,17,16,0,126
all,2001,163,65,317,2082,0.152257,65,21,20,0,119
all,2001,164,65,317,2082,0.152257,65,12,11,0,130
all,2001,165,65,319,2086,0.152924,65,15,13,0,113
all,2001,166,65,324,2091,0.15495,65,19,17,0,120
all,2001,167,65,321,2096,0.153149,65,18,16,0,131
all,2001,168,65,317,2101,0.150881,65,14,13,0,115
all,2001,169,65,317,2125,0.149176,65,19,16,0,137
all,2001,170,65,328,2157,0.152063,65,20,15,0,135
all,2001,171,65,334,2152,0.155204,65,23,19,0,125
all,2001,172,65,345,2160,0.159722,65,26,21,0,125
all,2001,173,65,339,2161,0.156872,65,18,14,0,120
all,2001,174,65,330,2172,0.151934,65,11,9,0,116
all,2001,175,65,332,2188,0.151737,65,19,17,0,138
all,2001,176,65,331,2188,0.15128,65,23,17,0,114
all,2001,177,65,327,2207,0.148165,65,16,14,0,130
all,2001,178,65,330,2228,0.148115,65,20,20,0,145
all,2001,179,65,329,2233,0.147335,65,18,16,0,131
all,2001,180,65,325,2228,0.145871,65,18,14,1,120
all,2001,181,65,344,2254,0.152618,65,32,27,0,154
all,2001,182,65,338,2253,0.150022,65,18,14,0,124
all,2001,183,65,334,2275,0.146813,65,20,17,0,137
all,2001,184,65,328,2255,0.145455,65,16,11,0,109
all,2001,185,65,327,2240,0.145982,65,14,13,0,108
all,2001,186,65,325,2244,0.144831,65,12,10,0,107
all,2001,187,65,320,2221,0.144079,65,12,9,0,98
all,2001,188,65,324,2220,0.145946,65,23,20,0,119
all,2001,189,65,336,2228,0.150808,65,23,19,1,122
all,2001,190,65,332,2221,0.149482,65,15,13,0,119
all,2001,191,65,330,2196,0.150273,65,13,10,0,105
all,2001,192,65,331,2198,0.150591,65,15,14,0,109
all,2001,193,65,335,2194,0.152689,65,21,15,1,118
all,2001,194,65,331,2173,0.152324,65,12,10,0,104
all,2001,195,65,332,2156,0.153989,65,20,17,0,125
all,2001,196,65,330,2150,0.153488,65,21,17,0,108
all,2001,197,65,322,2153,0.149559,65,17,14,1,115
all,2001,198,65,327,2155,0.15174,65,18,18,0,114
all,2001,199,65,328,2136,0.153558,65,18,17,1,101
all,2001,200,65,322,2145,0.150117,65,15,13,0,121
all,2001,201,65,316,2145,0.147319,65,14,11,0,115
all,2001,202,65,311,2099,0.148166,65,16,14,0,85
all,2001,203,65,310,2071,0.149686,65,18,17,0,102
all,2001,204,65,312,2092,0.14914,65,16,13,0,122
all,2001,205,65,319,2097,0.152122,65,19,17,1,123
all,2001,206,65,307,2053,0.149537,65,11,7,0,97
all,2001,207,65,301,2066,0.145692,65,12,5,0,117
all,2001,208,65,303,2036,0.148821,65,13,10,0,84
all,2001,209,65,299,2050,0.145854,65,11,9,0,128
all,2001,210,65,300,2030,0.147783,65,18,18,1,107
all,2001,211,65,295,2014,0.146475,65,16,12,0,117
all,2001,212,65,300,2049,0.146413,65,18,13,0,139
all,2001,213,65,294,2046,0.143695,65,15,12,0,113
all,2001,214,65,294,2036,0.144401,65,14,10,0,113
all,2001,215,65,288,2017,0.142786,65,16,13,0,107
all,2001,216,65,282,2041,0.138168,65,16,13,0,135
all,2001,217,65,277,2038,0.135918,65,13,13,0,115
all,2001,218,65,272,2041,0.133268,65,14,13,0,119
all,2001,219,65,284,2048,0.138672,65,18,14,0,104
all,2001,220,65,284,2049,0.138604,65,13,12,0,124
all,2001,221,65,289,2044,0.141389,65,19,17,0,115
all,2001,222,65,281,2048,0.137207,65,7,5,0,113
all,2001,223,65,297,2056,0.144455,65,30,26,0,120
all,2001,224,65,279,2047,0.136297,65,9,6,0,131
all,2001,225,65,280,2053,0.136386,65,21,21,0,127
all,2001,226,65,286,2076,0.137765,65,21,17,0,121
all,2001,227,65,290,2092,0.138623,65,15,12,0,127
all,2001,228,65,291,2094,0.138968,65,19,14,0,108
all,2001,229,65,299,2111,0.141639,65,23,22,0,135
all,2001,230,65,308,2127,0.144805,65,23,19,0,130
all,2001,231,65,316,2126,0.148636,65,21,16,0,101
all,2001,232,65,311,2152,0.144517,65,14,10,0,127
all,2001,233,65,306,2167,0.141209,65,17,16,0,118
all,2001,234,65,307,2164,0.141867,65,18,14,0,110
all,2001,235,65,305,2176,0.140165,65,12,11,0,128
all,2001,236,65,309,2198,0.140582,65,21,18,1,134
all,2001,237,65,316,2193,0.144095,65,17,15,0,103
all,2001,238,65,319,2203,0.144803,65,24,18,1,131
all,2001,239,65,341,2211,0.154229,65,32,22,0,125
all,2001,240,65,325,2208,0.147192,65,11,10,0,133
all,2001,241,65,317,2213,0.143244,65,9,7,0,116
all,2001,242,65,305,2195,0.138952,65,15,9,0,105
all,2001,243,65,303,2167,0.139825,65,16,15,0,112
all,2001,244,65,309,2179,0.141808,65,16,14,0,129
all,2001,245,65,304,2183,0.139258,65,17,16,0,105
all,2001,246,65,308,2193,0.140447,65,18,15,0,122
all,2001,247,65,310,2239,0.138455,65,17,15,0,144
all,2001,248,65,312,2234,0.13966,65,19,15,0,133
all,2001,249,65,305,2201,0.138573,65,14,14,0,104
all,2001,250,65,304,2178,0.139578,65,9,8,0,108
all,2001,251,65,310,2185,0.141876,65,23,19,0,135
all,2001,252,65,305,2184,0.139652,65,10,9,0,105
all,2001,253,65,310,2198,0.141037,65,20,16,0,119
all,2001,254,65,315,2194,0.143573,65,18,17,0,110
all,2001,255,65,314,2207,0.142275,65,18,16,0,127
all,2001,256,65,309,2209,0.139882,65,19,17,0,137
all,2001,257,65,306,2197,0.139281,65,14,13,0,105
all,2001,258,65,304,2170,0.140092,65,13,10,0,105
all,2001,259,65,304,2163,0.140546,65,16,14,0,126
all,2001,260,65,307,2143,0.143257,65,19,18,0,119
all,2001,261,65,316,2147,0.147182,65,20,17,0,110
all,2001,262,65,317,2150,0.147442,65,20,19,1,119
all,2001,263,65,323,2154,0.149954,65,26,17,1,114
all,2001,264,65,317,2138,0.148269,65,14,14,0,95
all,2001,265,65,324,2128,0.152256,65,18,18,0,125
all,2001,266,65,325,2121,0.15323,65,31,23,1,118
all,2001,267,65,324,2116,0.153119,65,20,15,1,118
all,2001,268,65,326,2095,0.155609,65,19,13,0,112
all,2001,269,65,329,2098,0.156816,65,17,15,0,131
all,2001,270,65,334,2097,0.159275,65,21,17,1,121
all,2001,271,65,331,2072,0.159749,65,17,15,0,106
all,2001,272,65,335,2064,0.162306,65,15,12,0,113
all,2001,273,65,332,2071,0.160309,65,14,12,0,103
all,2001,274,65,343,2068,0.165861,65,22,18,0,120
all,2001,275,65,352,2094,0.168099,65,20,16,0,109
all,2001,276,65,347,2074,0.16731,65,21,20,0,100
all,2001,277,65,358,2058,0.173955,65,21,18,0,101
all,2001,278,65,349,2032,0.171752,65,13,10,1,98
all,2001,279,65,327,2017,0.162122,65,10,9,0,120
all,2001,280,65,323,1985,0.16272,65,21,17,0,111
all,2001,281,65,325,1986,0.163646,65,14,14,0,110
all,2001,282,65,334,1983,0.168432,65,21,19,0,106
all,2001,283,65,327,1976,0.165486,65,18,14,0,118
all,2001,284,65,326,1970,0.165482,65,18,12,0,117
all,2001,285,65,325,1985,0.163728,65,19,14,1,122
all,2001,286,65,327,1985,0.164736,65,17,13,0,113
all,2001,287,65,328,1996,0.164329,65,20,15,0,125
all,2001,288,65,318,2025,0.157037,65,22,20,0,144
all,2001,289,65,318,2029,0.156727,65,14,12,0,106
all,2001,290,65,318,2033,0.156419,65,16,16,0,105
all,2001,291,65,322,2035,0.158231,65,18,13,0,114
all,2001,292,65,315,2023,0.155709,65,21,19,1,102
all,2001,293,65,313,2072,0.151062,65,18,14,0,141
all,2001,294,65,317,2071,0.153066,65,17,12,0,132
all,2001,295,65,314,2088,0.150383,65,17,15,0,136
all,2001,296,65,316,2103,0.150262,65,14,12,0,126
all,2001,297,65,307,2108,0.145636,65,14,13,0,111
all,2001,298,65,301,2096,0.143607,65,15,11,0,101
all,2001,299,65,294,2092,0.140535,65,10,9,0,112
all,2001,300,65,295,2104,0.140209,65,11,11,0,123
all,2001,301,65,286,2105,0.135867,65,18,15,0,133
all,2001,302,65,286,2098,0.13632,65,20,18,0,121
all,2001,303,65,290,2103,0.137898,65,16,15,0,126
all,2001,304,65,295,2114,0.139546,65,23,20,0,123
all,2001,305,65,299,2136,0.139981,65,27,22,0,144
all,2001,306,65,292,2112,0.138258,65,16,13,0,106
all,2001,307,65,288,2103,0.136947,65,18,14,0,122
all,2001,308,65,287,2080,0.137981,65,15,11,0,118
all,2001,309,65,292,2112,0.138258,65,12,10,0,115
all,2001,310,65,300,2161,0.138825,65,21,19,0,140
all,2001,311,65,301,2169,0.138774,65,17,14,0,123
all,2001,312,65,311,2197,0.141557,65,25,24,0,131
all,2001,313,65,310,2196,0.141166,65,18,12,0,132
all,2001,314,65,308,2205,0.139683,65,16,11,0,125
all,2001,315,65,313,2213,0.141437,65,20,12,0,128
all,2001,316,65,316,2234,0.14145,65,19,12,0,127
all,2001,317,65,314,2225,0.141124,65,15,12,0,122
all,2001,318,65,316,2203,0.143441,65,19,16,1,96
all,2001,319,65,315,2199,0.143247,65,17,12,1,117
all,2001,320,65,316,2167,0.145824,65,21,17,0,84
all,2001,321,65,323,2182,0.148029,65,21,15,1,118
all,2001,322,65,325,2180,0.149083,65,17,14,0,123
all,2001,323,65,327,2168,0.15083,65,20,18,0,124
all,2001,324,65,327,2177,0.150207,65,19,16,1,125
all,2001,325,65,334,2216,0.150722,65,20,14,0,141
all,2001,326,65,342,2229,0.153432,65,25,22,0,121
all,2001,327,65,329,2215,0.148533,65,8,4,0,109
all,2001,328,65,329,2204,0.149274,65,21,19,0,123
all,2001,329,65,326,2191,0.148791,65,13,13,0,113
all,2001,330,65,334,2196,0.152095,65,22,13,1,116
all,2001,331,65,335,2179,0.15374,65,16,14,0,107
all,2001,332,65,335,2172,0.154236,65,21,19,0,117
all,2001,333,65,345,2169,0.159059,65,22,15,0,113
all,2001,334,65,344,2131,0.161427,65,17,12,0,96
all,2001,335,65,344,2107,0.163265,65,17,12,0,103
all,2001,336,65,337,2108,0.159867,65,12,12,0,111
all,2001,337,65,341,2130,0.160094,65,17,14,0,119
all,2001,338,65,339,2115,0.160284,65,16,13,0,97
all,2001,339,65,342,2120,0.161321,65,22,19,0,136
all,2001,340,65,331,2130,0.155399,65,12,10,0,120
all,2001,341,65,322,2130,0.151174,65,14,9,0,113
all,2001,342,65,315,2093,0.150502,65,15,10,0,104
all,2001,343,65,324,2100,0.154286,65,23,18,0,115
all,2001,344,65,324,2084,0.15547,65,12,11,0,107
all,2001,345,65,317,2064,0.153585,65,19,18,0,108
all,2001,346,65,311,2063,0.150751,65,19,17,0,136
all,2001,347,65,317,2074,0.152845,65,18,14,0,124
all,2001,348,65,312,2070,0.150725,65,20,15,0,124
all,2001,349,65,310,2077,0.149254,65,11,9,0,107
all,2001,350,65,308,2075,0.148434,65,20,18,0,119
all,2001,351,65,312,2066,0.151016,65,23,21,0,125
all,2001,352,65,320,2066,0.154889,65,22,20,1,123
all,2001,353,65,320,2084,0.153551,65,24,22,0,130
all,2001,354,65,314,2043,0.153696,65,14,11,0,79
all,2001,355,65,314,2019,0.155523,65,14,11,0,93
all,2001,356,65,309,2009,0.153808,65,13,11,0,113
all,2001,357,65,309,2011,0.153655,65,14,13,0,108
all,2001,358,65,310,2033,0.152484,65,16,15,0,138
all,2001,359,65,316,2030,0.155665,65,16,14,0,112
all,2001,360,65,325,2047,0.158769,65,20,17,0,119
all,2001,361,65,321,2067,0.155298,65,18,15,0,110
all,2001,362,65,321,2098,0.153003,65,15,15,0,128
all,2001,363,65,332,2107,0.15757,65,19,18,0,111
all,2001,364,65,326,2099,0.155312,65,15,14,0,120
all,2001,365,65,331,2078,0.159288,65,24,20,0,106
all,2001,366,65,335,2046,0.163734,65,19,16,1,100
all,2001,367,65,335,2030,0.165025,65,23,21,0,125
all,2001,368,65,335,2041,0.164135,65,26,20,1,136
all,2001,369,65,337,2051,0.16431,65,16,15,1,118
all,2001,370,65,342,2048,0.166992,65,24,19,2,106
all,2001,371,65,333,2033,0.163797,65,14,13,0,109
all,2001,372,65,338,2057,0.164317,65,22,18,0,130
all,2001,373,65,340,2063,0.164809,65,19,13,0,125
all,2001,374,65,330,2086,0.158198,65,10,9,0,126
all,2001,375,65,322,2063,0.156083,65,13,9,0,96
all,2001,376,65,312,2073,0.150507,65,10,6,0,119
all,2001,377,65,318,2083,0.152664,65,26,20,0,122
all,2001,378,65,319,2089,0.152705,65,23,22,0,113
all,2001,379,65,326,2084,0.15643,65,23,17,1,131
all,2001,380,65,327,2079,0.157287,65,21,15,1,121
all,2001,381,65,326,2059,0.158329,65,13,11,0,104
all,2001,382,65,334,2060,0.162136,65,18,16,0,97
all,2001,383,65,327,2058,0.158892,65,12,10,0,110
all,2001,384,65,329,2078,0.158325,65,20,19,0,131
all,2001,385,65,339,2082,0.162824,65,18,16,0,105
all,2001,386,65,341,2072,0.164575,65,23,19,0,111
all,2001,387,65,338,2100,0.160952,65,18,15,1,144
all,2001,388,65,344,2111,0.162956,65,20,15,0,117
all,2001,389,65,334,2112,0.158144,65,17,15,0,121
all,2001,390,65,342,2125,0.160941,65,23,21,0,124
all,2001,391,65,348,2144,0.162313,65,23,20,0,143
all,2001,392,65,346,2132,0.162289,65,19,15,1,111
all,2001,393,65,340,2136,0.159176,65,17,13,1,129
all,2001,394,65,343,2135,0.160656,65,16,14,1,103
all,2001,395,65,337,2134,0.157919,65,15,14,0,126
all,2001,396,65,345,2153,0.160242,65,19,15,0,128
all,2001,397,65,343,2162,0.158649,65,21,18,0,128
all,2001,398,65,352,2170,0.162212,65,25,21,0,114
all,2001,399,65,357,2183,0.163536,65,20,19,0,124
all,2001,400,65,353,2173,0.162448,65,11,6,0,118
all,2001,401,65,347,2183,0.158956,65,14,12,0,124
all,2001,402,65,346,2164,0.159889,65,16,10,0,107
all,2001,403,65,340,2160,0.157407,65,14,10,0,113
all,2001,404,65,336,2145,0.156643,65,13,9,0,113
all,2001,405,65,333,2128,0.156485,65,17,14,0,102
all,2001,406,65,327,2092,0.15631,65,23,20,0,94
all,2001,407,65,333,2080,0.160096,65,21,17,0,105
all,2001,408,65,329,2078,0.158325,65,13,11,0,107
all,2001,409,65,330,2084,0.158349,65,24,23,0,131
all,2001,410,65,337,2106,0.160019,65,23,17,0,127
all,2001,411,65,334,2136,0.156367,65,21,20,0,134
all,2001,412,65,333,2146,0.155172,65,23,20,1,134
all,2001,413,65,326,2159,0.150996,65,10,9,0,125
all,2001,414,65,325,2156,0.150742,65,12,10,0,106
all,2001,415,65,332,2153,0.154203,65,19,16,0,107
all,2001,416,65,334,2136,0.156367,65,19,15,0,127
all,2001,417,65,333,2141,0.155535,65,21,18,0,116
all,2001,418,65,335,2171,0.154307,65,14,13,0,129
all,2001,419,65,327,2143,0.15259,65,16,13,1,105
all,2001,420,65,325,2149,0.151233,65,15,13,0,125
all,2001,421,65,331,2137,0.15489,65,22,15,0,108
all,2001,422,65,335,2121,0.157944,65,17,16,0,112
all,2001,423,65,330,2097,0.157368,65,16,14,0,105
all,2001,424,65,335,2119,0.158093,65,23,17,0,129
all,2001,425,65,342,2136,0.160112,65,19,16,0,121
all,2001,426,65,344,2132,0.161351,65,19,15,0,118
all,2001,427,65,336,2101,0.159924,65,16,12,0,96
all,2001,428,65,330,2104,0.156844,65,12,6,0,106
all,2001,429,65,322,2087,0.154288,65,14,13,0,106
all,2001,430,65,311,2076,0.149807,65,11,9,0,94
all,2001,431,65,306,2067,0.148041,65,17,17,0,124
all,2001,432,65,294,2056,0.142996,65,7,7,0,118
all,2001,433,65,293,2046,0.143206,65,15,14,0,105
all,2001,434,65,301,2062,0.145975,65,20,15,0,126
all,2001,435,65,291,2035,0.142998,65,15,13,0,105
all,2001,436,65,286,2028,0.141026,65,20,15,0,123
all,2001,437,65,297,2037,0.145803,65,27,25,0,126
all,2001,438,65,297,2048,0.14502,65,20,18,0,128
all,2001,439,65,288,2037,0.141384,65,13,10,0,105
all,2001,440,65,278,2044,0.136008,65,13,12,0,128
all,2001,441,65,276,2048,0.134766,65,12,9,0,115
all,2001,442,65,290,2049,0.141532,65,24,22,0,121
all,2001,443,65,284,2032,0.139764,65,12,9,0,102
all,2001,444,65,278,2021,0.137556,65,14,9,0,112
all,2001,445,65,286,2049,0.13958,65,23,21,0,130
all,2001,446,65,289,2051,0.140907,65,20,18,0,116
all,2001,447,65,285,2077,0.137217,65,14,12,0,123
all,2001,448,65,285,2085,0.136691,65,15,13,0,115
all,2001,449,65,283,2092,0.135277,65,18,15,0,123
all,2001,450,65,284,2101,0.135174,65,16,12,0,110
all,2001,451,65,287,2106,0.136277,65,21,17,0,136
all,2001,452,65,288,2112,0.136364,65,16,14,0,122
all,2001,453,65,293,2115,0.138534,65,19,14,0,109
all,2001,454,65,294,2114,0.139073,65,22,19,0,128
all,2001,455,65,290,2105,0.137767,65,17,15,0,110
all,2001,456,65,289,2099,0.137685,65,15,12,0,105
all,2001,457,65,278,2100,0.132381,65,8,8,0,126
all,2001,458,65,283,2102,0.134634,65,21,18,0,117
all,2001,459,65,292,2122,0.137606,65,19,14,0,114
all,2001,460,65,296,2126,0.139229,65,17,16,0,116
all,2001,461,65,299,2146,0.139329,65,22,20,0,137
all,2001,462,65,294,2136,0.13764,65,11,7,0,109
all,2001,463,65,285,2124,0.134181,65,11,9,0,104
all,2001,464,65,289,2145,0.134732,65,14,11,0,125
all,2001,465,65,294,2144,0.137127,65,17,13,0,105
all,2001,466,65,303,2174,0.139374,65,20,15,0,129
all,2001,467,65,309,2201,0.140391,65,25,20,0,133
all,2001,468,65,311,2238,0.138963,65,17,16,0,133
all,2001,469,65,315,2229,0.141319,65,17,14,0,115
all,2001,470,65,320,2213,0.1446,65,16,10,0,101
all,2001,471,65,327,2242,0.145852,65,21,19,0,129
all,2001,472,65,316,2227,0.141895,65,17,16,0,125
all,2001,473,65,317,2218,0.142922,65,10,8,0,99
all,2001,474,65,317,2223,0.1426,65,15,11,0,126
all,2001,475,65,313,2191,0.142857,65,17,15,0,102
all,2001,476,65,306,2192,0.139599,65,15,14,0,129
all,2001,477,65,303,2178,0.139118,65,15,15,0,116
all,2001,478,65,306,2188,0.139854,65,19,16,0,114
all,2001,479,65,297,2160,0.1375,65,10,10,0,107
all,2001,480,65,295,2169,0.136007,65,19,14,0,133
all,2001,481,65,295,2174,0.135695,65,17,15,0,126
all,2001,482,65,301,2143,0.140457,65,20,17,0,114
all,2001,483,65,301,2132,0.141182,65,15,13,0,115
all,2001,484,65,299,2132,0.140244,65,13,12,0,121
all,2001,485,65,296,2132,0.138837,65,16,12,0,122
all,2001,486,65,290,2109,0.137506,65,20,20,0,111
all,2001,487,65,287,2113,0.135826,65,17,14,0,123
all,2001,488,65,290,2117,0.136986,65,23,15,0,120
all,2001,489,65,292,2121,0.137671,65,20,17,0,120
all,2001,490,65,294,2099,0.140067,65,16,14,0,107
all,2001,491,65,293,2083,0.140663,65,17,14,0,113
all,2001,492,65,300,2083,0.144023,65,18,13,1,108
all,2001,493,65,302,2068,0.146035,65,22,20,0,108
all,2001,494,65,302,2062,0.14646,65,16,15,1,116
all,2001,495,65,303,2047,0.148021,65,14,11,2,103
all,2001,496,65,295,2072,0.142375,65,16,15,0,134
all,2001,497,65,294,2079,0.141414,65,18,15,0,111
all,2001,498,65,293,2061,0.142164,65,17,17,0,110
all,2001,499,65,297,2073,0.143271,65,15,12,0,125
all,2001,500,65,297,2064,0.143895,65,18,14,0,113
all,2001,501,65,287,2050,0.14,65,10,10,0,109
all,2001,502,65,295,2064,0.142926,65,21,18,0,120
all,2001,503,65,280,2048,0.136719,65,12,12,0,113
all,2001,504,65,278,2037,0.136475,65,11,8,0,88
all,2001,505,65,277,2032,0.136319,65,16,11,0,112
all,2001,506,65,280,2044,0.136986,65,20,19,0,122
all,2001,507,65,283,2044,0.138454,65,18,15,0,119
all,2001,508,65,297,2050,0.144878,65,23,20,2,121
all,2001,509,65,296,2062,0.14355,65,9,7,2,111
all,2001,510,65,297,2055,0.144526,65,14,10,0,114
all,2001,511,65,294,2037,0.14433,65,13,12,0,104
all,2001,512,65,293,2028,0.144477,65,15,11,0,105
all,2001,513,65,287,2012,0.142644,65,14,13,0,96
all,2001,514,65,279,2017,0.138324,65,14,11,0,122
all,2001,515,65,276,2030,0.135961,65,15,15,0,124
all,2001,516,65,271,1996,0.135772,65,14,12,0,103
all,2001,517,65,271,2017,0.134358,65,19,18,0,126
all,2001,518,65,273,2029,0.134549,65,25,18,0,120
all,2001,519,65,271,2011,0.134759,65,13,11,0,111
all,2001,520,65,275,2014,0.136544,65,17,17,0,135
all,2001,521,65,282,2041,0.138168,65,17,14,0,135
all,2001,522,65,277,2055,0.134793,65,15,15,0,120
all,2001,523,65,278,2049,0.135676,65,10,7,0,104
all,2001,524,65,284,2076,0.136802,65,20,16,0,129
all,2001,525,65,276,2065,0.133656,65,18,17,0,118
all,2001,526,65,282,2070,0.136232,65,20,16,1,120
all,2001,527,65,286,2106,0.135802,65,21,19,0,140
all,2001,528,65,290,2115,0.137116,65,23,19,0,118
all,2001,529,65,292,2118,0.137866,65,16,15,0,121
all,2001,530,65,291,2116,0.137524,65,17,17,0,123
all,2001,531,65,291,2124,0.137006,65,15,13,1,135
all,2001,532,65,299,2141,0.139654,65,18,15,0,119
all,2001,533,65,296,2131,0.138902,65,15,12,0,117
all,2001,534,65,294,2131,0.137963,65,17,14,0,111
all,2001,535,65,295,2124,0.138889,65,22,18,0,125
all,2001,536,65,313,2122,0.147502,65,25,23,0,126
all,2001,537,65,312,2115,0.147518,65,17,14,0,107
all,2001,538,65,314,2109,0.148886,65,12,9,0,121
all,2001,539,65,306,2125,0.144,65,9,8,0,125
all,2001,540,65,308,2141,0.143858,65,16,13,0,116
all,2001,541,65,300,2133,0.140647,65,13,12,0,105
all,2001,542,65,307,2127,0.144335,65,17,17,0,105
all,2001,543,65,301,2133,0.141116,65,10,9,0,122
all,2001,544,65,306,2132,0.143527,65,20,15,0,123
all,2001,545,65,309,2138,0.144528,65,20,19,0,115
all,2001,546,65,308,2155,0.142923,65,19,14,0,123
all,2001,547,65,294,2141,0.137319,65,13,12,0,102
all,2001,548,65,300,2160,0.138889,65,18,17,1,134
all,2001,549,65,299,2138,0.13985,65,16,14,0,108
all,2001,550,65,299,2161,0.138362,65,13,10,1,117
all,2001,551,65,300,2136,0.140449,65,15,12,0,102
all,2001,552,65,296,2131,0.138902,65,15,14,0,117
all,2001,553,65,297,2108,0.140892,65,18,15,0,117
all,2001,554,65,285,2078,0.137151,65,10,8,0,102
all,2001,555,65,289,2059,0.140359,65,16,14,0,118
all,2001,556,65,294,2073,0.141823,65,16,12,0,120
all,2001,557,65,296,2077,0.142513,65,23,17,0,118
all,2001,558,65,299,2091,0.142994,65,19,16,0,113
all,2001,559,65,303,2108,0.143738,65,17,17,3,117
all,2001,560,65,300,2080,0.144231,65,21,16,2,115
all,2001,561,65,303,2096,0.144561,65,20,17,0,142
all,2001,562,65,301,2095,0.143675,65,15,13,0,111
all,2001,563,65,300,2093,0.143335,65,18,13,0,115
all,2001,564,65,296,2104,0.140684,65,15,15,0,134
all,2001,565,65,304,2118,0.143532,65,19,16,0,125
all,2001,566,65,304,2098,0.1449,65,22,19,1,111
all,2001,567,65,307,2100,0.14619,65,18,9,2,120
all,2001,568,65,309,2118,0.145892,65,15,12,1,114
all,2001,569,65,302,2089,0.144567,65,14,13,0,100
all,2001,570,65,307,2101,0.146121,65,27,21,0,135
all,2001,571,65,307,2090,0.14689,65,14,11,0,109
all,2001,572,65,316,2099,0.150548,65,20,17,0,111
all,2001,573,65,306,2090,0.146411,65,13,8,0,114
all,2001,574,65,303,2060,0.147087,65,17,16,0,120
all,2001,575,65,296,2074,0.142719,65,11,8,0,118
all,2001,576,65,300,2077,0.144439,65,20,16,0,119
all,2001,577,65,301,2077,0.144921,65,12,8,0,106
all,2001,578,65,307,2097,0.1464,65,18,15,0,126
all,2001,579,65,306,2072,0.147683,65,17,15,0,101
all,2001,580,65,315,2091,0.150646,65,26,23,1,132
all,2001,581,65,322,2109,0.152679,65,22,16,1,125
all,2001,582,65,313,2106,0.148623,65,15,11,0,114
all,2001,583,65,311,2119,0.146767,65,11,10,0,122
all,2001,584,65,304,2121,0.143329,65,17,15,0,117
all,2001,585,65,308,2117,0.145489,65,22,22,0,112
all,2001,586,65,317,2117,0.14974,65,25,21,0,118
all,2001,587,65,314,2100,0.149524,65,16,14,0,109
all,2001,588,65,308,2085,0.147722,65,9,8,0,106
all,2001,589,65,317,2090,0.151675,65,21,20,0,127
all,2001,590,65,318,2103,0.151213,65,19,17,0,116
all,2001,591,65,311,2091,0.148733,65,13,11,0,114
all,2001,592,65,311,2088,0.148946,65,15,12,0,108
all,2001,593,65,308,2049,0.150317,65,15,12,0,109
all,2001,594,65,300,2034,0.147493,65,14,11,1,124
all,2001,595,65,287,1996,0.143788,65,8,7,0,93
all,2001,596,65,288,2005,0.143641,65,15,13,0,123
all,2001,597,65,295,2028,0.145464,65,18,17,0,121
all,2001,598,65,303,2054,0.147517,65,18,15,0,138
all,2001,599,65,314,2051,0.153096,65,28,27,0,123
all,2001,600,65,317,2092,0.15153,65,18,16,0,135
policy_original,2001,1,65,1277,1609,0.793661,70,1277,10,1145,85
policy_original,2001,2,65,1420,1592,0.89196,70,240,72,226,88
policy_original,2001,3,65,1583,1597,0.991234,70,245,85,235,89
policy_original,2001,4,62,1710,1869,0.914928,65,223,74,198,96
policy_original,2001,5,62,1863,1881,0.990431,65,236,90,224,96
policy_original,2001,6,62,1859,1868,0.995182,65,100,89,90,91
policy_original,2001,7,62,1877,1882,0.997343,62,99,95,84,95
policy_original,2001,8,62,1879,1884,0.997346,62,95,93,90,95
policy_original,2001,9,62,1891,1896,0.997363,62,96,92,82,96
policy_original,2001,10,62,1896,1900,0.997895,62,97,93,90,96
policy_original,2001,11,62,1895,1900,0.997368,62,95,91,85,96
policy_original,2001,12,62,1897,1901,0.997896,62,95,91,89,94
policy_original,2001,13,62,1894,1899,0.997367,62,93,89,82,94
policy_original,2001,14,62,1891,1892,0.999471,62,99,94,92,95
policy_original,2001,15,62,1873,1876,0.998401,62,96,95,88,98
policy_original,2001,16,62,1869,1875,0.9968,62,92,91,82,95
policy_original,2001,17,62,1870,1875,0.997333,62,99,96,92,98
policy_original,2001,18,62,1860,1867,0.996251,62,96,95,92,98
policy_original,2001,19,62,1864,1868,0.997859,62,95,90,83,92
policy_original,2001,20,62,1856,1867,0.994108,62,89,88,78,97
policy_original,2001,21,62,1857,1863,0.996779,62,100,94,94,96
policy_original,2001,22,62,1850,1858,0.995694,62,91,89,82,93
policy_original,2001,23,62,1850,1855,0.997305,62,101,95,88,98
policy_original,2001,24,62,1854,1859,0.99731,62,99,96,90,99
policy_original,2001,25,62,1849,1856,0.996228,62,90,87,83,92
policy_original,2001,26,62,1852,1860,0.995699,62,95,92,85,96
policy_original,2001,27,62,1822,1831,0.995085,62,88,83,82,89
policy_original,2001,28,62,1823,1830,0.996175,62,96,91,83,94
policy_original,2001,29,62,1837,1842,0.997286,62,98,94,85,97
policy_original,2001,30,62,1818,1825,0.996164,62,94,91,89,96
policy_original,2001,31,62,1831,1837,0.996734,62,98,94,86,97
policy_original,2001,32,62,1822,1828,0.996718,62,92,87,77,92
policy_original,2001,33,62,1835,1840,0.997283,62,99,96,87,98
policy_original,2001,34,62,1829,1833,0.997818,62,94,91,87,93
policy_original,2001,35,62,1829,1837,0.995645,62,90,89,79,94
policy_original,2001,36,62,1838,1842,0.997828,62,100,96,89,96
policy_original,2001,37,62,1821,1828,0.996171,62,94,93,85,97
policy_original,2001,38,62,1823,1833,0.994544,62,93,90,80,96
policy_original,2001,39,62,1818,1825,0.996164,62,99,93,88,96
policy_original,2001,40,62,1809,1816,0.996145,62,95,91,85,95
policy_original,2001,41,62,1821,1826,0.997262,62,99,94,96,97
policy_original,2001,42,62,1809,1814,0.997244,62,93,90,84,93
policy_original,2001,43,62,3642,3733,0.975623,62,1924,1922,1766,2010
policy_original,2001,44,62,3675,3701,0.992975,62,168,105,132,107
policy_original,2001,45,62,3647,3661,0.996176,62,100,89,88,90
policy_original,2001,46,62,3598,3613,0.995848,62,96,90,84,97
policy_original,2001,47,62,3541,3551,0.997184,62,91,83,81,87
policy_original,2001,48,62,3498,3509,0.996865,62,100,95,88,101
policy_original,2001,49,62,3472,3478,0.998275,62,84,78,72,79
policy_original,2001,50,62,3439,3445,0.998258,62,90,89,81,91
policy_original,2001,51,62,3360,3363,0.999108,62,89,85,72,86
policy_original,2001,52,62,3290,3298,0.997574,62,88,85,80,93
policy_original,2001,53,62,3257,3267,0.996939,62,94,88,86,96
policy_original,2001,54,62,3237,3243,0.99815,62,96,88,83,92
policy_original,2001,55,62,3185,3189,0.998746,62,101,95,95,99
policy_original,2001,56,62,3139,3144,0.99841,62,97,93,85,98
policy_original,2001,57,62,3108,3114,0.998073,62,112,109,100,113
policy_original,2001,58,62,3041,3049,0.997376,62,92,88,82,94
policy_original,2001,59,62,3014,3017,0.999006,62,98,94,91,95
policy_original,2001,60,62,2953,2960,0.997635,62,103,100,89,107
policy_original,2001,61,62,2899,2906,0.997591,62,92,87,87,92
policy_original,2001,62,62,2838,2847,0.996839,62,92,90,82,94
policy_original,2001,63,62,2781,2791,0.996417,62,103,97,92,104
policy_original,2001,64,62,2736,2743,0.997448,62,98,88,87,95
policy_original,2001,65,62,2697,2703,0.99778,62,99,96,91,98
policy_original,2001,66,62,2638,2641,0.998864,62,94,90,86,91
policy_original,2001,67,62,2607,2610,0.998851,62,104,102,93,104
policy_original,2001,68,62,2548,2554,0.997651,62,85,85,79,88
policy_original,2001,69,62,2522,2533,0.995657,62,118,114,101,123
policy_original,2001,70,62,2495,2501,0.997601,62,101,97,92,97
policy_original,2001,71,62,2437,2448,0.995507,62,82,81,73,87
policy_original,2001,72,62,2399,2410,0.995436,62,110,105,99,111
policy_original,2001,73,62,2332,2340,0.996581,62,85,79,75,82
policy_original,2001,74,62,2291,2299,0.99652,62,99,95,92,99
policy_original,2001,75,62,2233,2239,0.99732,62,86,83,76,84
policy_original,2001,76,62,2153,2162,0.995837,62,92,90,82,95
policy_original,2001,77,62,2091,2094,0.998567,62,96,90,88,91
policy_original,2001,78,62,2028,2034,0.99705,62,83,82,73,86
policy_original,2001,79,62,1972,1981,0.995457,62,103,101,89,107
policy_original,2001,80,62,1927,1937,0.994837,62,88,86,83,89
policy_original,2001,81,62,1870,1879,0.99521,62,103,98,94,103
policy_original,2001,82,62,1894,1904,0.994748,62,105,102,100,106
policy_original,2001,83,62,1874,1883,0.99522,62,92,88,85,91
policy_original,2001,84,62,1919,1931,0.993786,62,154,150,139,157
policy_original,2001,85,62,1966,1977,0.994436,62,139,136,126,140
policy_original,2001,86,62,1999,2009,0.995022,62,133,128,119,134
policy_original,2001,87,62,2025,2038,0.993621,62,126,124,121,129
policy_original,2001,88,62,2066,2079,0.993747,62,144,139,130,145
policy_original,2001,89,62,2112,2127,0.992948,62,152,148,136,154
policy_original,2001,90,62,2185,2194,0.995898,62,147,137,129,141
policy_original,2001,91,62,2192,2196,0.998179,62,113,107,102,110
policy_original,2001,92,62,2202,2212,0.995479,62,121,119,113,127
policy_original,2001,93,62,2257,2266,0.996028,62,161,154,150,160
policy_original,2001,94,62,2308,2319,0.995257,62,153,150,140,156
policy_original,2001,95,62,2317,2325,0.996559,62,125,120,110,122
policy_original,2001,96,62,2335,2342,0.997011,62,113,109,98,113
policy_original,2001,97,62,2370,2376,0.997475,62,150,146,136,149
policy_original,2001,98,62,2404,2411,0.997097,62,142,139,129,143
policy_original,2001,99,62,2411,2420,0.996281,62,136,133,124,138
policy_original,2001,100,62,2436,2447,0.995505,62,152,147,139,154
policy_original,2001,101,62,2414,2431,0.993007,62,116,114,105,123
policy_original,2001,102,62,2464,2478,0.99435,62,167,160,152,165
policy_original,2001,103,62,2500,2510,0.996016,62,147,139,133,143
policy_revised,2001,1,65,1207,1571,0.7683,72,1207,6,1053,85
policy_revised,2001,2,65,1230,1572,0.782443,70,96,12,81,86
policy_revised,2001,3,65,1232,1573,0.783217,70,72,3,69,88
policy_revised,2001,4,65,1213,1571,0.77212,70,66,6,58,92
policy_revised,2001,5,65,1197,1562,0.766325,70,68,5,62,86
policy_revised,2001,6,65,1198,1567,0.764518,70,74,7,63,88
policy_revised,2001,7,65,1186,1557,0.761721,70,74,10,62,86
policy_revised,2001,8,65,1208,1565,0.771885,70,92,4,87,87
policy_revised,2001,9,65,1214,1566,0.775223,70,85,5,76,88
policy_revised,2001,10,65,1209,1569,0.770554,70,67,7,60,88
policy_revised,2001,11,65,1215,1574,0.771919,70,77,7,69,87
policy_revised,2001,12,65,1214,1571,0.772756,70,73,10,66,81
policy_revised,2001,13,65,1213,1581,0.767236,70,75,2,70,93
policy_revised,2001,14,65,1223,1579,0.774541,70,88,6,82,86
policy_revised,2001,15,65,1223,1571,0.778485,70,80,8,70,87
policy_revised,2001,16,65,1218,1569,0.776291,70,73,6,64,89
policy_revised,2001,17,65,1214,1569,0.773741,70,75,11,64,90
policy_revised,2001,18,65,1202,1560,0.770513,70,76,7,71,89
policy_revised,2001,19,65,1209,1572,0.769084,70,79,9,68,90
policy_revised,2001,20,65,1206,1568,0.769133,70,81,11,68,91
policy_revised,2001,21,65,1214,1572,0.772265,70,77,6,70,84
policy_revised,2001,22,65,1223,1584,0.772096,70,78,8,67,90
policy_revised,2001,23,65,1229,1589,0.773442,70,79,5,72,87
policy_revised,2001,24,65,1224,1581,0.774194,70,77,3,74,87
policy_revised,2001,25,65,1227,1589,0.772184,70,72,4,65,85
policy_revised,2001,26,65,1240,1614,0.768278,70,67,5,61,89
policy_revised,2001,27,65,1237,1608,0.769279,70,73,5,64,86
policy_revised,2001,28,65,1229,1601,0.767645,70,73,3,70,85
policy_revised,2001,29,65,1247,1607,0.77598,70,85,7,72,88
policy_revised,2001,30,65,1231,1582,0.778129,70,70,5,63,76
policy_revised,2001,31,65,1235,1570,0.786624,70,91,7,85,88
policy_revised,2001,32,65,1240,1581,0.784314,70,77,8,66,91
policy_revised,2001,33,65,1229,1577,0.779328,70,72,6,64,94
policy_revised,2001,34,65,1223,1569,0.779477,70,70,12,56,83
policy_revised,2001,35,65,1202,1552,0.774485,70,67,12,53,89
policy_revised,2001,36,65,1191,1542,0.772374,70,72,7,62,88
policy_revised,2001,37,65,1194,1535,0.77785,70,88,9,82,88
policy_revised,2001,38,65,1205,1535,0.785016,70,86,8,77,85
policy_revised,2001,39,65,1178,1532,0.76893,70,51,5,46,86
policy_revised,2001,40,65,1174,1538,0.763329,70,68,4,63,90
policy_revised,2001,41,65,1175,1525,0.770492,70,81,9,68,84
policy_revised,2001,42,65,1172,1518,0.772069,70,78,8,69,87
policy_revised,2001,43,65,1177,1517,0.775873,70,85,9,75,91
policy_revised,2001,44,65,1162,1514,0.767503,70,72,5,65,93
policy_revised,2001,45,65,1160,1518,0.764163,70,70,7,62,87
policy_revised,2001,46,65,1306,3353,0.389502,70,211,145,71,1911
policy_revised,2001,47,65,1333,3307,0.403084,70,102,3,67,84
policy_revised,2001,48,65,1383,3287,0.420748,70,118,5,97,95
policy_revised,2001,49,65,1477,3221,0.458553,70,178,3,169,85
policy_revised,2001,50,65,1561,3177,0.491344,70,174,9,164,97
policy_revised,2001,51,65,2953,3128,0.944054,70,1480,25,1472,86
policy_revised,2001,52,65,2968,3092,0.959897,70,140,41,131,92
policy_revised,2001,53,62,2993,3317,0.902321,70,150,8,122,85
policy_revised,2001,54,62,2959,3267,0.905724,70,104,6,98,92
policy_revised,2001,55,62,2900,3196,0.907384,70,91,10,79,96
policy_revised,2001,56,62,2857,3144,0.908715,70,101,12,87,98
policy_revised,2001,57,62,2840,3088,0.919689,70,132,22,120,102
policy_revised,2001,58,62,2826,3050,0.926557,70,114,14,107,93
policy_revised,2001,59,62,2791,2990,0.933445,70,110,20,100,96
policy_revised,2001,60,62,2741,2952,0.928523,70,83,21,75,101
policy_revised,2001,61,62,2660,2892,0.919779,65,62,18,54,89
policy_revised,2001,62,62,2619,2850,0.918947,65,100,21,85,103
policy_revised,2001,63,62,2622,2823,0.928799,64,114,22,99,88
policy_revised,2001,64,62,2602,2763,0.94173,64,117,32,112,86
policy_revised,2001,65,62,2597,2691,0.965069,62,150,44,138,88
policy_revised,2001,66,62,2558,2629,0.972994,62,126,74,116,104
policy_revised,2001,67,62,2541,2578,0.985648,62,111,66,105,81
policy_revised,2001,68,62,2510,2527,0.993273,62,101,72,90,82
policy_revised,2001,69,62,2448,2481,0.986699,62,91,88,82,107
policy_revised,2001,70,62,2389,2424,0.985561,62,97,87,93,99
policy_revised,2001,71,62,2341,2382,0.982788,62,85,75,72,93
policy_revised,2001,72,62,2269,2324,0.976334,62,89,76,81,104
policy_revised,2001,73,62,2228,2277,0.97848,62,107,86,94,102
policy_revised,2001,74,62,2174,2210,0.98371,62,98,68,92,85
policy_revised,2001,75,62,2134,2167,0.984772,62,106,81,96,104
policy_revised,2001,76,62,2046,2108,0.970588,62,69,62,60,99
policy_revised,2001,77,62,1966,2061,0.953906,62,76,66,67,111
policy_revised,2001,78,62,1884,2022,0.931751,62,62,54,50,107
policy_revised,2001,79,62,1782,1974,0.902736,62,45,26,40,102
policy_revised,2001,80,62,1670,1908,0.875262,62,37,15,31,91
policy_revised,2001,81,62,1643,1860,0.883333,62,107,17,95,93
policy_revised,2001,82,62,1621,1847,0.877639,62,78,16,64,89
policy_revised,2001,83,62,1621,1869,0.867309,62,82,20,71,106
policy_revised,2001,84,62,1599,1931,0.828068,62,56,19,43,147
policy_revised,2001,85,62,1608,1982,0.811302,62,92,13,78,141
policy_revised,2001,86,62,1631,2039,0.799902,62,104,14,91,147
policy_revised,2001,87,62,1640,2077,0.7896,62,92,16,76,129
policy_revised,2001,88,62,1597,2105,0.75867,62,42,3,36,124
policy_revised,2001,89,62,1617,2136,0.757022,65,112,11,96,136
policy_revised,2001,90,62,1654,2149,0.76966,65,130,9,118,118
policy_revised,2001,91,62,1733,2214,0.782746,65,154,13,140,157
policy_revised,2001,92,62,1777,2272,0.78213,65,127,8,116,151
policy_revised,2001,93,62,1811,2290,0.79083,65,137,15,118,139
policy_revised,2001,94,62,1832,2307,0.794105,65,122,11,106,129
policy_revised,2001,95,62,1859,2320,0.801293,65,131,13,116,132
policy_revised,2001,96,62,1854,2365,0.783932,66,79,15,64,138
policy_revised,2001,97,62,1849,2424,0.762789,66,89,15,67,166
policy_revised,2001,98,62,1861,2461,0.756197,66,101,14,87,145
policy_revised,2001,99,62,1916,2513,0.762435,66,139,14,121,153
policy_revised,2001,100,62,1960,2524,0.776545,66,148,10,138,132
policy_revised,2001,101,62,1946,2553,0.762241,66,96,9,83,152
policy_revised,2001,102,62,1903,2575,0.739029,66,60,8,48,139
policy_revised,2001,103,62,1899,2592,0.732639,66,111,16,93,151
policy_revised,2001,104,62,1895,2624,0.72218,66,86,4,77,143
policy_revised,2001,105,62,1949,2615,0.745315,67,155,12,137,115
policy_revised,2001,106,62,2045,2638,0.775208,67,197,11,186,145
policy_revised,2001,107,62,2109,2650,0.795849,67,186,11,173,151
policy_revised,2001,108,62,2151,2681,0.802313,67,162,15,147,169
policy_revised,2001,109,62,2165,2704,0.800666,67,114,13,101,131
policy_revised,2001,110,62,2200,2705,0.813309,67,150,10,137,131
policy_revised,2001,111,62,2172,2722,0.797943,67,93,11,83,148
policy_revised,2001,112,62,2144,2728,0.785924,66,106,12,90,155
policy_revised,2001,113,62,2162,2734,0.790783,66,131,12,115,139
policy_revised,2001,114,62,2197,2750,0.798909,66,160,13,146,160
policy_revised,2001,115,62,2233,2770,0.806137,66,144,18,124,153
policy_revised,2001,116,62,2201,2795,0.787478,66,77,9,62,147
policy_revised,2001,117,62,2141,2813,0.761109,66,54,9,40,146
policy_revised,2001,118,62,2179,2807,0.776274,66,175,11,162,157
policy_revised,2001,119,62,2245,2825,0.79469,66,178,15,162,154
policy_revised,2001,120,62,2268,2837,0.799436,66,137,8,125,146
policy_revised,2001,121,62,2268,2838,0.799154,66,131,11,119,145
policy_revised,2001,122,62,2284,2853,0.800561,66,142,18,119,155
policy_revised,2001,123,62,2293,2848,0.805126,66,137,12,123,139
policy_revised,2001,124,62,2259,2803,0.805922,66,107,10,95,105
policy_revised,2001,125,62,2284,2746,0.831755,66,152,4,144,85
policy_revised,2001,126,62,2261,2698,0.838028,67,102,7,93,91
policy_revised,2001,127,62,2264,2654,0.853052,67,125,9,116,91
policy_revised,2001,128,62,2243,2616,0.857416,67,98,6,89,94
policy_revised,2001,129,62,2223,2573,0.863972,67,104,7,95,92
policy_revised,2001,130,62,2196,2525,0.869703,67,105,8,97,94
policy_revised,2001,131,62,2125,2476,0.858239,67,74,6,66,106
policy_revised,2001,132,62,2081,2436,0.854269,67,84,4,79,102
policy_revised,2001,133,62,2014,2390,0.842678,67,64,9,51,94
policy_revised,2001,134,62,1913,2313,0.827064,66,60,10,51,97
policy_revised,2001,135,62,1869,2301,0.812256,66,78,9,65,124
policy_revised,2001,136,62,1857,2308,0.804593,66,82,14,64,115
policy_revised,2001,137,62,1886,2308,0.817158,66,136,5,128,117
policy_revised,2001,138,62,1855,2269,0.817541,66,89,5,80,92
policy_revised,2001,139,62,1866,2249,0.829702,66,131,8,117,108
policy_revised,2001,140,62,1846,2233,0.826691,66,93,5,83,105
policy_revised,2001,141,62,1841,2204,0.835299,66,108,7,99,100
policy_revised,2001,142,62,1845,2208,0.835598,66,109,10,101,119
policy_revised,2001,143,62,1826,2202,0.829246,66,91,8,84,117
policy_revised,2001,144,62,1789,2202,0.812443,66,74,14,58,122
policy_revised,2001,145,62,1745,2212,0.788879,66,60,12,47,125
policy_revised,2001,146,62,1666,2195,0.758998,66,35,11,19,110
policy_revised,2001,147,62,1625,2203,0.737631,66,57,17,36,119
policy_revised,2001,148,62,1658,2225,0.745169,66,124,11,109,127
policy_revised,2001,149,62,1657,2237,0.740724,66,111,6,100,138
policy_revised,2001,150,62,1709,2258,0.756864,67,155,7,144,141
policy_revised,2001,151,62,1720,2253,0.763427,67,113,7,100,109
policy_revised,2001,152,62,1739,2268,0.766755,67,115,12,103,127
policy_revised_fixed100,2001,1,65,1207,1571,0.7683,72,1207,6,1053,85
policy_revised_fixed100,2001,2,65,1230,1572,0.782443,70,96,12,81,86
policy_revised_fixed100,2001,3,65,1232,1573,0.783217,70,72,3,69,88
policy_revised_fixed100,2001,4,65,1213,1571,0.77212,70,66,6,58,92
policy_revised_fixed100,2001,5,65,1197,1562,0.766325,70,68,5,62,86
policy_revised_fixed100,2001,6,65,1198,1567,0.764518,70,74,7,63,88
policy_revised_fixed100,2001,7,65,1186,1557,0.761721,70,74,10,62,86
policy_revised_fixed100,2001,8,65,1208,1565,0.771885,70,92,4,87,87
policy_revised_fixed100,2001,9,65,1214,1566,0.775223,70,85,5,76,88
policy_revised_fixed100,2001,10,65,1209,1569,0.770554,70,67,7,60,88
policy_revised_fixed100,2001,11,65,1215,1574,0.771919,70,77,7,69,87
policy_revised_fixed100,2001,12,65,1214,1571,0.772756,70,73,10,66,81
policy_revised_fixed100,2001,13,65,1213,1581,0.767236,70,75,2,70,93
policy_revised_fixed100,2001,14,65,1223,1579,0.774541,70,88,6,82,86
policy_revised_fixed100,2001,15,65,1223,1571,0.778485,70,80,8,70,87
policy_revised_fixed100,2001,16,65,1218,1569,0.776291,70,73,6,64,89
policy_revised_fixed100,2001,17,65,1214,1569,0.773741,70,75,11,64,90
policy_revised_fixed100,2001,18,65,1202,1560,0.770513,70,76,7,71,89
policy_revised_fixed100,2001,19,65,1209,1572,0.769084,70,79,9,68,90
policy_revised_fixed100,2001,20,65,1206,1568,0.769133,70,81,11,68,91
policy_revised_fixed100,2001,21,65,1214,1572,0.772265,70,77,6,70,84
policy_revised_fixed100,2001,22,65,1223,1584,0.772096,70,78,8,67,90
policy_revised_fixed100,2001,23,65,1229,1589,0.773442,70,79,5,72,87
policy_revised_fixed100,2001,24,65,1224,1581,0.774194,70,77,3,74,87
policy_revised_fixed100,2001,25,65,1227,1589,0.772184,70,72,4,65,85
policy_revised_fixed100,2001,26,65,1240,1614,0.768278,70,67,5,61,89
policy_revised_fixed100,2001,27,65,1237,1608,0.769279,70,73,5,64,86
policy_revised_fixed100,2001,28,65,1229,1601,0.767645,70,73,3,70,85
policy_revised_fixed100,2001,29,65,1247,1607,0.77598,70,85,7,72,88
policy_revised_fixed100,2001,30,65,1231,1582,0.778129,70,70,5,63,76
policy_revised_fixed100,2001,31,65,1235,1570,0.786624,70,91,7,85,88
policy_revised_fixed100,2001,32,65,1240,1581,0.784314,70,77,8,66,91
policy_revised_fixed100,2001,33,65,1229,1577,0.779328,70,72,6,64,94
policy_revised_fixed100,2001,34,65,1223,1569,0.779477,70,70,12,56,83
policy_revised_fixed100,2001,35,65,1202,1552,0.774485,70,67,12,53,89
policy_revised_fixed100,2001,36,65,1191,1542,0.772374,70,72,7,62,88
policy_revised_fixed100,2001,37,65,1194,1535,0.77785,70,88,9,82,88
policy_revised_fixed100,2001,38,65,1205,1535,0.785016,70,86,8,77,85
policy_revised_fixed100,2001,39,65,1178,1532,0.76893,70,51,5,46,86
policy_revised_fixed100,2001,40,65,1174,1538,0.763329,70,68,4,63,90
policy_revised_fixed100,2001,41,65,1175,1525,0.770492,70,81,9,68,84
policy_revised_fixed100,2001,42,65,1172,1518,0.772069,70,78,8,69,87
policy_revised_fixed100,2001,43,65,1177,1517,0.775873,70,85,9,75,91
policy_revised_fixed100,2001,44,65,1162,1514,0.767503,70,72,5,65,93
policy_revised_fixed100,2001,45,65,1160,1518,0.764163,70,70,7,62,87
policy_revised_fixed100,2001,46,65,1306,3353,0.389502,70,211,145,71,1911
policy_revised_fixed100,2001,47,65,1333,3307,0.403084,70,102,3,67,84
policy_revised_fixed100,2001,48,65,1383,3287,0.420748,70,118,5,97,95
policy_revised_fixed100,2001,49,65,1477,3221,0.458553,70,178,3,169,85
policy_revised_fixed100,2001,50,65,1561,3177,0.491344,70,174,9,164,97
policy_revised_fixed100,2001,51,65,2953,3128,0.944054,70,1480,25,1472,86
policy_revised_fixed100,2001,52,65,2968,3092,0.959897,70,140,41,131,92
policy_revised_fixed100,2001,53,65,2960,3045,0.972085,70,117,47,109,81
policy_revised_fixed100,2001,54,65,2937,2996,0.980307,70,115,61,109,90
policy_revised_fixed100,2001,55,65,2877,2937,0.979571,70,90,56,84,95
policy_revised_fixed100,2001,56,65,2818,2867,0.982909,70,86,60,74,76
policy_revised_fixed100,2001,57,65,2745,2805,0.97861,70,74,58,68,86
policy_revised_fixed100,2001,58,65,2738,2768,0.989162,70,115,77,105,86
policy_revised_fixed100,2001,59,65,2679,2708,0.989291,70,81,66,72,85
policy_revised_fixed100,2001,60,65,2644,2670,0.990262,70,91,72,79,89
policy_revised_fixed100,2001,61,65,2600,2618,0.993125,65,92,77,84,85
policy_revised_fixed100,2001,62,65,2556,2564,0.99688,65,95,82,90,86
policy_revised_fixed100,2001,63,65,2541,2548,0.997253,65,94,88,85,94
policy_revised_fixed100,2001,64,65,2479,2495,0.993587,65,78,72,71,87
policy_revised_fixed100,2001,65,65,2417,2436,0.9922,65,92,86,78,96
policy_revised_fixed100,2001,66,65,2334,2354,0.991504,65,78,70,66,81
policy_revised_fixed100,2001,67,65,2282,2312,0.987024,65,73,70,65,83
policy_revised_fixed100,2001,68,65,2225,2267,0.981473,65,68,63,61,82
policy_revised_fixed100,2001,69,65,2185,2218,0.985122,65,103,80,93,94
policy_revised_fixed100,2001,70,65,2120,2142,0.989729,65,85,62,77,75
policy_revised_fixed100,2001,71,65,2070,2092,0.989484,65,75,64,66,75
policy_revised_fixed100,2001,72,65,2021,2038,0.991658,65,102,88,92,97
policy_revised_fixed100,2001,73,65,1970,1986,0.991944,65,90,81,86,89
policy_revised_fixed100,2001,74,65,1908,1929,0.989114,65,79,69,68,84
policy_revised_fixed100,2001,75,65,1863,1885,0.988329,65,94,79,88,96
policy_revised_fixed100,2001,76,65,1799,1827,0.984674,65,82,73,70,90
policy_revised_fixed100,2001,77,65,1731,1757,0.985202,65,81,65,76,79
policy_revised_fixed100,2001,78,65,1682,1713,0.981903,65,85,72,78,91
policy_revised_fixed100,2001,79,65,1617,1662,0.972924,65,76,67,66,90
policy_revised_fixed100,2001,80,65,1554,1619,0.959852,65,82,75,74,104
policy_revised_fixed100,2001,81,65,1493,1580,0.944937,65,66,51,60,93
policy_revised_fixed100,2001,82,65,1494,1579,0.946168,65,94,50,89,95
policy_revised_fixed100,2001,83,65,1522,1587,0.959042,65,105,61,96,87
policy_revised_fixed100,2001,84,65,1536,1596,0.962406,65,89,60,79,86
policy_revised_fixed100,2001,85,65,1540,1597,0.964308,65,83,49,73,81
policy_revised_fixed100,2001,86,65,1554,1611,0.964618,65,94,57,84,97
policy_revised_fixed100,2001,87,65,1571,1668,0.941847,65,96,81,82,136
policy_revised_fixed100,2001,88,65,1558,1718,0.906868,65,71,46,60,135
policy_revised_fixed100,2001,89,65,1525,1756,0.868451,65,60,37,48,135
policy_revised_fixed100,2001,90,65,1536,1781,0.862437,65,102,34,88,122
policy_revised_fixed100,2001,91,65,1643,1813,0.906233,65,180,41,169,112
policy_revised_fixed100,2001,92,65,1736,1855,0.935849,65,173,70,159,125
policy_revised_fixed100,2001,93,65,1784,1862,0.95811,65,149,81,138,112
policy_revised_fixed100,2001,94,65,1836,1901,0.965807,65,149,104,139,137
policy_revised_fixed100,2001,95,65,1838,1934,0.950362,65,108,78,94,140
policy_revised_fixed100,2001,96,65,1853,1972,0.939655,65,97,60,84,122
policy_revised_fixed100,2001,97,65,1848,1998,0.924925,65,92,53,78,124
policy_revised_fixed100,2001,98,65,1838,2024,0.908103,65,84,44,70,124
policy_revised_fixed100,2001,99,65,1863,2058,0.905248,65,110,43,98,124
policy_revised_fixed100,2001,100,65,1913,2106,0.908357,65,153,58,137,158
policy_revised_fixed100,2001,101,62,1923,2550,0.754118,65,119,10,83,151
policy_revised_fixed100,2001,102,62,1884,2573,0.732219,65,63,7,46,140
policy_revised_fixed100,2001,103,62,1891,2591,0.729834,65,121,19,96,150
policy_revised_fixed100,2001,104,62,1889,2619,0.721268,65,88,8,75,142
policy_revised_fixed100,2001,105,62,1957,2612,0.749234,65,169,10,158,115
policy_revised_fixed100,2001,106,62,2044,2643,0.773364,65,188,9,178,147
policy_revised_fixed100,2001,107,62,2062,2663,0.774315,65,136,11,123,153
policy_revised_fixed100,2001,108,62,2097,2690,0.779554,67,153,8,135,167
policy_revised_fixed100,2001,109,62,2165,2700,0.801852,67,168,6,160,121
policy_revised_fixed100,2001,110,62,2242,2703,0.829449,67,190,15,177,134
policy_revised_fixed100,2001,111,62,2226,2708,0.822009,67,109,13,92,148
policy_revised_fixed100,2001,112,62,2182,2716,0.803387,66,95,12,84,157
policy_revised_fixed100,2001,113,62,2171,2716,0.799337,66,106,10,92,139
policy_revised_fixed100,2001,114,62,2142,2742,0.781182,66,91,8,77,161
policy_revised_fixed100,2001,115,62,2156,2772,0.777778,66,123,19,99,149
policy_revised_fixed100,2001,116,62,2250,2796,0.804721,66,200,13,187,148
policy_revised_fixed100,2001,117,62,2274,2822,0.805811,66,137,12,119,148
policy_revised_fixed100,2001,118,62,2262,2831,0.799011,66,121,13,105,157
policy_revised_fixed100,2001,119,62,2284,2857,0.79944,66,139,12,126,155
policy_revised_fixed100,2001,120,62,2362,2867,0.823858,66,191,13,177,141
policy_revised_fixed100,2001,121,62,2406,2879,0.835707,66,163,10,153,146
policy_revised_fixed100,2001,122,62,2424,2884,0.840499,66,157,18,145,154
policy_revised_fixed100,2001,123,62,2421,2874,0.84238,66,126,12,114,135
policy_revised_fixed100,2001,124,62,2428,2819,0.861298,66,149,9,141,103
policy_revised_fixed100,2001,125,62,2462,2782,0.884975,66,146,16,134,89
policy_revised_fixed100,2001,126,62,2424,2710,0.894465,65,114,13,106,89
policy_revised_fixed100,2001,127,62,2418,2644,0.914523,65,146,16,136,92
policy_revised_fixed100,2001,128,62,2407,2617,0.919755,65,104,15,101,94
policy_revised_fixed100,2001,129,62,2329,2553,0.91226,65,70,15,62,93
policy_revised_fixed100,2001,130,62,2272,2520,0.901587,65,65,10,55,96
policy_revised_fixed100,2001,131,62,2173,2471,0.879401,65,55,9,46,110
policy_revised_fixed100,2001,132,62,2092,2442,0.856675,65,48,9,39,107
policy_revised_fixed100,2001,133,62,2068,2412,0.85738,65,93,13,77,94
policy_revised_fixed100,2001,134,62,2007,2352,0.853316,65,84,7,77,98
policy_revised_fixed100,2001,135,62,2002,2342,0.854825,66,120,13,105,126
policy_revised_fixed100,2001,136,62,1942,2330,0.833476,66,57,8,47,115
policy_revised_fixed100,2001,137,62,1958,2327,0.841427,66,129,10,118,121
policy_revised_fixed100,2001,138,62,1954,2305,0.847722,66,104,11,90,97
policy_revised_fixed100,2001,139,62,1942,2274,0.854002,66,116,20,100,108
policy_revised_fixed100,2001,140,62,1939,2258,0.858725,66,105,13,95,109
policy_revised_fixed100,2001,141,62,1914,2231,0.857911,66,94,10,85,100
policy_revised_fixed100,2001,142,62,1924,2234,0.861235,66,126,21,112,124
policy_revised_fixed100,2001,143,62,1951,2234,0.873321,66,143,33,116,123
policy_revised_fixed100,2001,144,62,1949,2243,0.868926,65,97,18,88,117
policy_revised_fixed100,2001,145,62,1927,2241,0.859884,65,97,13,87,126
policy_revised_fixed100,2001,146,62,1889,2225,0.848989,65,82,21,66,114
policy_revised_fixed100,2001,147,62,1887,2224,0.848471,65,111,16,97,119
policy_revised_fixed100,2001,148,62,1848,2227,0.829816,65,68,9,58,116
policy_revised_fixed100,2001,149,62,1856,2233,0.831169,65,119,10,109,129
policy_revised_fixed100,2001,150,62,1837,2226,0.825247,65,113,15,99,137
policy_revised_fixed100,2001,151,62,1894,2233,0.848186,65,157,16,144,117
policy_revised_fixed100,2001,152,62,1894,2235,0.847427,65,115,15,98,126
policy_revised_fixed100,2001,153,62,1942,2268,0.856261,65,149,17,136,146
policy_revised_fixed100,2001,154,62,1951,2306,0.846054,65,114,11,107,147
policy_revised_fixed100,2001,155,62,1964,2324,0.845095,65,124,18,109,138
policy_revised_fixed100,2001,156,62,2012,2366,0.85038,65,135,22,122,142
policy_revised_fixed100,2001,157,62,2119,2361,0.897501,65,219,38,204,114
policy_revised_fixed100,2001,158,62,2156,2386,0.903604,65,130,34,115,121
policy_revised_fixed100,2001,159,62,2129,2380,0.894538,64,91,27,81,121
policy_revised_fixed100,2001,160,62,2128,2422,0.878613,64,94,30,77,146
policy_revised_fixed100,2001,161,62,2113,2429,0.869905,64,103,17,89,133
policy_revised_fixed100,2001,162,62,2123,2423,0.876187,64,138,22,123,133
policy_revised_fixed100,2001,163,62,2171,2451,0.885761,64,150,33,135,137
policy_revised_fixed100,2001,164,62,2155,2492,0.864767,64,88,27,72,151
policy_revised_fixed100,2001,165,62,2193,2528,0.867484,64,144,32,124,149
policy_revised_fixed100,2001,166,62,2210,2556,0.864632,62,124,25,112,151
policy_revised_fixed100,2001,167,62,2271,2558,0.887803,62,172,32,156,123
policy_revised_fixed100,2001,168,62,2273,2589,0.877945,62,123,35,103,160
policy_revised_fixed100,2001,169,62,2297,2607,0.881089,62,144,38,126,149
policy_revised_fixed100,2001,170,62,2327,2610,0.891571,64,140,29,128,123
policy_revised_fixed100,2001,171,62,2390,2643,0.904275,62,179,52,162,156
policy_revised_fixed100,2001,172,62,2439,2654,0.91899,62,160,44,149,128
policy_revised_fixed100,2001,173,62,2465,2677,0.920807,62,145,52,123,146
policy_revised_fixed100,2001,174,62,2517,2689,0.936036,62,173,62,155,138
policy_revised_fixed100,2001,175,62,2510,2665,0.941839,62,134,52,124,122
policy_revised_fixed100,2001,176,62,2501,2695,0.928015,62,103,55,90,148
policy_revised_fixed100,2001,177,62,2424,2688,0.901786,62,55,31,45,131
policy_revised_fixed100,2001,178,62,2314,2667,0.867642,62,28,15,18,129
policy_revised_fixed100,2001,179,62,2199,2645,0.83138,62,16,10,2,116
policy_revised_fixed100,2001,180,62,2224,2630,0.845627,62,145,4,137,113
policy_revised_fixed100,2001,181,62,2237,2652,0.843514,62,122,16,107,143
policy_revised_fixed100,2001,182,62,2272,2632,0.863222,62,166,13,154,124
policy_revised_fixed100,2001,183,62,2265,2609,0.868149,62,126,18,113,128
policy_revised_fixed100,2001,184,62,2231,2598,0.858737,62,89,13,76,120
policy_revised_fixed100,2001,185,62,2160,2581,0.836885,62,57,10,48,121
policy_revised_fixed100,2001,186,62,2080,2566,0.8106,65,40,7,30,113
policy_revised_fixed100,2001,187,62,2070,2564,0.807332,66,103,9,95,123
policy_revised_fixed100,2001,188,62,2019,2553,0.790834,65,70,13,56,132
policy_revised_fixed100,2001,189,62,2052,2533,0.810107,66,163,8,151,120
policy_revised_fixed100,2001,190,62,2051,2518,0.814535,66,121,11,104,120
policy_revised_fixed100,2001,191,62,2069,2502,0.826938,66,145,13,135,129
policy_revised_fixed100,2001,192,62,2060,2514,0.819411,66,115,5,108,146
policy_revised_fixed100,2001,193,62,2089,2493,0.837946,66,141,14,126,110
policy_revised_fixed100,2001,194,62,2100,2481,0.846433,65,137,10,129,124
policy_revised_fixed100,2001,195,62,2103,2473,0.850384,65,113,4,107,109
policy_revised_fixed100,2001,196,62,2109,2451,0.860465,65,128,14,115,109
policy_revised_fixed100,2001,197,62,2104,2435,0.864066,65,121,10,111,121
policy_revised_fixed100,2001,198,62,2102,2410,0.872199,65,116,14,102,100
policy_revised_fixed100,2001,199,62,2148,2410,0.891286,65,166,34,155,125
policy_revised_fixed100,2001,200,62,2222,2387,0.930876,65,185,44,175,97
