case,seed,horizon,switch,previous_tick_mode_at_switch,first95,first99,first100,dips95,dips99,dips100,sustained65,sustained62_post,proxy_new,group_a,group_b,final_share,final_mode,imitator_events
policy_ae_0.01_auto,1001,103,3,70,5,6,,0,1,0,,12,2,3,3,0.9938342967244701,62,13539
policy_ae_0.01_auto,1002,104,4,70,6,6,,0,1,0,,12,2,4,4,0.9961119751166407,62,13631
policy_ae_0.01_auto,1003,103,3,70,5,6,,0,1,0,,13,2,3,3,0.9949534161490683,62,13500
policy_ae_0.01_auto,1004,103,3,70,5,5,,0,1,0,,12,2,3,3,0.9942263279445728,62,13498
policy_ae_0.01_auto,1005,103,3,70,5,6,,0,1,0,,12,2,3,3,0.9984939759036144,62,13611
policy_ae_0.01_auto,1006,103,3,70,5,5,,0,1,0,,12,2,3,3,0.9967624443545123,62,13521
policy_ae_0.01_auto,1007,103,3,70,5,5,,0,1,0,,12,2,3,3,0.9946112394149346,62,13557
policy_ae_0.01_auto,1008,103,3,70,5,5,,0,2,0,,12,2,3,3,0.9961104628549202,62,13490
policy_ae_0.01_auto,1009,103,3,70,5,6,,0,1,0,,12,2,3,3,0.9962135554714123,62,13567
policy_ae_0.01_auto,1010,104,4,70,6,6,24,0,1,80,,13,2,4,4,0.9977477477477478,62,13767
policy_ae_0.01_auto,1011,103,3,70,5,6,,0,1,0,,13,2,3,3,0.9934057408844065,62,13524
policy_ae_0.01_auto,1012,103,3,70,5,6,,0,1,0,,12,2,3,3,0.9949631925610228,62,13439
policy_ae_0.01_auto,1013,104,4,70,6,6,,0,1,0,,13,2,4,4,0.9981174698795181,62,13808
policy_ae_0.01_auto,1014,103,3,70,5,6,,0,1,0,,12,2,3,3,0.9957676029242016,62,13566
policy_ae_0.01_auto,1015,103,3,70,5,6,,0,2,0,,13,2,3,3,0.9964994165694282,62,13509
policy_ae_0.01_auto,1016,103,3,70,5,5,,0,1,0,,12,2,3,3,0.9950057625816365,62,13522
policy_ae_0.01_auto,1017,103,3,70,5,6,,0,1,0,,12,2,3,3,0.9968944099378882,62,13575
policy_ae_0.01_auto,1018,103,3,70,5,6,,0,1,0,,13,2,3,3,0.9992233009708738,62,13552
policy_ae_0.01_auto,1019,103,3,70,5,6,,0,1,0,,13,2,3,3,0.9961210240496509,62,13553
policy_ae_0.01_auto,1020,104,4,70,6,7,,0,1,0,,13,2,4,4,0.995357833655706,62,13595
policy_ae_0.01_auto,1021,103,3,70,5,6,,0,1,0,,13,2,3,3,0.9965224111282844,62,13596
policy_ae_0.01_auto,1022,103,3,70,5,6,,0,1,0,,12,2,3,3,0.9956794972505891,62,13456
policy_ae_0.01_auto,1023,103,3,70,5,5,,0,1,0,,12,2,3,3,0.9973025048169557,62,13549
policy_ae_0.01_auto,1024,103,3,70,5,6,,0,1,0,,13,2,3,3,0.9964566929133858,62,13449
policy_ae_0.01_auto,1025,103,3,70,5,5,,0,1,0,,12,2,3,3,0.9988439306358381,62,13586
policy_ae_0.01_auto,1026,103,3,70,5,6,,0,1,0,,13,2,3,3,0.9976479811838495,62,13598
policy_ae_0.01_auto,1027,104,4,70,6,6,,0,2,0,,13,2,4,4,0.9962164207340144,62,13652
policy_ae_0.01_auto,1028,103,3,70,5,6,16,0,1,87,,12,2,3,3,0.9960676366496264,62,13549
policy_ae_0.01_auto,1029,103,3,70,5,6,11,0,1,92,,13,2,3,3,0.9953088350273651,62,13516
policy_ae_0.01_auto,1030,103,3,70,5,5,,0,1,0,,12,2,3,3,0.9941451990632318,62,13508
policy_ae_0.01_auto,1031,103,3,70,5,5,,0,1,0,,12,2,3,3,0.993531202435312,62,13510
policy_ae_0.01_auto,1032,103,3,70,5,5,,0,2,0,,12,2,3,3,0.995323460639127,62,13552
policy_ae_0.01_auto,1033,103,3,70,5,6,,0,1,0,,12,2,3,3,0.9948879276445144,62,13540
policy_ae_0.01_auto,1034,103,3,70,5,6,68,0,1,35,,12,2,3,3,0.9957708573625529,62,13581
policy_ae_0.01_auto,1035,103,3,70,5,5,,0,1,0,,12,2,3,3,0.9976905311778291,62,13573
policy_ae_0.01_auto,1036,103,3,70,5,6,38,0,1,65,,13,2,3,3,0.9961846623426173,62,13586
policy_ae_0.01_auto,1037,103,3,70,5,6,,0,1,0,,12,2,3,3,0.9980237154150198,62,13427
policy_ae_0.01_auto,1038,104,4,70,6,7,,0,1,0,,13,2,4,4,0.9950095969289827,62,13651
policy_ae_0.01_auto,1039,103,3,70,5,5,,0,1,0,,12,2,3,3,0.9945715393563397,62,13603
policy_ae_0.01_auto,1040,103,3,70,5,5,,0,1,0,,12,2,3,3,0.9980252764612955,62,13491
policy_ae_0.01_auto,1041,103,3,70,5,6,80,0,1,23,,12,2,3,3,0.9951329090228379,62,13593
policy_ae_0.01_auto,1042,103,3,70,5,6,,0,1,0,,13,2,3,3,0.9965224111282844,62,13490
policy_ae_0.01_auto,1043,103,3,70,5,5,,0,1,0,,13,2,3,3,0.9968664316490403,62,13527
policy_ae_0.01_auto,1044,103,3,70,5,6,,0,1,0,,12,2,3,3,0.997716894977169,62,13568
policy_ae_0.01_auto,1045,103,3,70,5,6,,0,1,0,,12,2,3,3,0.9965635738831615,62,13513
policy_ae_0.01_auto,1046,103,3,70,5,6,,0,1,0,,12,2,3,3,0.9965357967667436,62,13500
policy_ae_0.01_auto,1047,104,4,70,6,7,,0,2,0,,13,2,4,4,0.996926623127161,62,13649
policy_ae_0.01_auto,1048,104,4,70,6,7,36,0,1,68,,13,2,4,4,0.9976842917792358,62,13691
policy_ae_0.01_auto,1049,103,3,70,6,6,,0,1,0,,13,3,3,3,0.9961685823754789,62,13586
policy_ae_0.01_auto,1050,103,3,70,5,5,,0,1,0,,12,2,3,3,0.9970003749531309,62,13604
policy_ae_0.01_fixed,1001,201,101,65,3,4,,1,4,0,13,15,1,3,3,0.9971228935470613,62,24464
policy_ae_0.01_fixed,1002,201,101,65,4,4,,1,3,0,14,15,1,4,4,0.9937578027465668,62,24434
policy_ae_0.01_fixed,1003,201,101,65,3,4,,1,4,0,13,15,1,3,3,0.9966555183946488,62,24307
policy_ae_0.01_fixed,1004,201,101,65,3,4,,1,3,0,13,15,1,3,3,0.9947261663286004,62,24381
policy_ae_0.01_fixed,1005,201,101,65,3,4,34,1,3,167,13,15,1,3,3,0.9970625262274444,62,24218
policy_ae_0.01_fixed,1006,201,101,65,3,4,,1,3,0,13,15,1,3,3,0.9975379565038982,62,24310
policy_ae_0.01_fixed,1007,201,101,65,3,4,,1,3,0,13,15,1,3,3,0.9979304635761589,62,24262
policy_ae_0.01_fixed,1008,201,101,65,3,3,,1,4,0,12,15,1,3,3,0.9995850622406639,62,24408
policy_ae_0.01_fixed,1009,201,101,65,3,3,,1,4,0,13,15,1,3,3,0.9963665724666936,62,24364
policy_ae_0.01_fixed,1010,201,101,65,4,4,,1,3,0,14,15,1,4,4,0.9974789915966387,62,24436
policy_ae_0.01_fixed,1011,201,101,65,3,3,,1,4,0,12,15,1,3,3,0.9942575881870386,62,24418
policy_ae_0.01_fixed,1012,201,101,65,3,4,,1,3,0,13,15,1,3,3,0.9983851433185305,62,24325
policy_ae_0.01_fixed,1013,201,101,65,4,4,,1,3,0,13,15,1,4,4,0.9963160049119935,62,24397
policy_ae_0.01_fixed,1014,201,101,65,3,4,,1,3,0,13,15,1,3,3,0.9941715237302248,62,24391
policy_ae_0.01_fixed,1015,201,101,65,3,4,,1,3,0,13,15,1,3,3,0.9979919678714859,62,24322
policy_ae_0.01_fixed,1016,201,101,65,3,3,,1,3,0,13,15,1,3,3,0.9953859060402684,62,24296
policy_ae_0.01_fixed,1017,201,101,65,3,4,88,1,3,113,13,15,1,3,3,0.9982751185855973,62,24314
policy_ae_0.01_fixed,1018,201,101,65,3,3,,1,3,0,13,15,1,3,3,0.9946280991735538,62,24430
policy_ae_0.01_fixed,1019,201,101,65,3,3,,1,4,0,12,15,1,3,3,0.9978973927670312,62,24331
policy_ae_0.01_fixed,1020,201,101,65,4,4,,1,4,0,14,15,1,4,4,0.9971122112211221,62,24299
policy_ae_0.01_fixed,1021,201,101,65,3,3,4,1,3,197,13,15,1,3,3,0.9963023829087921,62,24378
policy_ae_0.01_fixed,1022,201,101,65,3,3,37,1,3,163,12,15,1,3,3,0.9975124378109452,62,24375
policy_ae_0.01_fixed,1023,201,101,65,3,3,,1,3,0,12,15,1,3,3,0.9975298476739399,62,24341
policy_ae_0.01_fixed,1024,201,101,65,3,3,,1,3,0,12,15,1,3,3,0.9970111016225448,62,24235
policy_ae_0.01_fixed,1025,201,101,65,3,3,,1,3,0,13,15,1,3,3,0.9970821175489787,62,24468
policy_ae_0.01_fixed,1026,201,101,65,3,3,,1,3,0,12,15,1,3,3,0.9976181024215959,62,24475
policy_ae_0.01_fixed,1027,201,101,65,4,4,,1,3,0,13,15,1,4,4,0.9971381847914963,62,24362
policy_ae_0.01_fixed,1028,201,101,65,3,4,,1,4,0,13,15,1,3,3,0.9958368026644463,62,24411
policy_ae_0.01_fixed,1029,201,101,65,3,3,,1,4,0,12,15,1,3,3,0.993607670795046,62,24479
policy_ae_0.01_fixed,1030,201,101,65,3,3,,1,4,0,12,15,1,3,3,0.9970954356846473,62,24371
policy_ae_0.01_fixed,1031,201,101,65,3,3,,1,3,0,12,15,1,3,3,0.9947089947089947,62,24439
policy_ae_0.01_fixed,1032,201,101,65,3,4,,1,4,0,13,15,1,3,3,0.9958830794565665,62,24361
policy_ae_0.01_fixed,1033,201,101,65,3,4,12,1,3,189,13,15,1,3,3,0.9970625262274444,62,24427
policy_ae_0.01_fixed,1034,201,101,65,3,3,,1,4,0,13,15,1,3,3,0.9966901117087298,62,24448
policy_ae_0.01_fixed,1035,201,101,65,3,3,,1,3,0,12,15,1,3,3,0.9975227085053675,62,24374
policy_ae_0.01_fixed,1036,201,101,65,3,3,,1,4,0,12,15,1,3,3,0.9966638865721434,62,24446
policy_ae_0.01_fixed,1037,201,101,65,3,4,45,1,3,156,13,15,1,3,3,0.9971311475409836,62,24333
policy_ae_0.01_fixed,1038,201,101,65,4,4,,1,3,0,14,15,1,4,4,0.9966358284272497,62,24345
policy_ae_0.01_fixed,1039,201,101,65,3,4,,1,4,0,13,15,1,3,3,0.9944938585345193,62,24406
policy_ae_0.01_fixed,1040,201,101,65,3,3,,1,3,0,12,15,1,3,3,0.9970772442588727,62,24423
policy_ae_0.01_fixed,1041,201,101,65,3,4,,1,3,0,13,15,1,3,3,0.9970760233918129,62,24394
policy_ae_0.01_fixed,1042,201,101,65,3,4,,1,3,0,13,15,1,3,3,0.9978668941979523,62,24325
policy_ae_0.01_fixed,1043,201,101,65,3,3,,1,4,0,12,15,1,3,3,0.9970526315789474,62,24381
policy_ae_0.01_fixed,1044,201,101,65,3,4,,1,4,0,13,15,1,3,3,0.9919389053882054,62,24311
policy_ae_0.01_fixed,1045,201,101,65,3,4,,1,3,0,13,15,1,3,3,0.9950779327317474,62,24382
policy_ae_0.01_fixed,1046,201,101,65,3,3,54,1,3,147,13,15,1,3,3,0.998326359832636,62,24342
policy_ae_0.01_fixed,1047,201,101,65,4,4,,1,3,0,13,15,1,4,4,0.997457627118644,62,24308
policy_ae_0.01_fixed,1048,201,101,65,4,4,79,1,3,122,14,15,1,4,4,0.9962624584717608,62,24448
policy_ae_0.01_fixed,1049,201,101,65,3,3,,1,3,0,13,15,1,3,3,0.9959935897435898,62,24402
policy_ae_0.01_fixed,1050,201,101,65,3,3,,1,4,0,12,15,1,3,3,0.9983157894736842,62,24308
policy_ae_0.01_sustained,1001,114,14,65,3,4,,2,4,0,13,15,2,3,3,0.9941133186166299,62,14970
policy_ae_0.01_sustained,1002,115,15,65,4,4,,2,4,0,14,15,2,4,4,0.9942999643747773,62,15102
policy_ae_0.01_sustained,1003,114,14,65,3,4,,2,4,0,13,15,2,3,3,0.9970877320713506,62,14953
policy_ae_0.01_sustained,1004,114,14,65,3,4,,2,4,0,13,15,2,3,3,0.995373665480427,62,14938
policy_ae_0.01_sustained,1005,114,14,65,3,4,,2,3,0,13,15,2,3,3,0.9941327466079941,62,14925
policy_ae_0.01_sustained,1006,114,14,65,3,4,,2,4,0,13,15,2,3,3,0.9962976675305443,62,14863
policy_ae_0.01_sustained,1007,114,14,65,3,4,,2,4,0,13,15,2,3,3,0.9959751189169411,62,14887
policy_ae_0.01_sustained,1008,113,13,65,3,3,,2,4,0,12,15,2,3,3,0.9960488505747126,62,14868
policy_ae_0.01_sustained,1009,114,14,65,3,3,21,2,4,93,13,15,2,3,3,0.9944933920704846,62,14839
policy_ae_0.01_sustained,1010,115,15,65,4,4,,2,3,0,14,15,2,4,4,0.9947877885331348,62,15109
policy_ae_0.01_sustained,1011,113,13,65,3,3,,2,3,0,12,15,2,3,3,0.9955686853766618,62,14751
policy_ae_0.01_sustained,1012,114,14,65,3,4,,2,3,0,13,15,2,3,3,0.9956803455723542,62,14864
policy_ae_0.01_sustained,1013,114,14,65,4,4,,2,3,0,13,15,2,4,4,0.9960644007155635,62,14994
policy_ae_0.01_sustained,1014,114,14,65,3,4,,2,4,0,13,15,2,3,3,0.9946371111905613,62,14970
policy_ae_0.01_sustained,1015,114,14,65,3,4,,2,5,0,13,15,2,3,3,0.9948472580051527,62,14880
policy_ae_0.01_sustained,1016,114,14,65,3,3,,2,4,0,13,15,2,3,3,0.9985657941914665,62,14893
policy_ae_0.01_sustained,1017,114,14,65,3,4,,2,3,0,13,15,2,3,3,0.9946485907955762,62,14952
policy_ae_0.01_sustained,1018,114,14,65,3,3,,2,4,0,13,15,2,3,3,0.9974847287100251,62,15004
policy_ae_0.01_sustained,1019,113,13,65,3,3,,2,3,0,12,15,2,3,3,0.9947229551451188,62,14771
policy_ae_0.01_sustained,1020,115,15,65,4,4,,2,4,0,14,15,2,4,4,0.9978471474703983,62,15036
policy_ae_0.01_sustained,1021,114,14,65,3,3,4,2,4,110,13,15,2,3,3,0.9970813571689164,62,14908
policy_ae_0.01_sustained,1022,113,13,65,3,3,,2,4,0,12,15,2,3,3,0.9956379498364231,62,14738
policy_ae_0.01_sustained,1023,113,13,65,3,3,,2,4,0,12,15,2,3,3,0.9945434703528556,62,14808
policy_ae_0.01_sustained,1024,113,13,65,3,3,,2,4,0,12,15,2,3,3,0.9964002879769619,62,14740
policy_ae_0.01_sustained,1025,114,14,65,3,3,,2,3,0,13,15,2,3,3,0.9963450292397661,62,15008
policy_ae_0.01_sustained,1026,113,13,65,3,3,,2,3,0,12,15,2,3,3,0.9967868618350589,62,14866
policy_ae_0.01_sustained,1027,114,14,65,4,4,,2,4,0,13,15,2,4,4,0.996716526815031,62,14912
policy_ae_0.01_sustained,1028,114,14,65,3,4,,2,3,0,13,15,2,3,3,0.996065808297568,62,14985
policy_ae_0.01_sustained,1029,113,13,65,3,3,,2,4,0,12,15,2,3,3,0.9960672148730783,62,14860
policy_ae_0.01_sustained,1030,113,13,65,3,3,,2,4,0,12,15,2,3,3,0.99635435654393,62,14757
policy_ae_0.01_sustained,1031,113,13,65,3,3,,2,4,0,12,15,2,3,3,0.9967765042979942,62,14826
policy_ae_0.01_sustained,1032,114,14,65,3,4,,2,4,0,13,15,2,3,3,0.9974563953488372,62,14952
policy_ae_0.01_sustained,1033,114,14,65,3,4,12,2,4,102,13,15,2,3,3,0.9957142857142857,62,14969
policy_ae_0.01_sustained,1034,114,14,65,3,3,,2,3,0,13,15,2,3,3,0.997558423439135,62,14990
policy_ae_0.01_sustained,1035,113,13,65,3,3,,2,4,0,12,15,2,3,3,0.9942175641488977,62,14862
policy_ae_0.01_sustained,1036,113,13,65,3,3,,2,4,0,12,15,2,3,3,0.9971098265895953,62,14881
policy_ae_0.01_sustained,1037,114,14,65,3,4,,2,4,0,13,15,2,3,3,0.9964387464387464,62,14908
policy_ae_0.01_sustained,1038,115,15,65,4,4,,2,4,0,14,15,2,4,4,0.9974293059125964,62,14971
policy_ae_0.01_sustained,1039,114,14,65,3,4,,2,3,0,13,15,2,3,3,0.9964054636951833,62,14980
policy_ae_0.01_sustained,1040,113,13,65,3,3,,2,4,0,12,15,2,3,3,0.9955719557195571,62,14848
policy_ae_0.01_sustained,1041,114,14,65,3,4,,2,4,0,13,15,2,3,3,0.9967891544773457,62,14982
policy_ae_0.01_sustained,1042,114,14,65,3,4,,2,4,0,13,15,2,3,3,0.998900293255132,62,14837
policy_ae_0.01_sustained,1043,113,13,65,3,3,,2,4,0,12,15,2,3,3,0.9956442831215971,62,14805
policy_ae_0.01_sustained,1044,114,14,65,3,4,,2,4,0,13,15,2,3,3,0.9966789667896679,62,14880
policy_ae_0.01_sustained,1045,114,14,65,3,4,,2,3,0,13,15,2,3,3,0.995985401459854,62,14936
policy_ae_0.01_sustained,1046,114,14,65,3,3,,2,3,0,13,15,2,3,3,0.9967914438502674,62,14884
policy_ae_0.01_sustained,1047,114,14,65,4,4,20,2,3,94,13,15,2,4,4,0.9964526427811281,62,14976
policy_ae_0.01_sustained,1048,115,15,65,4,4,,2,4,0,14,15,2,4,4,0.994230075730256,62,15101
policy_ae_0.01_sustained,1049,114,14,65,3,3,33,2,4,81,13,15,2,3,3,0.9960159362549801,62,14943
policy_ae_0.01_sustained,1050,113,13,65,3,3,,2,4,0,12,15,2,3,3,0.9937037037037038,62,14779
policy_ae_0.02_auto,1001,103,3,70,5,5,16,0,1,87,,12,2,3,3,0.9972549019607844,62,13433
policy_ae_0.02_auto,1002,103,3,70,5,6,,0,2,0,,12,2,3,3,0.9969088098918083,62,13374
policy_ae_0.02_auto,1003,103,3,70,5,6,,0,1,0,,13,2,3,3,0.9976842917792358,62,13395
policy_ae_0.02_auto,1004,103,3,70,5,5,,0,3,0,,12,2,3,3,0.9956930305403289,62,13380
policy_ae_0.02_auto,1005,103,3,70,5,6,,0,1,0,,12,2,3,3,0.9962135554714123,62,13393
policy_ae_0.02_auto,1006,103,3,70,5,5,,0,1,0,,12,2,3,3,0.9976571651698555,62,13344
policy_ae_0.02_auto,1007,103,3,70,5,5,,0,1,0,,12,2,3,3,0.9958317544524441,62,13435
policy_ae_0.02_auto,1008,103,3,70,5,5,,0,3,0,,12,2,3,3,0.9946666666666667,62,13352
policy_ae_0.02_auto,1009,103,3,70,5,6,,0,1,0,,12,2,3,3,0.9973118279569892,62,13446
policy_ae_0.02_auto,1010,103,3,70,5,6,,0,1,0,,12,2,3,3,0.9964622641509434,62,13504
policy_ae_0.02_auto,1011,103,3,70,5,5,,0,1,0,,13,2,3,3,0.9954389965792474,62,13385
policy_ae_0.02_auto,1012,104,4,70,6,6,,0,1,0,,13,2,4,4,0.9953757225433526,62,13446
policy_ae_0.02_auto,1013,103,3,70,5,5,,0,1,0,,12,2,3,3,0.9953488372093023,62,13453
policy_ae_0.02_auto,1014,103,3,70,5,5,,0,1,0,,12,2,3,3,0.9980791394544756,62,13459
policy_ae_0.02_auto,1015,103,3,70,5,6,,0,1,0,,12,2,3,3,0.9972878729174739,62,13391
policy_ae_0.02_auto,1016,103,3,70,5,5,,0,1,0,,12,2,3,3,0.9969016266460109,62,13375
policy_ae_0.02_auto,1017,103,3,70,5,6,34,0,1,69,,13,2,3,3,0.9953739398612182,62,13420
policy_ae_0.02_auto,1018,103,3,70,5,5,,0,1,0,,12,2,3,3,0.993428681870893,62,13426
policy_ae_0.02_auto,1019,103,3,70,5,5,,0,2,0,,12,2,3,3,0.9969407265774378,62,13410
policy_ae_0.02_auto,1020,103,3,70,5,6,,0,2,0,,12,2,3,3,0.9961119751166407,62,13297
policy_ae_0.02_auto,1021,103,3,70,5,6,,0,1,0,,13,2,3,3,0.9961656441717791,62,13429
policy_ae_0.02_auto,1022,103,3,70,5,5,,0,1,0,,12,2,3,3,0.9976617303195635,62,13324
policy_ae_0.02_auto,1023,103,3,70,5,5,,0,2,0,,12,2,3,3,0.994990366088632,62,13389
policy_ae_0.02_auto,1024,103,3,70,5,6,,0,1,0,,13,2,3,3,0.9984214680347278,62,13310
policy_ae_0.02_auto,1025,103,3,70,5,5,,0,1,0,,12,2,3,3,0.9960906958561376,62,13357
policy_ae_0.02_auto,1026,103,3,70,5,5,,0,1,0,,13,2,3,3,0.9968639749117993,62,13513
policy_ae_0.02_auto,1027,103,3,70,5,6,31,0,1,71,,12,2,3,3,0.9980747015787447,62,13391
policy_ae_0.02_auto,1028,103,3,70,5,6,,0,1,0,,13,2,3,3,0.9949139280125195,62,13418
policy_ae_0.02_auto,1029,103,3,70,5,6,,0,2,0,,13,2,3,3,0.9945461628359953,62,13361
policy_ae_0.02_auto,1030,103,3,70,5,5,,0,1,0,,12,2,3,3,0.9984478075281334,62,13427
policy_ae_0.02_auto,1031,103,3,70,5,5,,0,1,0,,12,2,3,3,0.9969183359013868,62,13320
policy_ae_0.02_auto,1032,103,3,70,5,5,,0,1,0,,12,2,3,3,0.9928172386272945,62,13429
policy_ae_0.02_auto,1033,103,3,70,5,6,,0,1,0,,12,2,3,3,0.9942396313364056,62,13365
policy_ae_0.02_auto,1034,103,3,70,5,5,,0,1,0,,12,2,3,3,0.9965224111282844,62,13415
policy_ae_0.02_auto,1035,103,3,70,5,6,16,0,1,87,,12,2,3,3,0.9965556831228473,62,13466
policy_ae_0.02_auto,1036,103,3,70,5,6,,0,2,0,,13,2,3,3,0.9957854406130269,62,13418
policy_ae_0.02_auto,1037,103,3,70,5,6,27,0,1,76,,12,2,3,3,0.9952811639795517,62,13291
policy_ae_0.02_auto,1038,103,3,70,5,6,,0,1,0,,12,2,3,3,0.9980959634424981,62,13364
policy_ae_0.02_auto,1039,103,3,70,5,5,,0,1,0,,12,2,3,3,0.9980399843198745,62,13436
policy_ae_0.02_auto,1040,103,3,70,5,5,,0,1,0,,13,2,3,3,0.9945141065830722,62,13375
policy_ae_0.02_auto,1041,103,3,70,5,5,,0,1,0,,12,2,3,3,0.995539033457249,62,13463
policy_ae_0.02_auto,1042,103,3,70,5,5,,0,1,0,,12,2,3,3,0.9954145968666412,62,13411
policy_ae_0.02_auto,1043,103,3,70,5,5,,0,1,0,,13,2,3,3,0.996607614021862,62,13453
policy_ae_0.02_auto,1044,103,3,70,5,5,,0,1,0,,12,2,3,3,0.9953757225433526,62,13411
policy_ae_0.02_auto,1045,103,3,70,5,6,,0,1,0,,12,2,3,3,0.9973097617217525,62,13361
policy_ae_0.02_auto,1046,103,3,70,5,6,22,0,1,81,,13,2,3,3,0.9972783825816485,62,13341
policy_ae_0.02_auto,1047,103,3,70,5,5,,0,1,0,,12,2,3,3,0.9941130298273155,62,13340
policy_ae_0.02_auto,1048,104,4,70,6,7,,0,1,0,,13,2,4,4,0.9942835365853658,62,13496
policy_ae_0.02_auto,1049,103,3,70,6,6,,0,1,0,,13,3,3,3,0.9968737788198515,62,13427
policy_ae_0.02_auto,1050,103,3,70,5,5,,0,1,0,,12,2,3,3,0.9969289827255279,62,13433
policy_ae_0.02_fixed,1001,201,101,65,3,4,86,1,5,115,13,15,1,3,3,0.9965782720273738,62,24059
policy_ae_0.02_fixed,1002,201,101,65,3,4,27,1,3,173,13,15,1,3,3,0.9966499162479062,62,24145
policy_ae_0.02_fixed,1003,201,101,65,3,3,18,1,3,183,12,15,1,3,3,0.9966873706004141,62,24118
policy_ae_0.02_fixed,1004,201,101,65,3,4,28,1,3,173,12,15,1,3,3,0.996196111580727,62,24036
policy_ae_0.02_fixed,1005,201,101,65,3,4,,1,4,0,12,15,1,3,3,0.9958071278825996,62,24079
policy_ae_0.02_fixed,1006,201,101,65,3,4,,1,3,0,13,15,1,3,3,0.9932318104906938,62,24050
policy_ae_0.02_fixed,1007,201,101,65,3,3,,1,4,0,13,15,1,3,3,0.9967333605553287,62,24112
policy_ae_0.02_fixed,1008,201,101,65,3,3,15,1,4,185,12,15,1,3,3,0.9974082073434125,62,24024
policy_ae_0.02_fixed,1009,201,101,65,3,3,,1,3,0,12,15,1,3,3,0.9966859983429992,62,24105
policy_ae_0.02_fixed,1010,201,101,65,3,4,,1,3,0,13,15,1,3,3,0.9950166112956811,62,24172
policy_ae_0.02_fixed,1011,201,101,65,3,3,,1,3,0,12,15,1,3,3,0.9950372208436724,62,24042
policy_ae_0.02_fixed,1012,201,101,65,4,4,23,1,3,178,13,15,1,4,4,0.9971751412429378,62,24078
policy_ae_0.02_fixed,1013,201,101,65,3,4,,1,3,0,13,15,1,3,3,0.9962484368486869,62,24063
policy_ae_0.02_fixed,1014,201,101,65,3,4,,1,3,0,13,15,1,3,3,0.9966583124477861,62,24170
policy_ae_0.02_fixed,1015,201,101,65,3,4,,1,3,0,13,15,1,3,3,0.9958437240232751,62,24107
policy_ae_0.02_fixed,1016,201,101,65,3,4,,1,3,0,13,15,1,3,3,0.9971110193974412,62,24195
policy_ae_0.02_fixed,1017,201,101,65,3,4,,1,4,0,13,15,1,3,3,0.9974736842105263,62,24209
policy_ae_0.02_fixed,1018,201,101,65,3,3,,1,4,0,12,15,1,3,3,0.997919267582189,62,24161
policy_ae_0.02_fixed,1019,201,101,65,3,3,,1,4,0,12,15,1,3,3,0.9947770188830856,62,24159
policy_ae_0.02_fixed,1020,201,101,65,3,4,,1,3,0,14,15,1,3,3,0.9987463435018805,62,24124
policy_ae_0.02_fixed,1021,201,101,65,3,3,,1,3,0,13,15,1,3,3,0.9958796868562011,62,24117
policy_ae_0.02_fixed,1022,201,101,65,3,3,,1,3,0,12,15,1,3,3,0.9970288624787776,62,24056
policy_ae_0.02_fixed,1023,201,101,65,3,3,,1,3,0,12,15,1,3,3,0.9971544715447155,62,24073
policy_ae_0.02_fixed,1024,201,101,65,3,3,28,1,3,173,12,14,1,3,3,0.9966358284272497,62,24085
policy_ae_0.02_fixed,1025,201,101,65,3,3,,1,4,0,12,15,1,3,3,0.9966818747407714,62,24130
policy_ae_0.02_fixed,1026,201,101,65,3,3,,1,3,0,12,15,1,3,3,0.9962840627580511,62,24275
policy_ae_0.02_fixed,1027,201,101,65,3,4,,1,3,0,13,15,1,3,3,0.9970538720538721,62,24044
policy_ae_0.02_fixed,1028,201,101,65,3,4,,1,4,0,13,15,1,3,3,0.9957965531736024,62,24108
policy_ae_0.02_fixed,1029,201,101,65,3,3,15,1,4,186,12,15,1,3,3,0.9962962962962963,62,24118
policy_ae_0.02_fixed,1030,201,101,65,3,4,,1,3,0,13,15,1,3,3,0.9970551114850652,62,24083
policy_ae_0.02_fixed,1031,201,101,65,3,3,,1,3,0,12,15,1,3,3,0.9983347210657785,62,24096
policy_ae_0.02_fixed,1032,201,101,65,3,4,,1,3,0,13,15,1,3,3,0.9956297179181566,62,24247
policy_ae_0.02_fixed,1033,201,101,65,3,4,,1,3,0,13,15,1,3,3,0.9958694754233788,62,24165
policy_ae_0.02_fixed,1034,201,101,65,3,4,,1,3,0,13,15,1,3,3,0.9970649895178197,62,24186
policy_ae_0.02_fixed,1035,201,101,65,3,3,,1,5,0,12,15,1,3,3,0.9963295269168027,62,24259
policy_ae_0.02_fixed,1036,201,101,65,3,3,,1,3,0,12,15,1,3,3,0.9938118811881188,62,24141
policy_ae_0.02_fixed,1037,201,101,65,3,4,,1,3,0,13,15,1,3,3,0.9979666531110207,62,23943
policy_ae_0.02_fixed,1038,201,101,65,3,4,24,1,3,177,13,15,1,3,3,0.9946655724251129,62,24120
policy_ae_0.02_fixed,1039,201,101,65,3,4,,1,3,0,13,15,1,3,3,0.994621431526686,62,24276
policy_ae_0.02_fixed,1040,201,101,65,3,3,,1,4,0,12,15,1,3,3,0.996,62,24091
policy_ae_0.02_fixed,1041,201,101,65,3,3,,1,3,0,12,15,1,3,3,0.9979296066252588,62,24120
policy_ae_0.02_fixed,1042,201,101,65,3,3,,1,3,0,12,15,1,3,3,0.9970833333333333,62,24138
policy_ae_0.02_fixed,1043,201,101,65,3,3,34,1,3,167,12,15,1,3,3,0.9962546816479401,62,24144
policy_ae_0.02_fixed,1044,201,101,65,3,4,,1,3,0,13,15,1,3,3,0.994641384995878,62,24145
policy_ae_0.02_fixed,1045,201,101,65,3,3,,1,3,0,13,15,1,3,3,0.9975237309120925,62,24109
policy_ae_0.02_fixed,1046,201,101,65,3,3,,1,4,0,13,15,1,3,3,0.9967037494849609,62,24164
policy_ae_0.02_fixed,1047,201,101,65,3,4,52,1,3,149,13,15,1,3,3,0.9967145790554415,62,24027
policy_ae_0.02_fixed,1048,201,101,65,4,4,,1,4,0,14,15,1,4,4,0.9975206611570248,62,24080
policy_ae_0.02_fixed,1049,201,101,65,3,3,,1,3,0,13,15,1,3,3,0.9958385351643778,62,24150
policy_ae_0.02_fixed,1050,201,101,65,3,3,26,1,3,175,12,15,1,3,3,0.9930697105584998,62,24074
policy_ae_0.02_sustained,1001,114,14,65,3,4,,2,4,0,13,15,2,3,3,0.9949367088607595,62,14810
policy_ae_0.02_sustained,1002,114,14,65,3,4,17,2,4,97,13,15,2,3,3,0.994198694706309,62,14833
policy_ae_0.02_sustained,1003,113,13,65,3,3,,2,3,0,12,15,2,3,3,0.996741491672701,62,14618
policy_ae_0.02_sustained,1004,113,13,65,3,4,,2,4,0,12,15,2,3,3,0.9956521739130435,62,14624
policy_ae_0.02_sustained,1005,113,13,65,3,4,,2,3,0,12,15,2,3,3,0.9944629014396457,62,14655
policy_ae_0.02_sustained,1006,114,14,65,3,4,22,2,4,91,13,15,2,3,3,0.9959454478437154,62,14739
policy_ae_0.02_sustained,1007,114,14,65,3,3,,2,4,0,13,15,2,3,3,0.996299037749815,62,14734
policy_ae_0.02_sustained,1008,113,13,65,3,3,16,2,4,97,12,15,2,3,3,0.9971066907775769,62,14654
policy_ae_0.02_sustained,1009,113,13,65,3,3,,2,3,0,12,15,2,3,3,0.9969981238273922,62,14625
policy_ae_0.02_sustained,1010,114,14,65,3,4,,2,4,0,13,15,2,3,3,0.9966875230033124,62,14837
policy_ae_0.02_sustained,1011,113,13,65,3,3,,2,3,0,12,15,2,3,3,0.9971830985915493,62,14644
policy_ae_0.02_sustained,1012,114,14,65,4,4,,2,5,0,13,15,2,4,4,0.9953421712647796,62,14701
policy_ae_0.02_sustained,1013,114,14,65,3,4,,2,3,0,13,15,2,3,3,0.9960644007155635,62,14850
policy_ae_0.02_sustained,1014,114,14,65,3,4,,2,4,0,13,15,2,3,3,0.9956896551724138,62,14807
policy_ae_0.02_sustained,1015,114,14,65,3,4,,2,4,0,13,15,2,3,3,0.9971139971139971,62,14792
policy_ae_0.02_sustained,1016,114,14,65,3,4,,2,4,0,13,15,2,3,3,0.9981778425655977,62,14753
policy_ae_0.02_sustained,1017,114,14,65,3,4,,2,3,0,13,15,2,3,3,0.9938114306516199,62,14865
policy_ae_0.02_sustained,1018,113,13,65,3,3,,2,3,0,12,15,2,3,3,0.9968028419182948,62,14712
policy_ae_0.02_sustained,1019,113,13,65,3,3,,2,3,0,12,15,2,3,3,0.9974358974358974,62,14641
policy_ae_0.02_sustained,1020,115,15,65,3,4,,2,5,0,14,15,2,3,3,0.994256999282125,62,14850
policy_ae_0.02_sustained,1021,114,14,65,3,3,,2,4,0,13,15,2,3,3,0.9977827050997783,62,14756
policy_ae_0.02_sustained,1022,113,13,65,3,3,,2,4,0,12,15,2,3,3,0.9978030025631637,62,14548
policy_ae_0.02_sustained,1023,113,13,65,3,3,,2,4,0,12,15,2,3,3,0.9963924963924964,62,14663
policy_ae_0.02_sustained,1024,113,13,65,3,3,,2,4,0,12,15,2,3,3,0.9963369963369964,62,14556
policy_ae_0.02_sustained,1025,113,13,65,3,3,,2,3,0,12,15,2,3,3,0.9955914768552535,62,14581
policy_ae_0.02_sustained,1026,113,13,65,3,3,,2,3,0,12,15,2,3,3,0.9974330766409975,62,14755
policy_ae_0.02_sustained,1027,114,14,65,3,4,31,2,4,83,13,15,2,3,3,0.9949640287769784,62,14776
policy_ae_0.02_sustained,1028,114,14,65,3,4,,2,3,0,13,15,2,3,3,0.9947735191637631,62,14880
policy_ae_0.02_sustained,1029,113,13,65,3,3,,2,5,0,12,15,2,3,3,0.9960144927536232,62,14678
policy_ae_0.02_sustained,1030,114,14,65,3,4,,2,4,0,13,15,2,3,3,0.9970749542961609,62,14749
policy_ae_0.02_sustained,1031,113,13,65,3,3,,2,4,0,12,15,2,3,3,0.9964311206281228,62,14639
policy_ae_0.02_sustained,1032,114,14,65,3,4,,2,4,0,13,15,2,3,3,0.9974424552429667,62,14839
policy_ae_0.02_sustained,1033,114,14,65,3,4,,2,3,0,13,15,2,3,3,0.9971681415929203,62,14789
policy_ae_0.02_sustained,1034,114,14,65,3,4,,2,3,0,13,15,2,3,3,0.9974919383733429,62,14800
policy_ae_0.02_sustained,1035,113,13,65,3,3,,2,4,0,12,15,2,3,3,0.9952433223563849,62,14744
policy_ae_0.02_sustained,1036,113,13,65,3,3,,2,3,0,12,15,2,3,3,0.9939068100358422,62,14693
policy_ae_0.02_sustained,1037,114,14,65,3,4,,2,3,0,13,15,2,3,3,0.9963031423290203,62,14700
policy_ae_0.02_sustained,1038,114,14,65,3,4,,2,3,0,13,15,2,3,3,0.9960202604920405,62,14694
policy_ae_0.02_sustained,1039,114,14,65,3,4,,2,3,0,13,15,2,3,3,0.997165131112686,62,14899
policy_ae_0.02_sustained,1040,113,13,65,3,3,,2,4,0,12,15,2,3,3,0.9960043588812205,62,14617
policy_ae_0.02_sustained,1041,113,13,65,3,3,,2,3,0,12,15,2,3,3,0.9956912028725314,62,14640
policy_ae_0.02_sustained,1042,113,13,65,3,3,,2,3,0,12,15,2,3,3,0.99812734082397,62,14678
policy_ae_0.02_sustained,1043,113,13,65,3,3,,2,4,0,12,15,2,3,3,0.9963754983689742,62,14644
policy_ae_0.02_sustained,1044,114,14,65,3,4,,2,4,0,13,15,2,3,3,0.9970555760029445,62,14775
policy_ae_0.02_sustained,1045,114,14,65,3,3,,2,4,0,13,15,2,3,3,0.9956881063600431,62,14765
policy_ae_0.02_sustained,1046,114,14,65,3,3,,2,3,0,13,15,2,3,3,0.9974901398350663,62,14784
policy_ae_0.02_sustained,1047,114,14,65,3,4,,2,3,0,13,15,2,3,3,0.9959573686144799,62,14807
policy_ae_0.02_sustained,1048,115,15,65,4,4,,2,5,0,14,15,2,4,4,0.9970674486803519,62,14907
policy_ae_0.02_sustained,1049,114,14,65,3,3,,2,3,0,13,15,2,3,3,0.9956411187795132,62,14868
policy_ae_0.02_sustained,1050,113,13,65,3,3,16,2,4,97,12,15,2,3,3,0.9952450621799561,62,14598
policy_ae_0.04_auto,1001,103,3,70,5,5,,0,1,0,,12,2,3,3,0.9961013645224172,62,13080
policy_ae_0.04_auto,1002,103,3,70,5,6,,0,1,0,,13,2,3,3,0.9968503937007874,62,13121
policy_ae_0.04_auto,1003,103,3,70,5,6,,0,1,0,,13,2,3,3,0.9952737298148877,62,13080
policy_ae_0.04_auto,1004,103,3,70,5,5,,0,2,0,,13,2,3,3,0.9958631064309891,62,13112
policy_ae_0.04_auto,1005,103,3,70,5,6,,0,1,0,,12,2,3,3,0.9962811454072146,62,13140
policy_ae_0.04_auto,1006,103,3,70,5,5,,0,1,0,,12,2,3,3,0.9964525029562475,62,13107
policy_ae_0.04_auto,1007,103,3,70,5,5,,0,1,0,,12,2,3,3,0.9937767405678725,62,13038
policy_ae_0.04_auto,1008,103,3,70,5,5,,0,1,0,,12,2,3,3,0.9925954793452845,62,13070
policy_ae_0.04_auto,1009,103,3,70,5,6,,0,1,0,,12,2,3,3,0.9957578094870806,62,13070
policy_ae_0.04_auto,1010,103,3,70,5,5,25,0,1,78,,12,2,3,3,0.995418098510882,62,13194
policy_ae_0.04_auto,1011,103,3,70,5,6,,0,1,0,,13,2,3,3,0.994279176201373,62,13048
policy_ae_0.04_auto,1012,103,3,70,5,6,,0,1,0,,13,2,3,3,0.9958111195734958,62,13022
policy_ae_0.04_auto,1013,103,3,70,5,6,21,0,1,82,,13,2,3,3,0.9942594718714122,62,13148
policy_ae_0.04_auto,1014,103,3,70,5,5,,0,1,0,,13,2,3,3,0.9954093343534812,62,13209
policy_ae_0.04_auto,1015,103,3,70,5,6,,0,1,0,,13,2,3,3,0.994933749025721,62,13096
policy_ae_0.04_auto,1016,103,3,70,5,5,,0,1,0,,13,2,3,3,0.9953596287703016,62,13103
policy_ae_0.04_auto,1017,103,3,70,5,5,,0,1,0,,12,2,3,3,0.9965688143347312,62,13161
policy_ae_0.04_auto,1018,103,3,70,5,5,,0,1,0,,12,2,3,3,0.9964857477547833,62,13158
policy_ae_0.04_auto,1019,103,3,70,5,5,,0,1,0,,12,2,3,3,0.9950038431975403,62,13130
policy_ae_0.04_auto,1020,103,3,70,5,5,,0,2,0,,12,2,3,3,0.9954476479514416,62,13053
policy_ae_0.04_auto,1021,103,3,70,5,5,,0,1,0,,13,2,3,3,0.9954562665656949,62,13180
policy_ae_0.04_auto,1022,103,3,70,5,6,14,0,1,89,,12,2,3,3,0.9950645406226272,62,13114
policy_ae_0.04_auto,1023,103,3,70,5,5,11,0,1,92,,12,2,3,3,0.9980574980574981,62,13136
policy_ae_0.04_auto,1024,102,2,70,4,5,,0,1,0,,12,2,2,2,0.9969052224371373,62,12910
policy_ae_0.04_auto,1025,102,2,70,4,4,,0,1,0,,12,2,2,2,0.9968454258675079,62,12992
policy_ae_0.04_auto,1026,102,2,70,4,4,,0,1,0,,12,2,2,2,0.9975786924939467,62,13023
policy_ae_0.04_auto,1027,103,3,70,5,5,,0,2,0,,12,2,3,3,0.998046875,62,13080
policy_ae_0.04_auto,1028,103,3,70,5,5,,0,1,0,,13,2,3,3,0.994933749025721,62,13157
policy_ae_0.04_auto,1029,102,2,72,4,5,,0,2,0,,12,2,2,2,0.9976842917792358,62,12926
policy_ae_0.04_auto,1030,103,3,70,5,5,,0,1,0,,13,2,3,3,0.9973014649190439,62,13024
policy_ae_0.04_auto,1031,103,3,70,5,5,,0,1,0,,12,2,3,3,0.996113486202876,62,13079
policy_ae_0.04_auto,1032,103,3,70,5,6,,0,1,0,,13,2,3,3,0.9980642663569493,62,13122
policy_ae_0.04_auto,1033,103,3,70,5,6,,0,1,0,,12,2,3,3,0.9968253968253968,62,13054
policy_ae_0.04_auto,1034,103,3,70,5,5,27,0,1,76,,13,2,3,3,0.9954128440366973,62,13127
policy_ae_0.04_auto,1035,103,3,70,5,5,31,0,1,72,,13,2,3,3,0.9941474834178697,62,13164
policy_ae_0.04_auto,1036,103,3,70,5,6,,0,1,0,,13,2,3,3,0.9935483870967742,62,13143
policy_ae_0.04_auto,1037,103,3,70,5,5,,0,1,0,,12,2,3,3,0.9980415197806503,62,13054
policy_ae_0.04_auto,1038,103,3,70,5,6,13,0,1,90,,12,2,3,3,0.9972559780478244,62,13079
policy_ae_0.04_auto,1039,103,3,70,5,6,,0,1,0,,13,2,3,3,0.9957934990439771,62,13170
policy_ae_0.04_auto,1040,102,2,71,4,4,,0,1,0,,12,2,2,2,0.9944022391043582,62,12898
policy_ae_0.04_auto,1041,103,3,70,5,5,,0,1,0,,13,2,3,3,0.9958770614692654,62,13101
policy_ae_0.04_auto,1042,103,3,70,5,6,,0,1,0,,13,2,3,3,0.9969183359013868,62,13109
policy_ae_0.04_auto,1043,103,3,70,5,6,,0,1,0,,13,2,3,3,0.9968932038834951,62,13158
policy_ae_0.04_auto,1044,103,3,70,5,5,,0,1,0,,12,2,3,3,0.9950419527078566,62,13111
policy_ae_0.04_auto,1045,103,3,70,5,6,57,0,1,46,,12,2,3,3,0.9942484662576687,62,13115
policy_ae_0.04_auto,1046,103,3,70,5,6,15,0,1,88,,13,2,3,3,0.9977246871444824,62,13174
policy_ae_0.04_auto,1047,103,3,70,5,5,,0,1,0,,12,2,3,3,0.9953125,62,13071
policy_ae_0.04_auto,1048,104,4,70,6,7,,0,1,0,,13,2,4,4,0.9965411222136817,62,13232
policy_ae_0.04_auto,1049,103,3,70,6,6,,0,1,0,,13,3,3,3,0.9968859478396264,62,13152
policy_ae_0.04_auto,1050,103,3,70,5,5,,0,1,0,,13,2,3,3,0.9962178517397882,62,13127
policy_ae_0.04_fixed,1001,201,101,65,3,3,126,1,4,75,13,15,1,3,3,0.9953742640874684,62,23703
policy_ae_0.04_fixed,1002,201,101,65,3,3,26,1,4,175,13,15,1,3,3,0.9967624443545123,62,23611
policy_ae_0.04_fixed,1003,201,101,65,3,3,33,1,3,167,12,15,1,3,3,0.9955429497568882,62,23605
policy_ae_0.04_fixed,1004,201,101,65,3,3,25,1,4,176,12,15,1,3,3,0.99609375,62,23471
policy_ae_0.04_fixed,1005,201,101,65,3,3,68,1,3,133,12,15,1,3,3,0.9971521562245729,62,23646
policy_ae_0.04_fixed,1006,201,101,65,3,3,,1,3,0,13,15,1,3,3,0.9975175837815474,62,23615
policy_ae_0.04_fixed,1007,201,101,65,3,3,57,1,3,144,12,15,1,3,3,0.9970563498738436,62,23485
policy_ae_0.04_fixed,1008,201,101,65,3,3,,1,3,0,12,15,1,3,3,0.996695580338703,62,23562
policy_ae_0.04_fixed,1009,201,101,65,3,3,,1,3,0,13,15,1,3,3,0.9967439967439967,62,23630
policy_ae_0.04_fixed,1010,201,101,65,3,4,,1,3,0,13,15,1,3,3,0.9925681255161024,62,23671
policy_ae_0.04_fixed,1011,201,101,65,3,3,,1,4,0,12,15,1,3,3,0.9983050847457627,62,23423
policy_ae_0.04_fixed,1012,201,101,65,3,3,,1,3,0,12,15,1,3,3,0.998329853862213,62,23450
policy_ae_0.04_fixed,1013,201,101,65,3,3,,1,4,0,12,15,1,3,3,0.9991701244813278,62,23634
policy_ae_0.04_fixed,1014,201,101,65,3,3,,1,3,0,12,15,1,3,3,0.99625,62,23636
policy_ae_0.04_fixed,1015,201,101,65,3,3,,1,3,0,12,15,1,3,3,0.9966791199667911,62,23636
policy_ae_0.04_fixed,1016,201,101,65,3,3,9,1,4,192,12,15,1,3,3,0.9962406015037594,62,23507
policy_ae_0.04_fixed,1017,201,101,65,3,4,,1,3,0,13,15,1,3,3,0.9987572493786246,62,23544
policy_ae_0.04_fixed,1018,201,101,65,3,3,,1,3,0,12,15,1,3,3,0.9962593516209476,62,23715
policy_ae_0.04_fixed,1019,201,101,65,3,3,,1,3,0,12,15,1,3,3,0.9960715844609341,62,23467
policy_ae_0.04_fixed,1020,201,101,65,3,4,42,1,4,157,13,15,1,3,3,0.9963023829087921,62,23541
policy_ae_0.04_fixed,1021,201,101,65,3,3,,1,3,0,12,15,1,3,3,0.9954489035995036,62,23556
policy_ae_0.04_fixed,1022,201,101,65,3,3,37,1,3,164,12,15,1,3,3,0.9950351675630947,62,23558
policy_ae_0.04_fixed,1023,201,101,65,3,3,41,1,4,159,12,15,1,3,3,0.998780487804878,62,23571
policy_ae_0.04_fixed,1024,201,101,65,2,3,,1,3,0,12,15,1,2,2,0.9987593052109182,62,23529
policy_ae_0.04_fixed,1025,201,101,65,2,3,42,1,3,159,12,15,1,2,2,0.9979415397282833,62,23705
policy_ae_0.04_fixed,1026,201,101,65,2,3,4,1,3,197,12,15,1,2,2,0.9937185929648241,62,23704
policy_ae_0.04_fixed,1027,201,101,65,3,4,21,1,3,180,13,15,1,3,3,0.9966694421315571,62,23569
policy_ae_0.04_fixed,1028,201,101,65,3,3,,1,3,0,12,15,1,3,3,0.9941496030087756,62,23646
policy_ae_0.04_fixed,1029,201,101,65,2,3,,1,4,0,12,15,1,2,2,0.9970735785953178,62,23572
policy_ae_0.04_fixed,1030,201,101,65,3,3,,1,3,0,12,15,1,3,3,0.9945900957136912,62,23569
policy_ae_0.04_fixed,1031,201,101,65,3,3,,1,3,0,12,15,1,3,3,0.9958350687213661,62,23485
policy_ae_0.04_fixed,1032,201,101,65,3,3,8,1,3,193,12,14,1,3,3,0.9963160049119935,62,23573
policy_ae_0.04_fixed,1033,201,101,65,3,4,9,1,3,192,12,15,1,3,3,0.9959049959049959,62,23534
policy_ae_0.04_fixed,1034,201,101,65,3,3,,1,3,0,12,15,1,3,3,0.997119341563786,62,23527
policy_ae_0.04_fixed,1035,201,101,65,3,3,,1,3,0,12,15,1,3,3,0.9974608548455354,62,23687
policy_ae_0.04_fixed,1036,201,101,65,3,3,,1,3,0,12,15,1,3,3,0.9957947855340622,62,23638
policy_ae_0.04_fixed,1037,201,101,65,3,4,,1,4,0,13,15,1,3,3,0.9962390305056414,62,23527
policy_ae_0.04_fixed,1038,201,101,65,3,4,10,1,3,191,13,15,1,3,3,0.9958036088963491,62,23516
policy_ae_0.04_fixed,1039,201,101,65,3,3,21,1,3,179,12,15,1,3,3,0.9966216216216216,62,23622
policy_ae_0.04_fixed,1040,201,101,65,2,3,,1,3,0,12,15,1,2,2,0.9983640081799591,62,23595
policy_ae_0.04_fixed,1041,201,101,65,3,3,,1,3,0,12,15,1,3,3,0.9966527196652719,62,23566
policy_ae_0.04_fixed,1042,201,101,65,3,3,9,1,3,192,12,14,1,3,3,0.9954769736842105,62,23577
policy_ae_0.04_fixed,1043,201,101,65,3,3,196,1,3,5,12,15,1,3,3,0.9978595890410958,62,23544
policy_ae_0.04_fixed,1044,201,101,65,3,3,,1,3,0,12,15,1,3,3,0.9953684210526316,62,23548
policy_ae_0.04_fixed,1045,201,101,65,3,4,,1,3,0,13,15,1,3,3,0.9962453066332916,62,23560
policy_ae_0.04_fixed,1046,201,101,65,3,3,,1,3,0,12,15,1,3,3,0.9970526315789474,62,23623
policy_ae_0.04_fixed,1047,201,101,65,3,4,57,1,3,144,13,15,1,3,3,0.9975835682641966,62,23563
policy_ae_0.04_fixed,1048,201,101,65,4,4,,1,3,0,13,15,1,4,4,0.9967519285424279,62,23602
policy_ae_0.04_fixed,1049,201,101,65,3,3,9,1,3,192,12,15,1,3,3,0.9959464937170652,62,23621
policy_ae_0.04_fixed,1050,201,101,65,3,3,,1,3,0,12,15,1,3,3,0.9970662196144174,62,23601
policy_ae_0.04_sustained,1001,114,14,65,3,3,,2,5,0,13,15,2,3,3,0.9944974321349963,62,14517
policy_ae_0.04_sustained,1002,114,14,65,3,3,70,2,4,44,13,15,2,3,3,0.9978502328914367,62,14505
policy_ae_0.04_sustained,1003,113,13,65,3,3,,2,3,0,12,15,2,3,3,0.995265841223598,62,14248
policy_ae_0.04_sustained,1004,113,13,65,3,3,,2,4,0,12,15,2,3,3,0.9961089494163424,62,14349
policy_ae_0.04_sustained,1005,113,13,65,3,3,,2,3,0,12,15,2,3,3,0.9948642699926632,62,14351
policy_ae_0.04_sustained,1006,114,14,65,3,3,,2,3,0,13,15,2,3,3,0.9949838767466858,62,14457
policy_ae_0.04_sustained,1007,113,13,65,3,3,,2,4,0,12,15,2,3,3,0.9974674384949349,62,14300
policy_ae_0.04_sustained,1008,113,13,65,3,3,,2,4,0,12,15,2,3,3,0.9953785993601137,62,14325
policy_ae_0.04_sustained,1009,114,14,65,3,3,,2,3,0,13,15,2,3,3,0.9978142076502732,62,14430
policy_ae_0.04_sustained,1010,114,14,65,3,4,,2,4,0,13,15,2,3,3,0.9978378378378379,62,14503
policy_ae_0.04_sustained,1011,113,13,65,3,3,,2,4,0,12,15,2,3,3,0.9978354978354979,62,14252
policy_ae_0.04_sustained,1012,113,13,65,3,3,32,2,5,81,12,15,2,3,3,0.9931333574268161,62,14262
policy_ae_0.04_sustained,1013,113,13,65,3,3,,2,3,0,12,15,2,3,3,0.9960303139660772,62,14420
policy_ae_0.04_sustained,1014,113,13,65,3,3,,2,3,0,12,15,2,3,3,0.9959692194943203,62,14355
policy_ae_0.04_sustained,1015,113,13,65,3,3,70,2,3,43,12,15,2,3,3,0.9970642201834863,62,14275
policy_ae_0.04_sustained,1016,113,13,65,3,3,9,2,4,104,12,15,2,3,3,0.9935530085959885,62,14330
policy_ae_0.04_sustained,1017,114,14,65,3,4,,2,4,0,13,15,2,3,3,0.9940893978574067,62,14544
policy_ae_0.04_sustained,1018,113,13,65,3,3,,2,3,0,12,15,2,3,3,0.9974387120380535,62,14389
policy_ae_0.04_sustained,1019,113,13,65,3,3,,2,3,0,12,15,2,3,3,0.9974610083424011,62,14338
policy_ae_0.04_sustained,1020,114,14,65,3,4,,2,4,0,13,15,2,3,3,0.9981082103670071,62,14396
policy_ae_0.04_sustained,1021,113,13,65,3,3,,2,3,0,12,15,2,3,3,0.9931059506531205,62,14318
policy_ae_0.04_sustained,1022,113,13,65,3,3,,2,4,0,12,15,2,3,3,0.9948792977322605,62,14352
policy_ae_0.04_sustained,1023,113,13,65,3,3,,2,3,0,12,15,2,3,3,0.9952502740226525,62,14317
policy_ae_0.04_sustained,1024,113,13,65,2,3,19,2,4,94,12,15,2,2,2,0.9978323699421965,62,14306
policy_ae_0.04_sustained,1025,113,13,65,2,3,,2,3,0,12,15,2,2,2,0.9963570127504554,62,14335
policy_ae_0.04_sustained,1026,113,13,65,2,3,4,2,3,109,12,15,2,2,2,0.9960531036957302,62,14407
policy_ae_0.04_sustained,1027,114,14,65,3,4,,2,4,0,13,15,2,3,3,0.9922651933701657,62,14390
policy_ae_0.04_sustained,1028,113,13,65,3,3,31,2,4,82,12,15,2,3,3,0.9943100995732574,62,14403
policy_ae_0.04_sustained,1029,113,13,65,2,3,,2,3,0,12,15,2,2,2,0.9960188201230546,62,14326
policy_ae_0.04_sustained,1030,113,13,65,3,3,,2,3,0,12,15,2,3,3,0.9948032665181886,62,14291
policy_ae_0.04_sustained,1031,113,13,65,3,3,,2,4,0,12,15,2,3,3,0.9960601719197708,62,14324
policy_ae_0.04_sustained,1032,113,13,65,3,3,8,2,3,105,12,15,2,3,3,0.9967308390846349,62,14348
policy_ae_0.04_sustained,1033,113,13,65,3,4,9,2,4,104,12,15,2,3,3,0.9968062455642299,62,14389
policy_ae_0.04_sustained,1034,113,13,65,3,3,,2,3,0,12,15,2,3,3,0.9964526427811281,62,14416
policy_ae_0.04_sustained,1035,113,13,65,3,3,,2,4,0,12,15,2,3,3,0.997093023255814,62,14383
policy_ae_0.04_sustained,1036,113,13,65,3,3,,2,3,0,12,15,2,3,3,0.9985496736765772,62,14348
policy_ae_0.04_sustained,1037,114,14,65,3,4,,2,4,0,13,15,2,3,3,0.9975369458128078,62,14467
policy_ae_0.04_sustained,1038,114,14,65,3,4,10,2,3,104,13,15,2,3,3,0.9971469329529244,62,14461
policy_ae_0.04_sustained,1039,113,13,65,3,3,,2,4,0,12,15,2,3,3,0.9960202604920405,62,14416
policy_ae_0.04_sustained,1040,113,13,65,2,3,,2,4,0,12,15,2,2,2,0.9957280170879317,62,14366
policy_ae_0.04_sustained,1041,113,13,65,3,3,,2,3,0,12,15,2,3,3,0.9949676491732566,62,14387
policy_ae_0.04_sustained,1042,113,13,65,3,3,9,2,4,104,12,15,2,3,3,0.9960714285714286,62,14346
policy_ae_0.04_sustained,1043,113,13,65,3,3,42,2,3,71,12,15,2,3,3,0.9963316214233309,62,14358
policy_ae_0.04_sustained,1044,113,13,65,3,3,,2,4,0,12,15,2,3,3,0.9960360360360361,62,14295
policy_ae_0.04_sustained,1045,114,14,65,3,4,,2,4,0,13,15,2,3,3,0.9922822491730982,62,14408
policy_ae_0.04_sustained,1046,113,13,65,3,3,,2,4,0,12,15,2,3,3,0.998196898665705,62,14360
policy_ae_0.04_sustained,1047,114,14,65,3,4,,2,4,0,13,15,2,3,3,0.9967332123411978,62,14411
policy_ae_0.04_sustained,1048,114,14,65,4,4,,2,4,0,13,15,2,4,4,0.9974765681326604,62,14486
policy_ae_0.04_sustained,1049,113,13,65,3,3,9,2,4,104,12,15,2,3,3,0.9964450764308568,62,14415
policy_ae_0.04_sustained,1050,113,13,65,3,3,24,2,3,89,12,15,2,3,3,0.9955522609340252,62,14336
policy_ae_0.05_auto,1001,103,3,70,5,5,32,0,1,71,,12,2,3,3,0.9980627663696242,62,12975
policy_ae_0.05_auto,1002,103,3,70,5,6,,0,1,0,,13,2,3,3,0.9972698907956318,62,12960
policy_ae_0.05_auto,1003,103,3,70,5,5,,0,1,0,,13,2,3,3,0.9965896172792724,62,13030
policy_ae_0.05_auto,1004,103,3,70,5,5,21,0,1,82,,13,2,3,3,0.9953970080552359,62,12911
policy_ae_0.05_auto,1005,103,3,70,5,6,,0,1,0,,12,2,3,3,0.9973014649190439,62,12953
policy_ae_0.05_auto,1006,103,3,70,5,5,59,0,1,44,,13,2,3,3,0.9952343129467831,62,12958
policy_ae_0.05_auto,1007,103,3,70,5,5,,0,1,0,,12,2,3,3,0.9953614224971009,62,12972
policy_ae_0.05_auto,1008,102,2,73,4,5,,0,1,0,,12,2,2,2,0.996504854368932,62,12877
policy_ae_0.05_auto,1009,103,3,70,5,6,,0,1,0,,12,2,3,3,0.9961671138367191,62,12951
policy_ae_0.05_auto,1010,103,3,70,5,5,32,0,2,71,,12,2,3,3,0.996178830722201,62,13025
policy_ae_0.05_auto,1011,103,3,70,5,5,,0,1,0,,13,2,3,3,0.9972920696324952,62,12887
policy_ae_0.05_auto,1012,103,3,70,5,5,15,0,1,87,,13,2,3,3,0.9969430645777608,62,12948
policy_ae_0.05_auto,1013,103,3,70,5,5,19,0,1,84,,13,2,3,3,0.9961210240496509,62,12962
policy_ae_0.05_auto,1014,103,3,70,5,5,,0,1,0,,13,2,3,3,0.9960707269155207,62,13016
policy_ae_0.05_auto,1015,103,3,70,5,6,,0,1,0,,13,2,3,3,0.9945461628359953,62,12971
policy_ae_0.05_auto,1016,103,3,70,5,5,,0,2,0,,12,2,3,3,0.9969719909159728,62,12977
policy_ae_0.05_auto,1017,103,3,70,5,6,,0,1,0,,12,2,3,3,0.9957610789980732,62,13099
policy_ae_0.05_auto,1018,103,3,70,5,5,,0,1,0,,12,2,3,3,0.9976293954958514,62,13049
policy_ae_0.05_auto,1019,102,2,71,4,4,,0,1,0,,12,2,2,2,0.9960722702278083,62,12806
policy_ae_0.05_auto,1020,103,3,70,5,5,,0,1,0,,12,2,3,3,0.997270955165692,62,12879
policy_ae_0.05_auto,1021,103,3,70,5,5,,0,1,0,,12,2,3,3,0.9931740614334471,62,12988
policy_ae_0.05_auto,1022,103,3,70,5,5,35,0,1,68,,12,2,3,3,0.9965583173996176,62,12976
policy_ae_0.05_auto,1023,103,3,70,5,5,,0,1,0,,13,2,3,3,0.996921893035783,62,12984
policy_ae_0.05_auto,1024,102,2,70,4,5,19,0,1,83,,12,2,2,2,0.9964342313787639,62,12711
policy_ae_0.05_auto,1025,103,3,70,5,5,,0,1,0,,12,2,3,3,0.9952718676122931,62,13008
policy_ae_0.05_auto,1026,102,2,70,4,4,41,0,1,61,,12,2,2,2,0.9964830011723329,62,12904
policy_ae_0.05_auto,1027,103,3,70,5,5,19,0,1,83,,12,2,3,3,0.9957951070336392,62,12955
policy_ae_0.05_auto,1028,103,3,70,5,5,,0,1,0,,13,2,3,3,0.9956487341772152,62,12972
policy_ae_0.05_auto,1029,102,2,72,4,4,,0,2,0,,12,2,2,2,0.9972266244057052,62,12808
policy_ae_0.05_auto,1030,103,3,70,5,5,,0,1,0,,12,2,3,3,0.9952959623676989,62,12873
policy_ae_0.05_auto,1031,103,3,70,5,5,,0,1,0,,12,2,3,3,0.9940805051302289,62,12952
policy_ae_0.05_auto,1032,103,3,70,5,5,,0,1,0,,12,2,3,3,0.996921893035783,62,13015
policy_ae_0.05_auto,1033,103,3,70,5,6,,0,1,0,,12,2,3,3,0.9950134253931723,62,13022
policy_ae_0.05_auto,1034,103,3,70,5,5,,0,1,0,,13,2,3,3,0.9973292636398321,62,13010
policy_ae_0.05_auto,1035,102,2,70,4,4,,0,2,0,,12,2,2,2,0.9938200077249904,62,12939
policy_ae_0.05_auto,1036,102,2,72,4,5,,0,1,0,,12,2,2,2,0.9965909090909091,62,12870
policy_ae_0.05_auto,1037,103,3,70,5,5,,0,1,0,,12,2,3,3,0.9959726137736609,62,12851
policy_ae_0.05_auto,1038,103,3,70,5,6,,0,1,0,,12,2,3,3,0.9976626412154266,62,12941
policy_ae_0.05_auto,1039,103,3,70,5,5,,0,1,0,,13,2,3,3,0.9948717948717949,62,12975
policy_ae_0.05_auto,1040,102,2,71,4,4,37,0,1,65,,12,2,2,2,0.9936051159072742,62,12748
policy_ae_0.05_auto,1041,103,3,70,5,5,,0,1,0,,13,2,3,3,0.9962560838637214,62,13002
policy_ae_0.05_auto,1042,103,3,70,5,5,,0,1,0,,13,2,3,3,0.9965250965250966,62,13000
policy_ae_0.05_auto,1043,103,3,70,5,5,,0,1,0,,13,2,3,3,0.994303076338777,62,13005
policy_ae_0.05_auto,1044,103,3,70,5,6,,0,1,0,,12,2,3,3,0.995772482705611,62,12966
policy_ae_0.05_auto,1045,103,3,70,5,6,,0,1,0,,12,2,3,3,0.9973076923076923,62,12989
policy_ae_0.05_auto,1046,103,3,70,5,5,,0,1,0,,13,2,3,3,0.9976762199845082,62,12966
policy_ae_0.05_auto,1047,103,3,70,5,5,,0,2,0,,13,2,3,3,0.99765625,62,12959
policy_ae_0.05_auto,1048,103,3,70,5,5,39,0,1,64,,12,2,3,3,0.995026778882938,62,13011
policy_ae_0.05_auto,1049,103,3,70,6,6,,0,1,0,,13,3,3,3,0.9969430645777608,62,13002
policy_ae_0.05_auto,1050,102,2,71,4,5,,0,1,0,,12,2,2,2,0.9961641733793632,62,12848
policy_ae_0.05_fixed,1001,201,101,65,3,4,,1,3,0,12,15,1,3,3,0.9967413441955193,62,23409
policy_ae_0.05_fixed,1002,201,101,65,3,3,,1,4,0,13,15,1,3,3,0.995793016407236,62,23274
policy_ae_0.05_fixed,1003,201,101,65,3,3,,1,3,0,12,15,1,3,3,0.9939369442198869,62,23337
policy_ae_0.05_fixed,1004,201,101,65,3,3,,1,4,0,12,15,1,3,3,0.9971145919208574,62,23323
policy_ae_0.05_fixed,1005,201,101,65,3,3,,1,3,0,12,15,1,3,3,0.9962917181705809,62,23281
policy_ae_0.05_fixed,1006,201,101,65,3,3,23,1,4,178,12,15,1,3,3,0.9963129864809505,62,23271
policy_ae_0.05_fixed,1007,201,101,65,3,3,,1,3,0,12,15,1,3,3,0.9950535861500412,62,23417
policy_ae_0.05_fixed,1008,201,101,65,2,3,,1,3,0,11,15,1,2,2,0.997132322818517,62,23308
policy_ae_0.05_fixed,1009,201,101,65,3,3,,1,3,0,12,15,1,3,3,0.9970748015043878,62,23250
policy_ae_0.05_fixed,1010,201,101,65,3,3,,1,3,0,13,15,1,3,3,0.9979508196721312,62,23374
policy_ae_0.05_fixed,1011,201,101,65,3,3,,1,3,0,12,15,1,3,3,0.9936413734633319,62,23306
policy_ae_0.05_fixed,1012,201,101,65,3,3,26,1,3,175,12,15,1,3,3,0.9962577962577963,62,23191
policy_ae_0.05_fixed,1013,201,101,65,3,3,,1,3,0,12,15,1,3,3,0.9953762084909626,62,23308
policy_ae_0.05_fixed,1014,201,101,65,3,3,57,1,4,144,12,15,1,3,3,0.9967558799675588,62,23432
policy_ae_0.05_fixed,1015,201,101,65,3,3,,1,3,0,12,15,1,3,3,0.9928451178451179,62,23385
policy_ae_0.05_fixed,1016,201,101,65,3,3,,1,3,0,12,15,1,3,3,0.9950839819746006,62,23267
policy_ae_0.05_fixed,1017,201,101,65,3,4,,1,3,0,12,15,1,3,3,0.9962779156327544,62,23398
policy_ae_0.05_fixed,1018,201,101,65,3,3,,1,3,0,12,15,1,3,3,0.9963414634146341,62,23475
policy_ae_0.05_fixed,1019,201,101,65,2,3,,1,4,0,12,15,1,2,2,0.9957680914092255,62,23284
policy_ae_0.05_fixed,1020,201,101,65,3,4,42,1,4,159,13,15,1,3,3,0.9962531223980017,62,23308
policy_ae_0.05_fixed,1021,201,101,65,3,3,32,1,3,169,12,15,1,3,3,0.9941002949852508,62,23293
policy_ae_0.05_fixed,1022,201,101,65,3,3,,1,3,0,12,15,1,3,3,0.9974895397489539,62,23299
policy_ae_0.05_fixed,1023,201,101,65,3,3,,1,3,0,12,15,1,3,3,0.9954394693200663,62,23393
policy_ae_0.05_fixed,1024,201,101,65,2,3,36,1,4,165,12,15,1,2,2,0.996271748135874,62,23301
policy_ae_0.05_fixed,1025,201,101,65,3,3,,1,3,0,12,15,1,3,3,0.9954013377926422,62,23460
policy_ae_0.05_fixed,1026,201,101,65,2,3,,1,3,0,12,15,1,2,2,0.9942763695829926,62,23391
policy_ae_0.05_fixed,1027,201,101,65,3,3,,1,3,0,12,15,1,3,3,0.996268656716418,62,23402
policy_ae_0.05_fixed,1028,201,101,65,3,3,10,1,4,191,12,15,1,3,3,0.9951671365283931,62,23313
policy_ae_0.05_fixed,1029,201,101,65,2,3,29,1,3,171,12,15,1,2,2,0.9974358974358974,62,23258
policy_ae_0.05_fixed,1030,201,101,65,3,3,,1,3,0,12,15,1,3,3,0.9951179820992677,62,23219
policy_ae_0.05_fixed,1031,201,101,65,3,3,,1,3,0,12,15,1,3,3,0.993801652892562,62,23298
policy_ae_0.05_fixed,1032,201,101,65,3,4,,1,3,0,13,15,1,3,3,0.9932001699957501,62,23351
policy_ae_0.05_fixed,1033,201,101,65,3,4,,1,3,0,13,15,1,3,3,0.9937913907284768,62,23438
policy_ae_0.05_fixed,1034,201,101,65,3,3,68,1,4,133,12,15,1,3,3,0.9950535861500412,62,23441
policy_ae_0.05_fixed,1035,201,101,65,2,3,,1,3,0,12,15,1,2,2,0.9959200326397388,62,23334
policy_ae_0.05_fixed,1036,201,101,65,2,3,53,1,3,148,12,15,1,2,2,0.9954639175257732,62,23317
policy_ae_0.05_fixed,1037,201,101,65,3,4,,1,3,0,13,15,1,3,3,0.9961864406779661,62,23237
policy_ae_0.05_fixed,1038,201,101,65,3,4,63,1,4,138,13,15,1,3,3,0.994979079497908,62,23283
policy_ae_0.05_fixed,1039,201,101,65,3,3,,1,3,0,12,15,1,3,3,0.9975379565038982,62,23493
policy_ae_0.05_fixed,1040,201,101,65,2,3,,1,3,0,12,15,1,2,2,0.9987709954936501,62,23334
policy_ae_0.05_fixed,1041,201,101,65,3,3,,1,4,0,12,15,1,3,3,0.9939707149009475,62,23237
policy_ae_0.05_fixed,1042,201,101,65,3,3,,1,4,0,12,15,1,3,3,0.996268656716418,62,23296
policy_ae_0.05_fixed,1043,201,101,65,3,3,,1,3,0,12,15,1,3,3,0.9982942430703625,62,23350
policy_ae_0.05_fixed,1044,201,101,65,3,3,144,1,3,57,12,15,1,3,3,0.9949516196886832,62,23433
policy_ae_0.05_fixed,1045,201,101,65,3,4,,1,3,0,13,15,1,3,3,0.9949579831932773,62,23329
policy_ae_0.05_fixed,1046,201,101,65,3,3,40,1,3,161,12,15,1,3,3,0.9946035699460357,62,23323
policy_ae_0.05_fixed,1047,201,101,65,3,3,,1,4,0,12,15,1,3,3,0.9971943887775551,62,23298
policy_ae_0.05_fixed,1048,201,101,65,3,4,,1,3,0,13,15,1,3,3,0.9962640099626401,62,23416
policy_ae_0.05_fixed,1049,201,101,65,3,3,,1,3,0,12,15,1,3,3,0.9971038477451386,62,23427
policy_ae_0.05_fixed,1050,201,101,65,2,3,,1,3,0,12,15,1,2,2,0.9967884383781613,62,23319
policy_ae_0.05_sustained,1001,113,13,65,3,4,,2,4,0,12,15,2,3,3,0.9978594363182305,62,14195
policy_ae_0.05_sustained,1002,114,14,65,3,3,,2,3,0,13,15,2,3,3,0.9952328566189952,62,14353
policy_ae_0.05_sustained,1003,113,13,65,3,3,,2,3,0,12,15,2,3,3,0.9963490324936108,62,14161
policy_ae_0.05_sustained,1004,113,13,65,3,3,,2,3,0,12,15,2,3,3,0.9975473020322354,62,14170
policy_ae_0.05_sustained,1005,113,13,65,3,3,,2,3,0,12,15,2,3,3,0.9935018050541516,62,14207
policy_ae_0.05_sustained,1006,113,13,65,3,3,,2,3,0,12,15,2,3,3,0.9956818999640158,62,14177
policy_ae_0.05_sustained,1007,113,13,65,3,3,,2,4,0,12,15,2,3,3,0.996705710102489,62,14170
policy_ae_0.05_sustained,1008,112,12,65,2,3,,2,3,0,11,15,2,2,2,0.9963583394027676,62,14137
policy_ae_0.05_sustained,1009,113,13,65,3,3,,2,3,0,12,15,2,3,3,0.9970599044468945,62,14181
policy_ae_0.05_sustained,1010,114,14,65,3,3,,2,3,0,13,15,2,3,3,0.9967020886771711,62,14367
policy_ae_0.05_sustained,1011,113,13,65,3,3,,2,3,0,12,15,2,3,3,0.9946732954545454,62,14179
policy_ae_0.05_sustained,1012,113,13,65,3,3,,2,3,0,12,15,2,3,3,0.9963754983689742,62,14067
policy_ae_0.05_sustained,1013,113,13,65,3,3,,2,3,0,12,15,2,3,3,0.9971066907775769,62,14225
policy_ae_0.05_sustained,1014,113,13,65,3,3,,2,3,0,12,15,2,3,3,0.9967308390846349,62,14270
policy_ae_0.05_sustained,1015,113,13,65,3,3,,2,4,0,12,15,2,3,3,0.9959469417833456,62,14188
policy_ae_0.05_sustained,1016,113,13,65,3,3,,2,4,0,12,15,2,3,3,0.9967284623773174,62,14195
policy_ae_0.05_sustained,1017,113,13,65,3,4,,2,3,0,12,15,2,3,3,0.9952468007312614,62,14224
policy_ae_0.05_sustained,1018,113,13,65,3,3,,2,4,0,12,15,2,3,3,0.9970760233918129,62,14248
policy_ae_0.05_sustained,1019,113,13,65,2,3,,2,3,0,12,15,2,2,2,0.9971087820744489,62,14133
policy_ae_0.05_sustained,1020,114,14,65,3,4,,2,4,0,13,15,2,3,3,0.9971284996410624,62,14288
policy_ae_0.05_sustained,1021,113,13,65,3,3,,2,4,0,12,15,2,3,3,0.9942238267148015,62,14155
policy_ae_0.05_sustained,1022,113,13,65,3,3,,2,4,0,12,15,2,3,3,0.9974517655624318,62,14180
policy_ae_0.05_sustained,1023,113,13,65,3,3,,2,4,0,12,15,2,3,3,0.9978315865558366,62,14173
policy_ae_0.05_sustained,1024,113,13,65,2,3,77,2,4,36,12,15,2,2,2,0.9967811158798283,62,14103
policy_ae_0.05_sustained,1025,113,13,65,3,3,36,2,4,77,12,15,2,3,3,0.9978030025631637,62,14182
policy_ae_0.05_sustained,1026,113,13,65,2,3,,1,3,0,12,15,1,2,2,0.995277878677806,62,14308
policy_ae_0.05_sustained,1027,113,13,65,3,3,,2,4,0,12,15,2,3,3,0.9978354978354979,62,14199
policy_ae_0.05_sustained,1028,113,13,65,3,3,10,2,5,102,12,15,2,3,3,0.9981890619340819,62,14226
policy_ae_0.05_sustained,1029,113,13,65,2,3,,2,4,0,12,15,2,2,2,0.9975395430579965,62,14189
policy_ae_0.05_sustained,1030,113,13,65,3,3,,2,3,0,12,15,2,3,3,0.9959721713658001,62,14104
policy_ae_0.05_sustained,1031,113,13,65,3,3,34,2,3,79,12,15,2,3,3,0.9930249632892805,62,14149
policy_ae_0.05_sustained,1032,114,14,65,3,4,,2,5,0,13,15,2,3,3,0.9964374777342359,62,14368
policy_ae_0.05_sustained,1033,114,14,65,3,4,,2,3,0,13,15,2,3,3,0.9961417046650298,62,14391
policy_ae_0.05_sustained,1034,113,13,65,3,3,,2,4,0,12,15,2,3,3,0.9953785993601137,62,14247
policy_ae_0.05_sustained,1035,113,13,65,2,3,,2,4,0,12,15,2,2,2,0.9959985449254274,62,14257
policy_ae_0.05_sustained,1036,113,13,65,2,3,31,2,3,82,12,15,2,2,2,0.9978134110787172,62,14179
policy_ae_0.05_sustained,1037,114,14,65,3,4,,2,3,0,13,15,2,3,3,0.9967765042979942,62,14273
policy_ae_0.05_sustained,1038,114,14,65,3,4,,2,3,0,13,15,2,3,3,0.997471098265896,62,14269
policy_ae_0.05_sustained,1039,113,13,65,3,3,,2,3,0,12,15,2,3,3,0.9964093357271095,62,14293
policy_ae_0.05_sustained,1040,113,13,65,2,3,,2,5,0,12,15,2,2,2,0.9977653631284916,62,14124
policy_ae_0.05_sustained,1041,113,13,65,3,3,,2,3,0,12,15,2,3,3,0.997134670487106,62,14161
policy_ae_0.05_sustained,1042,113,13,65,3,3,,2,3,0,12,15,2,3,3,0.9978030025631637,62,14190
policy_ae_0.05_sustained,1043,113,13,65,3,3,31,2,3,82,12,15,2,3,3,0.9971202303815695,62,14182
policy_ae_0.05_sustained,1044,113,13,65,3,3,,2,3,0,12,15,2,3,3,0.9963702359346642,62,14196
policy_ae_0.05_sustained,1045,114,14,65,3,4,,2,4,0,13,15,2,3,3,0.9974811083123426,62,14343
policy_ae_0.05_sustained,1046,113,13,65,3,3,,2,3,0,12,15,2,3,3,0.9958027282266527,62,14272
policy_ae_0.05_sustained,1047,113,13,65,3,3,,1,4,0,12,15,1,3,3,0.9960101559666305,62,14149
policy_ae_0.05_sustained,1048,114,14,65,3,4,,2,4,0,13,15,2,3,3,0.997462848858282,62,14348
policy_ae_0.05_sustained,1049,113,13,65,3,3,,2,3,0,12,15,2,3,3,0.9985401459854014,62,14260
policy_ae_0.05_sustained,1050,113,13,65,2,3,,2,3,0,12,15,2,2,2,0.9961212976022567,62,14257
policy_gss_0.01_auto,1001,152,52,70,,,,0,0,0,143,,,52,52,0.788962472406181,67,16285
policy_gss_0.01_auto,1002,153,53,70,,,,0,0,0,74,,,53,53,0.7082791504117902,67,16246
policy_gss_0.01_auto,1003,152,52,70,,,,0,0,0,,,,52,52,0.7796095444685467,67,16054
policy_gss_0.01_auto,1004,156,56,70,83,,,73,0,0,104,37,27,56,56,0.9018834866403854,64,17071
policy_gss_0.01_auto,1005,152,52,70,,,,0,0,0,149,,,52,52,0.8760259179265659,64,16445
policy_gss_0.01_auto,1006,153,53,70,,,,0,0,0,83,,,53,53,0.8154580981328702,66,16413
policy_gss_0.01_auto,1007,163,63,68,,,,0,0,0,,,,63,63,0.7925294356475843,67,17246
policy_gss_0.01_auto,1008,152,52,70,,,,0,0,0,,,,52,52,0.8060156931124673,65,16155
policy_gss_0.01_auto,1009,151,51,70,,,,0,0,0,91,,,51,51,0.7477477477477478,67,15900
policy_gss_0.01_auto,1010,152,52,70,,,,0,0,0,84,43,,52,52,0.8624567474048442,65,16597
policy_gss_0.01_auto,1011,151,51,70,,,,0,0,0,,,,51,51,0.7590685176892074,67,16017
policy_gss_0.01_auto,1012,152,52,70,,,,0,0,0,76,,,52,52,0.783180026281209,66,16281
policy_gss_0.01_auto,1013,152,52,70,,,,0,0,0,,,,52,52,0.7588776852257781,68,15872
policy_gss_0.01_auto,1014,159,59,70,132,,,15,0,0,130,84,73,59,59,0.7052192066805846,67,17083
policy_gss_0.01_auto,1015,152,52,70,,,,0,0,0,,,,52,52,0.799124726477024,67,16166
policy_gss_0.01_auto,1016,151,51,70,,,,0,0,0,139,,,51,51,0.76650420912716,62,16064
policy_gss_0.01_auto,1017,151,51,70,,,,0,0,0,103,,,51,51,0.7287467134092901,67,15976
policy_gss_0.01_auto,1018,152,52,70,,,,0,0,0,,,,52,52,0.793194874060981,68,16054
policy_gss_0.01_auto,1019,152,52,70,,,,0,0,0,,,,52,52,0.7431597528684908,67,16048
policy_gss_0.01_auto,1020,152,52,70,,,,0,0,0,93,,,52,52,0.7699956766104626,66,16329
policy_gss_0.01_auto,1021,151,51,70,,,,0,0,0,,,,51,51,0.8264462809917356,67,16190
policy_gss_0.01_auto,1022,154,54,70,,,,0,0,0,,,,54,54,0.8092133854845719,64,16474
policy_gss_0.01_auto,1023,158,58,70,,,,0,0,0,,,,58,58,0.7476170741815168,66,16746
policy_gss_0.01_auto,1024,151,51,70,,,,0,0,0,130,,,51,51,0.7766338406445837,67,16026
policy_gss_0.01_auto,1025,151,51,70,,,,0,0,0,74,,,51,51,0.7690582959641256,67,16454
policy_gss_0.01_auto,1026,155,55,70,,,,0,0,0,,,,55,55,0.7725284339457568,66,16451
policy_gss_0.01_auto,1027,152,52,70,,,,0,0,0,144,,,52,52,0.9256521739130434,64,16740
policy_gss_0.01_auto,1028,153,53,70,,,,0,0,0,,,,53,53,0.7813765182186235,67,16414
policy_gss_0.01_auto,1029,165,65,68,,,,0,0,0,,,,65,65,0.7675334909377463,67,17598
policy_gss_0.01_auto,1030,153,53,70,,,,0,0,0,113,,,53,53,0.8862377503195569,64,16740
policy_gss_0.01_auto,1031,151,51,70,,,,0,0,0,,,,51,51,0.7545333923042902,64,16165
policy_gss_0.01_auto,1032,157,57,70,,,,0,0,0,70,,,57,57,0.8069958847736626,65,16859
policy_gss_0.01_auto,1033,151,51,70,,,,0,0,0,,,,51,51,0.7688927943760984,67,16156
policy_gss_0.01_auto,1034,152,52,70,,,,0,0,0,,,,52,52,0.8163357400722022,65,16275
policy_gss_0.01_auto,1035,157,57,70,81,,,74,0,0,,33,24,57,57,0.7433516251582947,64,16801
policy_gss_0.01_auto,1036,152,52,70,,,,0,0,0,,,,52,52,0.7338886453309952,67,16171
policy_gss_0.01_auto,1037,152,52,70,,,,0,0,0,,,,52,52,0.8347750865051903,66,16332
policy_gss_0.01_auto,1038,151,51,70,,,,0,0,0,133,,,51,51,0.7308385933273219,67,16071
policy_gss_0.01_auto,1039,163,63,67,,,,0,0,0,88,,,63,63,0.7241653418124007,67,17343
policy_gss_0.01_auto,1040,154,54,70,,,,0,0,0,140,,,54,54,0.8106093818500658,66,16419
policy_gss_0.01_auto,1041,151,51,70,,,,0,0,0,124,,,51,51,0.746614242027086,66,16061
policy_gss_0.01_auto,1042,168,68,68,,,,0,0,0,82,,,68,68,0.7438330170777988,67,17958
policy_gss_0.01_auto,1043,162,62,67,,,,0,0,0,100,,,62,62,0.8231046931407943,66,17424
policy_gss_0.01_auto,1044,152,52,70,,,,0,0,0,,,,52,52,0.7252843394575678,68,16121
policy_gss_0.01_auto,1045,153,53,70,,,,0,0,0,77,76,,53,53,0.769297484822203,67,16326
policy_gss_0.01_auto,1046,152,52,70,,,,0,0,0,,,,52,52,0.6986842105263158,68,15932
policy_gss_0.01_auto,1047,153,53,70,,,,0,0,0,92,,,53,53,0.8044914134742405,66,16474
policy_gss_0.01_auto,1048,152,52,70,,,,0,0,0,,,,52,52,0.7091703056768559,68,16040
policy_gss_0.01_auto,1049,152,52,70,,,,0,0,0,147,,,52,52,0.7667950363714163,66,16279
policy_gss_0.01_auto,1050,152,52,70,,,,0,0,0,144,,,52,52,0.78419452887538,66,16448
policy_gss_0.01_fixed,1001,201,101,65,52,,,126,0,0,89,,,52,52,0.7636662556514591,66,21499
policy_gss_0.01_fixed,1002,201,101,67,53,,,142,0,0,89,,,53,53,0.77819392426134,65,21412
policy_gss_0.01_fixed,1003,201,101,65,52,94,,117,106,0,81,,,52,52,0.8520066889632107,65,21749
policy_gss_0.01_fixed,1004,201,101,65,56,95,,112,102,0,70,,,56,56,0.8665314401622718,65,21913
policy_gss_0.01_fixed,1005,201,101,67,52,,,143,0,0,70,,,52,52,0.8199748216533781,67,21295
policy_gss_0.01_fixed,1006,201,101,65,53,68,,120,128,0,70,,,53,53,0.7673368896183833,67,21423
policy_gss_0.01_fixed,1007,201,101,65,63,,,132,0,0,72,,,63,63,0.8038079470198676,67,21287
policy_gss_0.01_fixed,1008,201,101,67,52,,,145,0,0,,,,52,52,0.8078838174273859,66,21296
policy_gss_0.01_fixed,1009,201,101,67,51,84,,123,116,0,70,,,51,51,0.8243843358901898,65,21494
policy_gss_0.01_fixed,1010,201,101,65,52,70,,126,127,0,77,,,52,52,0.8016806722689076,67,21369
policy_gss_0.01_fixed,1011,201,101,65,51,87,,124,114,0,70,,,51,51,0.8223954060705496,65,21670
policy_gss_0.01_fixed,1012,201,101,65,52,62,,120,136,0,70,,,52,52,0.8239806217198223,66,21548
policy_gss_0.01_fixed,1013,201,101,67,52,,,142,0,0,70,,,52,52,0.8591895210806385,66,21721
policy_gss_0.01_fixed,1014,201,101,65,59,,,139,0,0,70,,,59,59,0.7789342214820982,66,21362
policy_gss_0.01_fixed,1015,201,101,65,52,64,,134,137,0,70,,,52,52,0.785140562248996,67,21329
policy_gss_0.01_fixed,1016,201,101,65,51,59,,136,139,0,70,,,51,51,0.7797818791946308,68,21393
policy_gss_0.01_fixed,1017,201,101,65,51,67,88,104,122,113,70,,,51,51,0.8167313497197067,67,21357
policy_gss_0.01_fixed,1018,201,101,65,52,,,142,0,0,71,,,52,52,0.7578512396694215,67,21282
policy_gss_0.01_fixed,1019,201,101,65,52,,,131,0,0,92,,,52,52,0.7897392767031118,65,21449
policy_gss_0.01_fixed,1020,201,101,65,52,62,,124,138,0,70,23,14,52,52,0.801980198019802,66,21629
policy_gss_0.01_fixed,1021,201,101,65,51,,,135,0,0,70,,,51,51,0.73746918652424,68,21079
policy_gss_0.01_fixed,1022,201,101,67,54,64,,115,134,0,70,,,54,54,0.7686567164179104,68,21439
policy_gss_0.01_fixed,1023,201,101,65,58,,,134,0,0,91,,,58,58,0.8032111980238782,66,21349
policy_gss_0.01_fixed,1024,201,101,67,51,57,,139,143,0,70,,,51,51,0.784799316823228,68,21241
policy_gss_0.01_fixed,1025,201,101,65,51,54,,86,146,0,70,18,7,51,51,0.7632346811171321,67,22019
policy_gss_0.01_fixed,1026,201,101,65,55,,,137,0,0,70,,,55,55,0.7256847955537912,66,21279
policy_gss_0.01_fixed,1027,201,101,65,52,,,125,0,0,75,,,52,52,0.8630417007358954,66,21795
policy_gss_0.01_fixed,1028,201,101,65,53,,,131,0,0,70,,,53,53,0.7743547044129891,66,21466
policy_gss_0.01_fixed,1029,201,101,65,65,,,126,0,0,76,,,65,65,0.776268477826608,67,21457
policy_gss_0.01_fixed,1030,201,101,65,53,,,141,0,0,95,,,53,53,0.7784232365145228,67,21380
policy_gss_0.01_fixed,1031,201,101,68,51,,,139,0,0,70,,,51,51,0.7875457875457875,67,21440
policy_gss_0.01_fixed,1032,201,101,68,57,,,136,0,0,70,,,57,57,0.7258130918073281,67,21132
policy_gss_0.01_fixed,1033,201,101,68,51,,,131,0,0,70,,,51,51,0.7889215274863617,66,21492
policy_gss_0.01_fixed,1034,201,101,67,52,,,141,0,0,70,,,52,52,0.7794786925941249,67,21531
policy_gss_0.01_fixed,1035,201,101,65,57,78,,119,119,0,70,,,57,57,0.7927332782824112,67,21528
policy_gss_0.01_fixed,1036,201,101,65,52,56,,118,145,0,70,,,52,52,0.7435362802335279,66,21501
policy_gss_0.01_fixed,1037,201,101,65,52,70,,130,129,0,70,,,52,52,0.775,67,21417
policy_gss_0.01_fixed,1038,201,101,65,51,,,123,0,0,70,,,51,51,0.7767031118587048,68,21449
policy_gss_0.01_fixed,1039,201,101,65,63,,,129,0,0,75,,,63,63,0.698009318085557,67,21303
policy_gss_0.01_fixed,1040,201,101,65,54,,,143,0,0,70,,,54,54,0.7528183716075156,68,21194
policy_gss_0.01_fixed,1041,201,101,67,51,,,145,0,0,83,80,,51,51,0.7940685045948204,66,21867
policy_gss_0.01_fixed,1042,201,101,65,68,82,,103,119,0,79,,,68,68,0.8003412969283277,67,21444
policy_gss_0.01_fixed,1043,201,101,65,62,68,,114,132,0,73,,,62,62,0.7797894736842105,67,21414
policy_gss_0.01_fixed,1044,201,101,65,52,,,126,0,0,70,,,52,52,0.728468392023759,67,21241
policy_gss_0.01_fixed,1045,201,101,67,53,69,,132,132,0,70,,,53,53,0.7756357670221493,66,21433
policy_gss_0.01_fixed,1046,201,101,65,52,,,143,0,0,97,,,52,52,0.8627615062761507,64,21665
policy_gss_0.01_fixed,1047,201,101,65,53,86,,112,114,0,70,,,53,53,0.8046610169491526,67,21576
policy_gss_0.01_fixed,1048,201,101,65,52,,,136,0,0,70,,,52,52,0.7757475083056479,66,21474
policy_gss_0.01_fixed,1049,201,101,65,52,,,147,0,0,105,,,52,52,0.8713942307692307,66,21713
policy_gss_0.01_fixed,1050,201,101,65,52,,,142,0,0,70,,,52,52,0.7936842105263158,67,21175
policy_gss_0.01_sustained,1001,190,90,65,52,,,124,0,0,89,,,52,52,0.759016393442623,67,20283
policy_gss_0.01_sustained,1002,190,90,65,53,,,131,0,0,89,,,53,53,0.81120826709062,66,20447
policy_gss_0.01_sustained,1003,182,82,65,52,,,117,0,0,81,,,52,52,0.8188489764387794,67,19523
policy_gss_0.01_sustained,1004,171,71,65,56,,,108,0,0,70,23,12,56,56,0.7307401812688822,67,18308
policy_gss_0.01_sustained,1005,171,71,65,52,,,114,0,0,70,,,52,52,0.7543103448275862,67,18044
policy_gss_0.01_sustained,1006,171,71,65,53,68,,104,101,0,70,,,53,53,0.7985948477751756,66,18303
policy_gss_0.01_sustained,1007,173,73,65,63,,,104,0,0,72,71,,63,63,0.7742058936088787,67,18467
policy_gss_0.01_sustained,1008,223,123,65,52,,,167,0,0,122,,,52,52,0.8683794466403162,65,23870
policy_gss_0.01_sustained,1009,171,71,65,51,,,107,0,0,70,,,51,51,0.7933436532507739,66,18360
policy_gss_0.01_sustained,1010,178,78,65,52,70,,115,106,0,77,,,52,52,0.7917146144994246,68,19040
policy_gss_0.01_sustained,1011,171,71,65,51,,,107,0,0,70,,,51,51,0.7518389469608981,66,18273
policy_gss_0.01_sustained,1012,171,71,65,52,62,,102,109,0,70,,,52,52,0.9083588957055214,65,18661
policy_gss_0.01_sustained,1013,171,71,65,52,,,112,0,0,70,,,52,52,0.8227611940298507,66,18258
policy_gss_0.01_sustained,1014,171,71,65,59,,,112,0,0,70,,,59,59,0.7943425076452599,66,18486
policy_gss_0.01_sustained,1015,171,71,65,52,64,,104,107,0,70,,,52,52,0.7701421800947867,67,18242
policy_gss_0.01_sustained,1016,171,71,65,51,59,,106,109,0,70,,,51,51,0.7544457056375331,67,18214
policy_gss_0.01_sustained,1017,171,71,65,51,67,,103,101,0,70,,,51,51,0.7798693814829043,68,18277
policy_gss_0.01_sustained,1018,172,72,65,52,,,113,0,0,71,,,52,52,0.7984761904761905,66,18361
policy_gss_0.01_sustained,1019,193,93,65,52,,,128,0,0,92,,,52,52,0.7650508209538702,66,20530
policy_gss_0.01_sustained,1020,171,71,65,52,62,,101,108,0,70,55,45,52,52,0.7732038834951457,67,18609
policy_gss_0.01_sustained,1021,171,71,65,51,,,105,0,0,70,,,51,51,0.7758881330309901,66,18278
policy_gss_0.01_sustained,1022,171,71,65,54,64,,101,104,0,70,,,54,54,0.736901620806634,68,18272
policy_gss_0.01_sustained,1023,192,92,65,58,,,130,0,0,91,,,58,58,0.8087539432176656,66,20535
policy_gss_0.01_sustained,1024,171,71,65,51,57,,110,113,0,70,,,51,51,0.7561070182241179,67,18033
policy_gss_0.01_sustained,1025,171,71,65,51,54,,99,116,0,70,48,58,51,51,0.8118624858330186,67,18899
policy_gss_0.01_sustained,1026,171,71,65,55,,,107,0,0,70,,,55,55,0.7117465224111282,68,18098
policy_gss_0.01_sustained,1027,176,76,65,52,,,115,0,0,75,,,52,52,0.8709677419354839,66,19288
policy_gss_0.01_sustained,1028,171,71,65,53,,,102,0,0,70,,,53,53,0.7807737397420867,67,18297
policy_gss_0.01_sustained,1029,177,77,65,65,,,109,0,0,76,,,65,65,0.7962674961119751,66,18949
policy_gss_0.01_sustained,1030,196,96,65,53,,,137,0,0,95,,,53,53,0.795751633986928,68,20807
policy_gss_0.01_sustained,1031,171,71,65,51,,,109,0,0,70,,,51,51,0.7617760617760618,66,18145
policy_gss_0.01_sustained,1032,171,71,65,57,,,106,0,0,70,,,57,57,0.7477652545666537,68,18136
policy_gss_0.01_sustained,1033,171,71,65,51,,,105,0,0,70,,,51,51,0.7468010856921288,67,18214
policy_gss_0.01_sustained,1034,171,71,65,52,,,111,0,0,70,,,52,52,0.7503725782414307,67,18179
policy_gss_0.01_sustained,1035,171,71,65,57,,,107,0,0,70,,,57,57,0.8177727784026997,65,18592
policy_gss_0.01_sustained,1036,171,71,65,52,56,,101,115,0,70,,,52,52,0.8228285933897003,67,18443
policy_gss_0.01_sustained,1037,171,71,65,52,70,,109,101,0,70,,,52,52,0.814135103475205,66,18404
policy_gss_0.01_sustained,1038,171,71,65,51,,,103,0,0,70,,,51,51,0.8398285268901013,66,18462
policy_gss_0.01_sustained,1039,176,76,65,63,,,111,0,0,75,,,63,63,0.8850358085186582,64,19223
policy_gss_0.01_sustained,1040,171,71,65,54,,,113,0,0,70,,,54,54,0.8333333333333334,67,18206
policy_gss_0.01_sustained,1041,184,84,65,51,,,128,0,0,83,,,51,51,0.831582895723931,65,20152
policy_gss_0.01_sustained,1042,180,80,65,68,,,101,0,0,79,,,68,68,0.8155192088246481,66,19312
policy_gss_0.01_sustained,1043,174,74,65,62,68,,101,105,0,73,,,62,62,0.7987874194770747,66,18874
policy_gss_0.01_sustained,1044,171,71,65,52,,,114,0,0,70,,,52,52,0.7536679536679537,67,18160
policy_gss_0.01_sustained,1045,171,71,65,53,69,,105,102,0,70,,,53,53,0.7928488146132919,66,18207
policy_gss_0.01_sustained,1046,198,98,65,52,,,143,0,0,97,,,52,52,0.926285945727015,62,21464
policy_gss_0.01_sustained,1047,171,71,65,53,,,107,0,0,70,83,83,53,53,0.8115558912386707,66,18777
policy_gss_0.01_sustained,1048,171,71,65,52,,,109,0,0,70,,,52,52,0.7975959674292361,67,18400
policy_gss_0.01_sustained,1049,206,106,65,52,,,152,0,0,105,,,52,52,0.8147679324894515,67,22070
policy_gss_0.01_sustained,1050,171,71,65,52,,,112,0,0,70,,,52,52,0.8600855033035367,65,18487
policy_gss_0.02_auto,1001,152,52,70,,,,0,0,0,,,,52,52,0.7167113494191242,66,16042
policy_gss_0.02_auto,1002,151,51,70,,,,0,0,0,,,,51,51,0.7586975914362176,66,16076
policy_gss_0.02_auto,1003,152,52,70,,,,0,0,0,,,,52,52,0.8047790802524797,66,15984
policy_gss_0.02_auto,1004,152,52,70,,,,0,0,0,,,,52,52,0.819402338674751,67,16027
policy_gss_0.02_auto,1005,153,53,70,113,,,36,0,0,109,69,60,53,53,0.7902879243661367,67,16494
policy_gss_0.02_auto,1006,153,53,70,,,,0,0,0,,,,53,53,0.7628732150584163,65,16139
policy_gss_0.02_auto,1007,151,51,70,,,,0,0,0,147,,,51,51,0.7971781305114638,65,16101
policy_gss_0.02_auto,1008,159,59,70,,,,0,0,0,91,,,59,59,0.7354519191085431,67,16831
policy_gss_0.02_auto,1009,151,51,70,147,,,1,0,0,,97,96,51,51,0.9410698096101541,62,16244
policy_gss_0.02_auto,1010,152,52,70,,,,0,0,0,115,31,,52,52,0.8331108144192256,66,16445
policy_gss_0.02_auto,1011,152,52,70,,,,0,0,0,116,,,52,52,0.7141608391608392,67,15855
policy_gss_0.02_auto,1012,152,52,70,77,,,73,0,0,147,35,25,52,52,0.7799650043744532,67,16031
policy_gss_0.02_auto,1013,155,55,70,,,,0,0,0,146,,,55,55,0.7608421052631579,67,16234
policy_gss_0.02_auto,1014,162,62,65,,,,0,0,0,134,,,62,62,0.7927671678179602,66,17333
policy_gss_0.02_auto,1015,152,52,70,,,,0,0,0,,,,52,52,0.7650367806144526,67,16137
policy_gss_0.02_auto,1016,152,52,70,,,,0,0,0,74,,,52,52,0.8317880794701987,66,16398
policy_gss_0.02_auto,1017,151,51,70,,,,0,0,0,141,,,51,51,0.8093556928508385,66,15982
policy_gss_0.02_auto,1018,154,54,70,,,,0,0,0,129,,,54,54,0.8220594571305472,66,16557
policy_gss_0.02_auto,1019,154,54,70,,,,0,0,0,,,,54,54,0.7949367088607595,66,16226
policy_gss_0.02_auto,1020,152,52,70,,,,0,0,0,,,,52,52,0.7570255079982706,67,16064
policy_gss_0.02_auto,1021,151,51,70,,,,0,0,0,141,,,51,51,0.8179834133566128,65,16054
policy_gss_0.02_auto,1022,152,52,70,,,,0,0,0,,,,52,52,0.7692307692307693,65,16012
policy_gss_0.02_auto,1023,156,56,70,136,,,19,0,0,,89,80,56,56,0.7900696864111498,66,16445
policy_gss_0.02_auto,1024,151,51,70,,,,0,0,0,115,,,51,51,0.8388912949328714,65,16189
policy_gss_0.02_auto,1025,152,52,70,,,,0,0,0,143,,,52,52,0.8009499136442142,66,16187
policy_gss_0.02_auto,1026,152,52,70,,,,0,0,0,,,,52,52,0.7702182284980744,67,16188
policy_gss_0.02_auto,1027,154,54,70,,,,0,0,0,,,,54,54,0.7606837606837606,67,16158
policy_gss_0.02_auto,1028,152,52,70,,,,0,0,0,,,,52,52,0.7730220492866408,66,16091
policy_gss_0.02_auto,1029,152,52,70,,,,0,0,0,,,,52,52,0.8210388476647752,65,16260
policy_gss_0.02_auto,1030,151,51,70,,,,0,0,0,,,,51,51,0.8891786179921773,65,16148
policy_gss_0.02_auto,1031,152,52,70,144,,,1,0,0,,100,92,52,52,0.9824638316527838,62,16590
policy_gss_0.02_auto,1032,154,54,70,,,,0,0,0,82,42,,54,54,0.7770382695507487,67,16500
policy_gss_0.02_auto,1033,151,51,70,,,,0,0,0,,,,51,51,0.7528735632183908,67,15811
policy_gss_0.02_auto,1034,151,51,70,,,,0,0,0,,,,51,51,0.7560546014971379,66,15952
policy_gss_0.02_auto,1035,228,128,65,,,,0,0,0,94,,,128,128,0.7674236491777604,65,23931
policy_gss_0.02_auto,1036,155,55,70,,,,0,0,0,,,,55,55,0.7443771626297578,67,16180
policy_gss_0.02_auto,1037,151,51,70,123,,,26,0,0,96,70,72,51,51,0.8772378516624041,65,16439
policy_gss_0.02_auto,1038,152,52,70,150,,,0,0,0,,,98,52,52,0.9773755656108597,62,16547
policy_gss_0.02_auto,1039,152,52,70,,,,0,0,0,,,,52,52,0.8147151188873935,67,16205
policy_gss_0.02_auto,1040,151,51,70,131,,,17,0,0,,90,80,51,51,0.7355873428695275,65,15855
policy_gss_0.02_auto,1041,151,51,70,,,,0,0,0,,,,51,51,0.7883020515058926,67,16025
policy_gss_0.02_auto,1042,171,71,67,,,,0,0,0,,,,71,71,0.8145344436033308,66,18164
policy_gss_0.02_auto,1043,152,52,70,,,,0,0,0,81,,,52,52,0.7522007042253521,68,15941
policy_gss_0.02_auto,1044,152,52,70,,,,0,0,0,,43,,52,52,0.8127753303964758,64,16388
policy_gss_0.02_auto,1045,180,80,65,,,,0,0,0,80,,,80,80,0.8125231567247129,67,19158
policy_gss_0.02_auto,1046,158,58,70,,,,0,0,0,86,,,58,58,0.8386547467007237,62,16913
policy_gss_0.02_auto,1047,154,54,70,,,,0,0,0,124,,,54,54,0.7426284751474305,67,16246
policy_gss_0.02_auto,1048,151,51,70,,,,0,0,0,76,,,51,51,0.7571884984025559,67,15855
policy_gss_0.02_auto,1049,152,52,70,,,,0,0,0,,,,52,52,0.7598214285714285,66,16088
policy_gss_0.02_auto,1050,153,53,70,,,,0,0,0,,,,53,53,0.7420755536257057,67,15940
policy_gss_0.02_fixed,1001,201,101,65,52,74,,112,122,0,70,,,52,52,0.9024807527801539,66,21726
policy_gss_0.02_fixed,1002,201,101,65,51,,,130,0,0,70,,,51,51,0.8789782244556114,66,21395
policy_gss_0.02_fixed,1003,201,101,65,52,,,145,0,0,70,,,52,52,0.810351966873706,67,21248
policy_gss_0.02_fixed,1004,201,101,67,52,,,130,0,0,70,83,74,52,52,0.761200338123415,66,21274
policy_gss_0.02_fixed,1005,201,101,67,53,,,123,0,0,70,,,53,53,0.8587002096436058,66,21153
policy_gss_0.02_fixed,1006,201,101,65,53,,,141,0,0,70,,,53,53,0.7474619289340102,68,21006
policy_gss_0.02_fixed,1007,201,101,65,51,65,,111,125,0,70,,96,51,51,0.9726418946508779,62,21957
policy_gss_0.02_fixed,1008,201,101,65,59,77,,106,119,0,70,,,59,59,0.8090712742980561,67,21531
policy_gss_0.02_fixed,1009,201,101,67,51,,,140,0,0,80,,,51,51,0.7825186412593206,66,20951
policy_gss_0.02_fixed,1010,201,101,65,52,59,,113,134,0,70,,,52,52,0.8725083056478405,65,21527
policy_gss_0.02_fixed,1011,201,101,65,52,,,127,0,0,86,,92,52,52,0.8842018196856907,62,21611
policy_gss_0.02_fixed,1012,201,101,65,52,76,,125,119,0,70,,,52,52,0.8228410008071025,66,21379
policy_gss_0.02_fixed,1013,201,101,67,55,,,135,0,0,70,,,55,55,0.8628595248020008,64,21427
policy_gss_0.02_fixed,1014,201,101,65,62,,,124,0,0,70,,,62,62,0.766499582289056,66,21320
policy_gss_0.02_fixed,1015,201,101,65,52,,,134,0,0,70,,,52,52,0.785120532003325,66,21297
policy_gss_0.02_fixed,1016,201,101,65,52,,,130,0,0,70,,,52,52,0.7705323978539002,66,21354
policy_gss_0.02_fixed,1017,201,101,65,51,,,141,0,0,82,,,51,51,0.8985263157894737,65,21566
policy_gss_0.02_fixed,1018,201,101,65,54,76,,123,120,0,70,,,54,54,0.7994173949230129,67,21320
policy_gss_0.02_fixed,1019,201,101,65,54,80,,130,121,0,72,,,54,54,0.7545198875050221,67,21159
policy_gss_0.02_fixed,1020,201,101,65,52,,,137,0,0,70,,,52,52,0.768909318846636,67,21267
policy_gss_0.02_fixed,1021,201,101,65,51,63,,129,137,0,70,,,51,51,0.8388957560774619,66,21459
policy_gss_0.02_fixed,1022,201,101,65,52,77,,110,124,0,70,,,52,52,0.8051782682512734,67,21313
policy_gss_0.02_fixed,1023,201,101,65,56,,,137,0,0,70,59,32,56,56,0.9207317073170732,64,21897
policy_gss_0.02_fixed,1024,201,101,67,51,,,145,0,0,70,,,51,51,0.8296888141295206,66,21231
policy_gss_0.02_fixed,1025,201,101,68,52,55,,126,144,0,70,,,52,52,0.8643716300290336,65,21621
policy_gss_0.02_fixed,1026,201,101,65,52,,,125,0,0,70,,,52,52,0.7753922378199835,66,21672
policy_gss_0.02_fixed,1027,201,101,65,54,58,,125,141,0,70,,,54,54,0.7655723905723906,66,21332
policy_gss_0.02_fixed,1028,201,101,65,52,56,,103,139,0,70,,,52,52,0.8364859184531316,66,21496
policy_gss_0.02_fixed,1029,201,101,65,52,,,145,0,0,70,,,52,52,0.8308641975308642,66,21573
policy_gss_0.02_fixed,1030,201,101,65,51,81,,131,117,0,78,,,51,51,0.8182583087925958,66,21177
policy_gss_0.02_fixed,1031,201,101,65,52,,,137,0,0,70,,,52,52,0.7635303913405496,68,21046
policy_gss_0.02_fixed,1032,201,101,65,54,60,,110,139,0,70,,,54,54,0.7767183154549067,66,21342
policy_gss_0.02_fixed,1033,201,101,65,51,,,126,0,0,80,92,86,51,51,0.7926476662536142,66,21580
policy_gss_0.02_fixed,1034,201,101,65,51,,,115,0,0,70,,,51,51,0.8872117400419287,64,21636
policy_gss_0.02_fixed,1035,228,128,65,,,,0,0,0,94,,,128,128,0.7674236491777604,65,23931
policy_gss_0.02_fixed,1036,201,101,65,55,,,143,0,0,70,,,55,55,0.7648514851485149,66,21113
policy_gss_0.02_fixed,1037,201,101,65,51,,,121,0,0,70,96,87,51,51,0.8275721838145588,66,21411
policy_gss_0.02_fixed,1038,201,101,65,52,,,134,0,0,70,,,52,52,0.7734919983586377,66,21121
policy_gss_0.02_fixed,1039,201,101,67,52,76,,126,125,0,70,74,85,52,52,0.8887050062060405,64,21969
policy_gss_0.02_fixed,1040,201,101,67,51,,,142,0,0,163,,,51,51,0.7716,67,21164
policy_gss_0.02_fixed,1041,201,101,65,51,,,139,0,0,70,,,51,51,0.8107660455486543,67,21448
policy_gss_0.02_fixed,1042,201,101,67,71,,,130,0,0,80,,,71,71,0.75625,68,21035
policy_gss_0.02_fixed,1043,201,101,65,52,,,132,0,0,76,,,52,52,0.787765293383271,68,21175
policy_gss_0.02_fixed,1044,201,101,65,52,74,,105,125,0,70,,,52,52,0.8050288540807914,66,21445
policy_gss_0.02_fixed,1045,201,101,65,80,,,110,0,0,80,,,80,80,0.8085018572018159,67,21363
policy_gss_0.02_fixed,1046,201,101,65,58,,,137,0,0,70,,,58,58,0.8252987227029254,66,21445
policy_gss_0.02_fixed,1047,201,101,65,54,,,134,0,0,70,19,,54,54,0.7585215605749487,68,21224
policy_gss_0.02_fixed,1048,201,101,67,51,62,,122,135,0,70,,,51,51,0.8078512396694215,67,21375
policy_gss_0.02_fixed,1049,201,101,68,52,69,,127,132,0,70,,,52,52,0.7852684144818977,65,21443
policy_gss_0.02_fixed,1050,201,101,65,53,,,145,0,0,70,,,53,53,0.8630248675091724,66,21309
policy_gss_0.02_sustained,1001,171,71,65,52,,,101,0,0,70,,,52,52,0.8019468363908648,66,18393
policy_gss_0.02_sustained,1002,171,71,65,51,,,105,0,0,70,,,51,51,0.8335251246643651,65,18309
policy_gss_0.02_sustained,1003,171,71,65,52,,,115,0,0,70,,,52,52,0.7321981424148607,67,17777
policy_gss_0.02_sustained,1004,171,71,65,52,,,104,0,0,70,,,52,52,0.7461656441717791,67,18010
policy_gss_0.02_sustained,1005,171,71,65,53,,,109,0,0,70,22,,53,53,0.8107387661843107,66,18424
policy_gss_0.02_sustained,1006,171,71,65,53,,,111,0,0,70,,,53,53,0.7946969696969697,66,18074
policy_gss_0.02_sustained,1007,171,71,65,51,65,,103,101,0,70,,,51,51,0.7250384024577573,67,18056
policy_gss_0.02_sustained,1008,171,71,65,59,,,101,0,0,70,,,59,59,0.8478755690440061,65,18491
policy_gss_0.02_sustained,1009,181,81,65,51,,,120,0,0,80,,,51,51,0.7897727272727273,66,19203
policy_gss_0.02_sustained,1010,171,71,65,52,59,,101,104,0,70,,,52,52,0.8133282847406286,66,18343
policy_gss_0.02_sustained,1011,187,87,65,52,,,122,0,0,86,,,52,52,0.7884160756501182,67,19830
policy_gss_0.02_sustained,1012,171,71,65,52,,,108,0,0,70,17,6,52,52,0.7485119047619048,67,18160
policy_gss_0.02_sustained,1013,171,71,65,55,,,105,0,0,70,,,55,55,0.8864341085271318,65,18500
policy_gss_0.02_sustained,1014,171,71,65,62,,,101,0,0,70,,,62,62,0.7891104294478528,67,18307
policy_gss_0.02_sustained,1015,171,71,65,52,,,104,0,0,70,,,52,52,0.9338235294117647,62,18637
policy_gss_0.02_sustained,1016,171,71,65,52,,,101,0,0,70,51,42,52,52,0.823053199691596,66,18572
policy_gss_0.02_sustained,1017,183,83,65,51,,,123,0,0,82,,,51,51,0.7483171278982798,67,19234
policy_gss_0.02_sustained,1018,171,71,65,54,,,113,0,0,70,,,54,54,0.8381852551984877,67,18335
policy_gss_0.02_sustained,1019,173,73,65,54,,,116,0,0,72,19,,54,54,0.7949612403100775,66,18487
policy_gss_0.02_sustained,1020,171,71,65,52,,,108,0,0,70,,,52,52,0.7229102167182663,68,18101
policy_gss_0.02_sustained,1021,171,71,65,51,63,,101,107,0,70,,,51,51,0.8318216175359032,65,18605
policy_gss_0.02_sustained,1022,171,71,65,52,,,101,0,0,70,,,52,52,0.743202416918429,67,18071
policy_gss_0.02_sustained,1023,171,71,65,56,,,112,0,0,70,,,56,56,0.7969161338849191,66,18098
policy_gss_0.02_sustained,1024,171,71,65,51,,,115,0,0,70,,,51,51,0.7667570709027509,67,18182
policy_gss_0.02_sustained,1025,171,71,65,52,55,,102,114,0,70,,,52,52,0.7686139747995419,67,18096
policy_gss_0.02_sustained,1026,171,71,65,52,,,102,0,0,70,,,52,52,0.7962680883472962,67,18474
policy_gss_0.02_sustained,1027,171,71,65,54,58,,103,111,0,70,,,54,54,0.7736059479553903,66,18250
policy_gss_0.02_sustained,1028,171,71,65,52,56,,101,111,0,70,93,,52,52,0.7521534847298356,62,18452
policy_gss_0.02_sustained,1029,171,71,65,52,,,108,0,0,70,72,63,52,52,0.738569753810082,66,18368
policy_gss_0.02_sustained,1030,179,79,65,51,,,125,0,0,78,,,51,51,0.840754716981132,65,19122
policy_gss_0.02_sustained,1031,171,71,65,52,,,111,0,0,70,,,52,52,0.8384998086490624,67,18096
policy_gss_0.02_sustained,1032,171,71,65,54,60,,104,109,0,70,,,54,54,0.8737642585551331,65,18566
policy_gss_0.02_sustained,1033,181,81,65,51,,,117,0,0,80,66,56,51,51,0.79369957741068,66,19512
policy_gss_0.02_sustained,1034,171,71,65,51,,,101,0,0,70,76,67,51,51,0.7882219705549264,65,18408
policy_gss_0.02_sustained,1035,228,128,65,,,,0,0,0,94,,,128,128,0.7674236491777604,65,23931
policy_gss_0.02_sustained,1036,171,71,65,55,,,113,0,0,70,,,55,55,0.773916292974589,67,18060
policy_gss_0.02_sustained,1037,171,71,65,51,,,105,0,0,70,,,51,51,0.8156028368794326,66,18274
policy_gss_0.02_sustained,1038,171,71,65,52,,,104,0,0,70,,,52,52,0.7496171516079633,67,17959
policy_gss_0.02_sustained,1039,171,71,65,52,,,106,0,0,70,,,52,52,0.9089512101421436,64,18628
policy_gss_0.02_sustained,1040,225,125,65,51,,,166,0,0,124,,,51,51,0.7253803042433947,67,23414
policy_gss_0.02_sustained,1041,171,71,65,51,,,112,0,0,70,,,51,51,0.7672907909820404,66,18166
policy_gss_0.02_sustained,1042,181,81,65,71,,,110,0,0,80,,,71,71,0.8743169398907104,66,19291
policy_gss_0.02_sustained,1043,177,77,65,52,,,113,0,0,76,,,52,52,0.8117735283089614,67,18881
policy_gss_0.02_sustained,1044,171,71,65,52,,,101,0,0,70,19,,52,52,0.8372623574144487,67,18507
policy_gss_0.02_sustained,1045,181,81,65,80,,,101,0,0,80,,,80,80,0.8221970554926388,66,19307
policy_gss_0.02_sustained,1046,171,71,65,58,,,111,0,0,70,,,58,58,0.8191938579654511,65,18297
policy_gss_0.02_sustained,1047,171,71,65,54,,,110,0,0,70,52,,54,54,0.7444149943203332,67,18006
policy_gss_0.02_sustained,1048,171,71,65,51,62,,101,106,0,70,,,51,51,0.767905017234776,67,18145
policy_gss_0.02_sustained,1049,171,71,65,52,69,,106,102,0,70,,,52,52,0.7610818933132982,66,18252
policy_gss_0.02_sustained,1050,171,71,65,53,,,115,0,0,70,,,53,53,0.7827586206896552,66,17985
policy_gss_0.04_auto,1001,152,52,70,,,,0,0,0,140,,,52,52,0.7030380830124091,67,15674
policy_gss_0.04_auto,1002,152,52,70,,,,0,0,0,,88,,52,52,0.8107158541941151,66,16092
policy_gss_0.04_auto,1003,154,54,70,,,,0,0,0,108,,,54,54,0.8341880341880342,66,16115
policy_gss_0.04_auto,1004,151,51,70,116,,,34,0,0,70,71,65,51,51,0.8189692507579038,66,15936
policy_gss_0.04_auto,1005,152,52,70,,,,0,0,0,108,89,,52,52,0.7567449956483899,67,15798
policy_gss_0.04_auto,1006,159,59,70,140,,,9,0,0,87,88,81,59,59,0.9065573770491804,62,17159
policy_gss_0.04_auto,1007,160,60,70,71,,,89,0,0,70,22,11,60,60,0.7437165224557066,66,16799
policy_gss_0.04_auto,1008,152,52,70,123,,,17,0,0,104,62,71,52,52,0.7481609692773691,66,16066
policy_gss_0.04_auto,1009,151,51,70,,,,0,0,0,,,,51,51,0.9177777777777778,62,15946
policy_gss_0.04_auto,1010,152,52,70,69,,,76,0,0,109,27,17,52,52,0.8994867408041061,62,16301
policy_gss_0.04_auto,1011,151,51,70,,,,0,0,0,108,,,51,51,0.8049738219895288,66,15683
policy_gss_0.04_auto,1012,151,51,70,,,,0,0,0,91,,,51,51,0.7861350249207069,66,15636
policy_gss_0.04_auto,1013,154,54,70,,,,0,0,0,,,,54,54,0.8359408033826639,66,16013
policy_gss_0.04_auto,1014,151,51,70,,,,0,0,0,70,,,51,51,0.7927461139896373,65,15931
policy_gss_0.04_auto,1015,151,51,70,,,,0,0,0,,,,51,51,0.8232456140350877,65,15696
policy_gss_0.04_auto,1016,151,51,70,,,,0,0,0,,99,,51,51,0.8741007194244604,62,15705
policy_gss_0.04_auto,1017,151,51,70,,,,0,0,0,81,,,51,51,0.8718505647263249,62,16011
policy_gss_0.04_auto,1018,153,53,70,,,,0,0,0,148,,,53,53,0.8557899268187689,65,16116
policy_gss_0.04_auto,1019,154,54,70,98,,,50,0,0,,51,44,54,54,0.7836206896551724,66,16073
policy_gss_0.04_auto,1020,151,51,70,85,104,,15,47,0,70,43,34,51,51,0.9728915662650602,62,16888
policy_gss_0.04_auto,1021,151,51,70,,,,0,0,0,133,,,51,51,0.91380060949064,65,15983
policy_gss_0.04_auto,1022,152,52,70,,,,0,0,0,104,64,,52,52,0.7573149741824441,67,15780
policy_gss_0.04_auto,1023,152,52,70,139,,,7,0,0,,97,87,52,52,0.8743028743028743,62,16128
policy_gss_0.04_auto,1024,151,51,70,,,,0,0,0,87,,,51,51,0.789587852494577,67,15645
policy_gss_0.04_auto,1025,151,51,70,65,,,74,0,0,,24,14,51,51,0.9039675383228133,62,16373
policy_gss_0.04_auto,1026,152,52,70,,,,0,0,0,70,,,52,52,0.8079757260511486,66,15830
policy_gss_0.04_auto,1027,151,51,70,,,,0,0,0,,,,51,51,0.7796312554872695,67,15463
policy_gss_0.04_auto,1028,152,52,70,133,,,16,0,0,119,90,81,52,52,0.9138692579505301,62,16468
policy_gss_0.04_auto,1029,151,51,70,75,,,76,0,0,107,31,24,51,51,0.8970588235294118,65,16280
policy_gss_0.04_auto,1030,152,52,70,,,,0,0,0,,,,52,52,0.8118556701030928,66,15776
policy_gss_0.04_auto,1031,151,51,70,,,,0,0,0,112,91,,51,51,0.7927888792354474,66,15755
policy_gss_0.04_auto,1032,155,55,70,,,,0,0,0,,39,,55,55,0.8050043140638481,66,16225
policy_gss_0.04_auto,1033,151,51,70,,,,0,0,0,,,,51,51,0.773222852158744,66,15608
policy_gss_0.04_auto,1034,155,55,70,66,,,53,0,0,,21,11,55,55,0.9715909090909091,62,17115
policy_gss_0.04_auto,1035,157,57,70,,,,0,0,0,90,,,57,57,0.7998278088678433,66,16350
policy_gss_0.04_auto,1036,152,52,70,,,,0,0,0,124,,,52,52,0.8164556962025317,65,15890
policy_gss_0.04_auto,1037,151,51,70,,,,0,0,0,78,,,51,51,0.77390527256479,67,15638
policy_gss_0.04_auto,1038,151,51,70,,,,0,0,0,,,,51,51,0.8366515837104073,65,15740
policy_gss_0.04_auto,1039,152,52,70,,,,0,0,0,,63,,52,52,0.8076753418614909,62,16243
policy_gss_0.04_auto,1040,152,52,70,,,,0,0,0,131,94,,52,52,0.8397350993377484,65,16097
policy_gss_0.04_auto,1041,151,51,70,,,,0,0,0,,,,51,51,0.8191442434936039,66,15933
policy_gss_0.04_auto,1042,151,51,70,,,,0,0,0,86,,,51,51,0.8323327615780446,66,15749
policy_gss_0.04_auto,1043,151,51,70,,,,0,0,0,,,,51,51,0.8266438941076003,66,15835
policy_gss_0.04_auto,1044,151,51,70,141,,,1,0,0,,96,90,51,51,0.9495798319327731,62,16192
policy_gss_0.04_auto,1045,151,51,70,,,,0,0,0,,39,,51,51,0.8181026979982594,66,15690
policy_gss_0.04_auto,1046,186,86,65,167,,,7,0,0,84,91,81,86,86,0.9148694665153235,62,19858
policy_gss_0.04_auto,1047,152,52,70,,,,0,0,0,,37,,52,52,0.8765920070267896,66,16070
policy_gss_0.04_auto,1048,151,51,70,,,,0,0,0,,,,51,51,0.7639830508474577,67,15591
policy_gss_0.04_auto,1049,152,52,70,,,,0,0,0,86,,,52,52,0.8709536307961505,65,16238
policy_gss_0.04_auto,1050,152,52,70,,,,0,0,0,93,,,52,52,0.8031844316674038,66,15753
policy_gss_0.04_fixed,1001,201,101,65,52,,,135,0,0,70,,,52,52,0.8494533221194281,66,21016
policy_gss_0.04_fixed,1002,201,101,65,52,,,117,0,0,70,32,,52,52,0.868069607446378,64,21253
policy_gss_0.04_fixed,1003,201,101,65,54,66,,127,135,0,70,,,54,54,0.8253646677471637,62,21074
policy_gss_0.04_fixed,1004,201,101,65,51,83,,110,117,0,70,90,83,51,51,0.8993055555555556,65,21310
policy_gss_0.04_fixed,1005,201,101,65,52,70,,130,129,0,70,,,52,52,0.8986981285598047,66,21206
policy_gss_0.04_fixed,1006,201,101,65,59,,,125,0,0,70,40,,59,59,0.8485726106743897,66,21163
policy_gss_0.04_fixed,1007,201,101,65,60,67,,114,131,0,70,21,14,60,60,0.7842724978973927,66,20955
policy_gss_0.04_fixed,1008,201,101,65,52,,,133,0,0,70,,,52,52,0.8219743907476249,66,21046
policy_gss_0.04_fixed,1009,201,101,65,51,,,138,0,0,70,,,51,51,0.8713878713878714,65,21112
policy_gss_0.04_fixed,1010,201,101,65,52,68,,104,130,0,70,,,52,52,0.8026424442609413,66,21025
policy_gss_0.04_fixed,1011,201,101,65,51,100,,119,101,0,70,,,51,51,0.811864406779661,65,20850
policy_gss_0.04_fixed,1012,201,101,65,51,,,123,0,0,70,,,51,51,0.7791231732776618,65,20831
policy_gss_0.04_fixed,1013,201,101,65,54,,,134,0,0,70,100,,54,54,0.9116182572614108,62,21205
policy_gss_0.04_fixed,1014,201,101,65,51,59,,111,136,0,70,,,51,51,0.84,66,21296
policy_gss_0.04_fixed,1015,201,101,65,51,56,,123,140,0,70,58,,51,51,0.8655043586550436,65,21052
policy_gss_0.04_fixed,1016,201,101,65,51,62,,129,139,0,70,,,51,51,0.802422723475355,67,20750
policy_gss_0.04_fixed,1017,201,101,65,51,54,,113,140,0,70,,91,51,51,0.8289146644573322,62,21198
policy_gss_0.04_fixed,1018,201,101,65,53,81,,125,120,0,70,76,,53,53,0.8778054862842892,65,21415
policy_gss_0.04_fixed,1019,201,101,65,54,84,,120,115,0,80,43,34,54,54,0.83457005674378,67,21251
policy_gss_0.04_fixed,1020,201,101,65,51,62,,94,124,0,70,21,18,51,51,0.8779786359901397,66,21492
policy_gss_0.04_fixed,1021,201,101,67,51,62,,132,136,0,70,,,51,51,0.8671907323127844,62,21081
policy_gss_0.04_fixed,1022,201,101,65,52,80,,113,113,0,70,,,52,52,0.8618121638394705,66,21156
policy_gss_0.04_fixed,1023,201,101,65,52,65,,125,134,0,70,,,52,52,0.8719512195121951,62,21178
policy_gss_0.04_fixed,1024,201,101,65,51,68,,118,132,0,70,,,51,51,0.7320099255583127,67,20791
policy_gss_0.04_fixed,1025,201,101,65,51,56,,109,135,0,70,,,51,51,0.8344997941539728,66,21357
policy_gss_0.04_fixed,1026,201,101,65,52,56,,129,143,0,70,,,52,52,0.821608040201005,66,21146
policy_gss_0.04_fixed,1027,201,101,65,51,,,133,0,0,70,,,51,51,0.9038301415487094,65,21140
policy_gss_0.04_fixed,1028,201,101,65,52,,,121,0,0,70,,,52,52,0.8524864187212704,65,21179
policy_gss_0.04_fixed,1029,201,101,65,51,71,,96,126,0,70,38,27,51,51,0.8553511705685619,66,21458
policy_gss_0.04_fixed,1030,201,101,65,52,68,,116,131,0,70,,,52,52,0.8726591760299626,64,21219
policy_gss_0.04_fixed,1031,201,101,65,51,54,,92,133,0,70,26,16,51,51,0.9362765514369012,62,21585
policy_gss_0.04_fixed,1032,201,101,65,55,85,,124,115,0,70,57,,55,55,0.8722881702824397,66,21190
policy_gss_0.04_fixed,1033,201,101,65,51,174,,90,22,0,70,76,70,51,51,0.8202293202293203,62,21282
policy_gss_0.04_fixed,1034,201,101,65,55,65,,100,118,0,70,97,88,55,55,0.8551440329218107,62,21269
policy_gss_0.04_fixed,1035,201,101,65,57,71,,111,128,0,73,,,57,57,0.9149386373254338,65,21417
policy_gss_0.04_fixed,1036,201,101,65,52,,,129,0,0,70,,,52,52,0.7897392767031118,66,20924
policy_gss_0.04_fixed,1037,201,101,65,51,100,,137,101,0,70,,,51,51,0.8106978687839532,66,20913
policy_gss_0.04_fixed,1038,201,101,65,51,86,,118,115,0,70,,,51,51,0.8287872429710449,67,21016
policy_gss_0.04_fixed,1039,201,101,65,52,67,,91,128,0,70,20,17,52,52,0.9079391891891891,62,21635
policy_gss_0.04_fixed,1040,201,101,65,52,58,,132,142,0,70,,,52,52,0.8359918200408998,67,21080
policy_gss_0.04_fixed,1041,201,101,65,51,77,,114,122,0,70,,,51,51,0.9087866108786611,62,21242
policy_gss_0.04_fixed,1042,201,101,65,51,,,128,0,0,70,,,51,51,0.8207236842105263,66,20895
policy_gss_0.04_fixed,1043,201,101,65,51,81,,117,120,0,70,,,51,51,0.8578767123287672,67,20893
policy_gss_0.04_fixed,1044,201,101,65,51,64,,115,135,0,70,42,36,51,51,0.7738947368421053,66,20883
policy_gss_0.04_fixed,1045,201,101,65,51,61,,117,135,0,70,,,51,51,0.8406341259908219,66,20959
policy_gss_0.04_fixed,1046,201,101,65,86,,,108,0,0,84,,,86,86,0.8694736842105263,65,21026
policy_gss_0.04_fixed,1047,201,101,65,52,56,,105,136,0,70,81,91,52,52,0.9037454691904954,62,21603
policy_gss_0.04_fixed,1048,201,101,65,51,60,,130,139,0,70,47,,51,51,0.7969955339017458,66,20928
policy_gss_0.04_fixed,1049,201,101,65,52,,,131,0,0,70,,,52,52,0.8783948115119579,66,21082
policy_gss_0.04_fixed,1050,201,101,65,52,,,122,0,0,70,,,52,52,0.9136630343671417,65,21320
policy_gss_0.04_sustained,1001,171,71,65,52,,,105,0,0,70,67,57,52,52,0.7909711684370258,67,17995
policy_gss_0.04_sustained,1002,171,71,65,52,,,101,0,0,70,38,,52,52,0.8301453710788065,66,18244
policy_gss_0.04_sustained,1003,171,71,65,54,66,,102,105,0,70,,,54,54,0.8092179826218361,66,17792
policy_gss_0.04_sustained,1004,171,71,65,51,,,101,0,0,70,,,51,51,0.752165725047081,67,17660
policy_gss_0.04_sustained,1005,171,71,65,52,70,,106,101,0,70,,,52,52,0.7570235383447228,67,17660
policy_gss_0.04_sustained,1006,171,71,65,59,,,99,0,0,70,78,71,59,59,0.8323586744639376,66,18184
policy_gss_0.04_sustained,1007,171,71,65,60,67,,98,101,0,70,48,40,60,60,0.7958015267175572,66,17911
policy_gss_0.04_sustained,1008,171,71,65,52,,,111,0,0,70,,,52,52,0.8230678697528443,67,17891
policy_gss_0.04_sustained,1009,171,71,65,51,,,112,0,0,70,72,,51,51,0.8330798479087452,65,18111
policy_gss_0.04_sustained,1010,171,71,65,52,68,,101,101,0,70,,,52,52,0.7723794950267788,67,17918
policy_gss_0.04_sustained,1011,171,71,65,51,,,105,0,0,70,,,51,51,0.7862446268073466,65,17876
policy_gss_0.04_sustained,1012,171,71,65,51,,,105,0,0,70,93,,51,51,0.8199467072706509,65,18056
policy_gss_0.04_sustained,1013,171,71,65,54,,,104,0,0,70,,,54,54,0.8049981067777358,66,17857
policy_gss_0.04_sustained,1014,171,71,65,51,59,,92,111,0,70,82,83,51,51,0.8837735849056604,62,18485
policy_gss_0.04_sustained,1015,171,71,65,51,56,,101,110,0,70,,,51,51,0.8910776361529548,64,18077
policy_gss_0.04_sustained,1016,171,71,65,51,62,,106,109,0,70,81,,51,51,0.8723082735171893,65,18075
policy_gss_0.04_sustained,1017,171,71,65,51,54,,101,113,0,70,,,51,51,0.7782927771340286,66,17929
policy_gss_0.04_sustained,1018,171,71,65,53,,,109,0,0,70,,,53,53,0.8239138792772011,66,17954
policy_gss_0.04_sustained,1019,181,81,65,54,134,,91,45,0,80,20,15,54,54,0.9526671675432006,62,19971
policy_gss_0.04_sustained,1020,171,71,65,51,62,,44,106,0,70,19,11,51,51,0.7968036529680366,65,18733
policy_gss_0.04_sustained,1021,171,71,65,51,62,,102,106,0,70,,,51,51,0.7918229557389347,66,17933
policy_gss_0.04_sustained,1022,171,71,65,52,,,108,0,0,70,25,,52,52,0.861005331302361,66,18231
policy_gss_0.04_sustained,1023,171,71,65,52,65,,105,104,0,70,,,52,52,0.7873952931790985,67,17820
policy_gss_0.04_sustained,1024,171,71,65,51,68,,107,102,0,70,,,51,51,0.8671641791044776,65,17982
policy_gss_0.04_sustained,1025,171,71,65,51,56,,101,111,0,70,,,51,51,0.827088212334114,66,18178
policy_gss_0.04_sustained,1026,171,71,65,52,56,,106,113,0,70,,,52,52,0.8344319503683598,65,18218
policy_gss_0.04_sustained,1027,171,71,65,51,,,104,0,0,70,78,73,51,51,0.8098671726755218,65,18203
policy_gss_0.04_sustained,1028,171,71,65,52,,,103,0,0,70,,,52,52,0.7846385542168675,65,18012
policy_gss_0.04_sustained,1029,171,71,65,51,,,94,0,0,70,22,50,51,51,0.7694380292532718,66,18250
policy_gss_0.04_sustained,1030,171,71,65,52,68,,101,101,0,70,,,52,52,0.7946293494704992,65,17753
policy_gss_0.04_sustained,1031,171,71,65,51,54,,83,111,0,70,61,54,51,51,0.8142857142857143,66,18138
policy_gss_0.04_sustained,1032,171,71,65,55,,,101,0,0,70,30,30,55,55,0.8362779740871613,66,18328
policy_gss_0.04_sustained,1033,171,71,65,51,,,107,0,0,70,,,51,51,0.8631178707224335,65,18087
policy_gss_0.04_sustained,1034,171,71,65,55,65,,101,102,0,70,18,,55,55,0.7604489164086687,67,17873
policy_gss_0.04_sustained,1035,174,74,65,57,71,,110,101,0,73,,,57,57,0.8299669482188763,66,18470
policy_gss_0.04_sustained,1036,171,71,65,52,,,114,0,0,70,,,52,52,0.8918705603788477,62,18159
policy_gss_0.04_sustained,1037,171,71,65,51,,,113,0,0,70,,,51,51,0.8328830567348514,66,17966
policy_gss_0.04_sustained,1038,171,71,65,51,,,111,0,0,70,,,51,51,0.7872823618470856,66,17915
policy_gss_0.04_sustained,1039,171,71,65,52,67,,84,101,0,70,41,40,52,52,0.7739130434782608,67,18229
policy_gss_0.04_sustained,1040,171,71,65,52,58,,109,112,0,70,,,52,52,0.805716492854384,66,17851
policy_gss_0.04_sustained,1041,171,71,65,51,,,101,0,0,70,21,,51,51,0.8278842540398347,66,18090
policy_gss_0.04_sustained,1042,171,71,65,51,,,113,0,0,70,21,11,51,51,0.7713959680486877,67,17696
policy_gss_0.04_sustained,1043,171,71,65,51,,,109,0,0,70,,,51,51,0.8228593872741555,66,17788
policy_gss_0.04_sustained,1044,171,71,65,51,64,,98,105,0,70,73,64,51,51,0.8196847366397539,65,18317
policy_gss_0.04_sustained,1045,171,71,65,51,61,,107,109,0,70,,,51,51,0.8518518518518519,66,17931
policy_gss_0.04_sustained,1046,186,86,65,167,,,7,0,0,84,91,81,86,86,0.9148694665153235,62,19858
policy_gss_0.04_sustained,1047,171,71,65,52,56,,95,112,0,70,19,10,52,52,0.9355581127733027,62,18528
policy_gss_0.04_sustained,1048,171,71,65,51,60,,101,109,0,70,,,51,51,0.8088291746641075,66,17876
policy_gss_0.04_sustained,1049,171,71,65,52,,,111,0,0,70,,,52,52,0.7662586074980873,67,17742
policy_gss_0.04_sustained,1050,171,71,65,52,,,107,0,0,70,73,,52,52,0.7792408985282726,66,17810
policy_gss_0.05_auto,1001,152,52,70,124,,,27,0,0,,80,72,52,52,0.920682302771855,62,16194
policy_gss_0.05_auto,1002,151,51,70,,,,0,0,0,70,64,,51,51,0.8100706713780919,65,15803
policy_gss_0.05_auto,1003,152,52,70,68,,,83,0,0,,27,16,52,52,0.8013015184381779,67,15673
policy_gss_0.05_auto,1004,151,51,70,63,,,87,0,0,111,82,12,51,51,0.7306701030927835,67,15570
policy_gss_0.05_auto,1005,152,52,70,63,,,85,0,0,,34,11,52,52,0.8168831168831169,66,15755
policy_gss_0.05_auto,1006,157,57,70,62,66,,85,89,0,,17,5,57,57,0.9128053917438922,65,16485
policy_gss_0.05_auto,1007,152,52,70,,,,0,0,0,144,80,,52,52,0.8107872988255763,65,15819
policy_gss_0.05_auto,1008,152,52,70,58,,,87,0,0,,18,6,52,52,0.8233506944444444,66,15774
policy_gss_0.05_auto,1009,151,51,70,,,,0,0,0,,34,,51,51,0.7942222222222223,65,15639
policy_gss_0.05_auto,1010,153,53,70,,,,0,0,0,118,40,,53,53,0.8257869771453212,62,15927
policy_gss_0.05_auto,1011,151,51,70,,,,0,0,0,83,,,51,51,0.8645833333333334,65,15768
policy_gss_0.05_auto,1012,152,52,70,,,,0,0,0,89,,,52,52,0.8843721770551038,65,15732
policy_gss_0.05_auto,1013,151,51,70,,,,0,0,0,122,36,,51,51,0.7858996539792388,67,15651
policy_gss_0.05_auto,1014,152,52,70,152,,,0,0,0,115,,100,52,52,0.9538991813873331,62,16192
policy_gss_0.05_auto,1015,151,51,70,,,,0,0,0,125,,,51,51,0.8572664359861591,65,15775
policy_gss_0.05_auto,1016,151,51,70,,,,0,0,0,,,,51,51,0.7981448763250883,66,15448
policy_gss_0.05_auto,1017,151,51,70,128,,,20,0,0,,48,77,51,51,0.8851737791465024,62,16041
policy_gss_0.05_auto,1018,153,53,70,,,,0,0,0,,,,53,53,0.7715173025732032,66,15815
policy_gss_0.05_auto,1019,152,52,70,,,,0,0,0,99,34,,52,52,0.8171949630916197,66,15678
policy_gss_0.05_auto,1020,152,52,70,120,,,26,0,0,105,39,68,52,52,0.7738042020563254,67,16017
policy_gss_0.05_auto,1021,151,51,70,,,,0,0,0,,30,,51,51,0.7886840977282469,66,15703
policy_gss_0.05_auto,1022,152,52,70,,,,0,0,0,118,,,52,52,0.7926775474194971,67,15535
policy_gss_0.05_auto,1023,152,52,70,79,99,,45,49,0,147,36,27,52,52,0.7578682333193454,62,16060
policy_gss_0.05_auto,1024,151,51,70,,,,0,0,0,,41,,51,51,0.813220940550133,65,15688
policy_gss_0.05_auto,1025,151,51,70,,,,0,0,0,77,,,51,51,0.8857515204170286,62,15756
policy_gss_0.05_auto,1026,157,57,70,145,,,7,0,0,129,35,88,57,57,0.8291374329343789,62,16566
policy_gss_0.05_auto,1027,151,51,70,,,,0,0,0,,,,51,51,0.724015922158337,67,15279
policy_gss_0.05_auto,1028,153,53,70,,,,0,0,0,111,,,53,53,0.8963440860215054,62,16217
policy_gss_0.05_auto,1029,151,51,70,,,,0,0,0,88,,,51,51,0.7668628338614758,66,15460
policy_gss_0.05_auto,1030,152,52,70,73,,,73,0,0,,31,21,52,52,0.7876224398931434,66,15627
policy_gss_0.05_auto,1031,151,51,70,138,,,12,0,0,70,72,87,51,51,0.7911558669001751,66,15713
policy_gss_0.05_auto,1032,153,53,70,,,,0,0,0,130,,,53,53,0.8012179208351458,67,15803
policy_gss_0.05_auto,1033,151,51,70,,,,0,0,0,99,,,51,51,0.7796386073159982,67,15521
policy_gss_0.05_auto,1034,152,52,70,72,107,,42,40,0,,29,20,52,52,0.9653465346534653,62,16787
policy_gss_0.05_auto,1035,157,57,70,132,,,21,0,0,,85,75,57,57,0.8710757639179573,64,16458
policy_gss_0.05_auto,1036,151,51,70,58,,,86,0,0,96,19,7,51,51,0.8098744045041143,66,15688
policy_gss_0.05_auto,1037,152,52,70,60,,,88,0,0,116,20,8,52,52,0.8446215139442231,67,15788
policy_gss_0.05_auto,1038,151,51,70,,,,0,0,0,,,,51,51,0.8360869565217391,66,15671
policy_gss_0.05_auto,1039,152,52,70,,,,0,0,0,146,57,,52,52,0.8071242397914856,65,15917
policy_gss_0.05_auto,1040,152,52,70,73,89,,63,60,0,70,28,21,52,52,0.7612790188348664,65,15901
policy_gss_0.05_auto,1041,151,51,70,90,,,59,0,0,121,41,39,51,51,0.919051878354204,62,16019
policy_gss_0.05_auto,1042,151,51,70,,,,0,0,0,82,,,51,51,0.7809062912450506,66,15574
policy_gss_0.05_auto,1043,151,51,70,,,,0,0,0,105,,,51,51,0.8017167381974248,66,15696
policy_gss_0.05_auto,1044,152,52,70,,,,0,0,0,115,,,52,52,0.8255208333333334,66,15688
policy_gss_0.05_auto,1045,154,54,70,,,,0,0,0,70,,,54,54,0.7628644939965694,66,15679
policy_gss_0.05_auto,1046,151,51,70,121,123,,21,24,0,,77,70,51,51,0.7632524707996406,66,15567
policy_gss_0.05_auto,1047,151,51,70,,,,0,0,0,70,,,51,51,0.8852678571428572,62,15803
policy_gss_0.05_auto,1048,152,52,70,106,146,,28,4,0,131,60,54,52,52,0.9659400544959128,62,16466
policy_gss_0.05_auto,1049,151,51,70,129,,,6,0,0,,90,78,51,51,0.9692044482463644,62,16312
policy_gss_0.05_auto,1050,151,51,70,,,,0,0,0,139,,,51,51,0.7811140121845083,66,15452
policy_gss_0.05_fixed,1001,201,101,68,52,57,,136,144,0,70,,,52,52,0.7922606924643585,67,20694
policy_gss_0.05_fixed,1002,201,101,65,51,56,,118,133,0,70,,,51,51,0.8338241480858225,66,20791
policy_gss_0.05_fixed,1003,201,101,65,52,68,,119,132,0,70,39,,52,52,0.8443815683104284,67,20930
policy_gss_0.05_fixed,1004,201,101,65,51,,,110,0,0,70,70,64,51,51,0.9773289365210223,62,21501
policy_gss_0.05_fixed,1005,201,101,65,52,,,127,0,0,70,,,52,52,0.8145859085290482,65,20721
policy_gss_0.05_fixed,1006,201,101,65,57,62,,117,134,0,70,60,,57,57,0.8267103646046702,66,20876
policy_gss_0.05_fixed,1007,201,101,65,52,61,,112,133,0,70,25,25,52,52,0.8215169002473207,66,21069
policy_gss_0.05_fixed,1008,201,101,65,52,55,,107,136,0,70,30,23,52,52,0.7836952068824252,65,20990
policy_gss_0.05_fixed,1009,201,101,65,51,72,,129,128,0,70,63,,51,51,0.9210196406184705,62,21122
policy_gss_0.05_fixed,1010,201,101,65,53,,,123,0,0,70,46,70,53,53,0.75,66,20820
policy_gss_0.05_fixed,1011,201,101,65,51,81,,106,120,0,70,59,,51,51,0.7727850784230607,66,20928
policy_gss_0.05_fixed,1012,201,101,65,52,,,110,0,0,70,70,,52,52,0.7775467775467776,67,20729
policy_gss_0.05_fixed,1013,201,101,65,51,67,,111,132,0,70,56,,51,51,0.7847835224884405,65,20888
policy_gss_0.05_fixed,1014,201,101,65,52,68,,133,133,0,70,19,,52,52,0.8848337388483374,64,21247
policy_gss_0.05_fixed,1015,201,101,65,51,55,,135,145,0,70,,,51,51,0.7664141414141414,66,20725
policy_gss_0.05_fixed,1016,201,101,65,51,188,,111,13,0,70,91,83,51,51,0.8582548136009832,62,21099
policy_gss_0.05_fixed,1017,201,101,65,51,,,113,0,0,70,,,51,51,0.9160463192721258,62,21211
policy_gss_0.05_fixed,1018,201,101,65,53,,,129,0,0,70,86,93,53,53,0.982520325203252,62,21397
policy_gss_0.05_fixed,1019,201,101,65,52,89,,115,112,0,70,,,52,52,0.8523063901819721,66,20884
policy_gss_0.05_fixed,1020,201,101,65,52,74,,78,115,0,70,23,27,52,52,0.9338051623646961,62,21725
policy_gss_0.05_fixed,1021,201,101,65,51,74,,102,118,0,70,,,51,51,0.9426885798567215,62,21097
policy_gss_0.05_fixed,1022,201,101,65,52,,,122,0,0,70,36,26,52,52,0.9493723849372385,62,21346
policy_gss_0.05_fixed,1023,201,101,65,52,83,,118,114,0,70,,,52,52,0.7939469320066335,65,21019
policy_gss_0.05_fixed,1024,201,101,65,51,75,,114,126,0,70,48,39,51,51,0.8015741507870754,67,20851
policy_gss_0.05_fixed,1025,201,101,65,51,69,,124,131,0,70,,,51,51,0.8988294314381271,66,21004
policy_gss_0.05_fixed,1026,201,101,65,57,,,116,0,0,70,,,57,57,0.76778413736713,66,20700
policy_gss_0.05_fixed,1027,201,101,65,51,57,,140,142,0,70,42,,51,51,0.835820895522388,67,20730
policy_gss_0.05_fixed,1028,201,101,65,53,59,,86,137,0,70,21,20,53,53,0.8070881997583568,66,21295
policy_gss_0.05_fixed,1029,201,101,65,51,70,,114,130,0,70,35,,51,51,0.8559829059829059,66,20908
policy_gss_0.05_fixed,1030,201,101,68,52,,,130,0,0,70,,,52,52,0.9165988608624899,62,21128
policy_gss_0.05_fixed,1031,201,101,65,51,,,111,0,0,70,,,51,51,0.7677685950413223,66,20675
policy_gss_0.05_fixed,1032,201,101,65,53,,,93,0,0,70,24,16,53,53,0.8729281767955801,66,21268
policy_gss_0.05_fixed,1033,201,101,65,51,59,,125,141,0,70,36,25,51,51,0.8729304635761589,65,21180
policy_gss_0.05_fixed,1034,201,101,65,52,58,,77,124,0,70,18,17,52,52,0.857790601813685,65,21529
policy_gss_0.05_fixed,1035,201,101,65,57,187,,107,13,0,70,51,41,57,57,0.9494084047327621,62,21382
policy_gss_0.05_fixed,1036,201,101,65,51,57,,115,138,0,70,,,51,51,0.8548453608247423,65,20917
policy_gss_0.05_fixed,1037,201,101,65,52,56,,78,129,0,70,45,47,52,52,0.7864406779661017,65,21236
policy_gss_0.05_fixed,1038,201,101,65,51,66,,106,130,0,70,98,95,51,51,0.8577405857740585,62,20984
policy_gss_0.05_fixed,1039,201,101,65,52,96,,122,103,0,70,45,,52,52,0.9035699630693476,65,21318
policy_gss_0.05_fixed,1040,201,101,65,52,80,,104,118,0,70,,,52,52,0.7689471528062269,67,20663
policy_gss_0.05_fixed,1041,201,101,65,51,81,,116,118,0,70,,,51,51,0.8152454780361758,66,20784
policy_gss_0.05_fixed,1042,201,101,65,51,,,144,0,0,77,32,,51,51,0.9469320066334992,62,21311
policy_gss_0.05_fixed,1043,201,101,65,51,,,111,0,0,70,60,,51,51,0.7795309168443497,67,20955
policy_gss_0.05_fixed,1044,201,101,65,52,,,135,0,0,70,,,52,52,0.9099705511148507,62,21387
policy_gss_0.05_fixed,1045,201,101,65,54,69,,113,130,0,70,,,54,54,0.8323529411764706,62,20881
policy_gss_0.05_fixed,1046,201,101,65,51,,,140,0,0,70,,,51,51,0.8659194686591947,66,21021
policy_gss_0.05_fixed,1047,201,101,65,51,55,,104,138,0,70,35,24,51,51,0.8272545090180361,62,21138
policy_gss_0.05_fixed,1048,201,101,65,52,132,,85,69,0,70,36,25,52,52,0.8086342880863429,66,21360
policy_gss_0.05_fixed,1049,201,101,65,51,61,,98,136,0,70,25,20,51,51,0.8287132809267688,66,21496
policy_gss_0.05_fixed,1050,201,101,65,51,,,129,0,0,70,73,,51,51,0.8635086310718587,62,21064
policy_gss_0.05_sustained,1001,171,71,65,52,57,,106,114,0,70,100,,52,52,0.9356474258970359,62,18134
policy_gss_0.05_sustained,1002,171,71,65,51,56,,82,105,0,70,43,33,51,51,0.8371828852707308,65,18260
policy_gss_0.05_sustained,1003,171,71,65,52,68,,104,102,0,70,30,,52,52,0.8564260903126206,66,17865
policy_gss_0.05_sustained,1004,171,71,65,51,,,103,0,0,70,,,51,51,0.8114817688130334,66,17607
policy_gss_0.05_sustained,1005,171,71,65,52,,,103,0,0,70,,,52,52,0.8904779826872412,65,17861
policy_gss_0.05_sustained,1006,171,71,65,57,62,,101,104,0,70,,,57,57,0.7482732156561781,67,17515
policy_gss_0.05_sustained,1007,171,71,65,52,61,,106,105,0,70,86,,52,52,0.7842307692307692,67,17871
policy_gss_0.05_sustained,1008,171,71,65,52,55,,82,102,0,70,71,69,52,52,0.7556818181818182,62,17974
policy_gss_0.05_sustained,1009,171,71,65,51,,,111,0,0,70,,,51,51,0.8727544910179641,64,17920
policy_gss_0.05_sustained,1010,171,71,65,53,,,108,0,0,70,75,65,53,53,0.7726574500768049,66,17624
policy_gss_0.05_sustained,1011,171,71,65,51,,,102,0,0,70,20,,51,51,0.7928949357520786,66,17893
policy_gss_0.05_sustained,1012,171,71,65,52,,,99,0,0,70,86,81,52,52,0.7418508804795804,67,17627
policy_gss_0.05_sustained,1013,171,71,65,51,67,,105,104,0,70,,,51,51,0.8422712933753943,67,17825
policy_gss_0.05_sustained,1014,171,71,65,52,68,,102,103,0,70,45,38,52,52,0.7747711898129725,65,18058
policy_gss_0.05_sustained,1015,171,71,65,51,55,,107,115,0,70,,,51,51,0.791151106111736,67,17684
policy_gss_0.05_sustained,1016,171,71,65,51,,,101,0,0,70,,,51,51,0.780884019644881,66,17622
policy_gss_0.05_sustained,1017,171,71,65,51,,,103,0,0,70,29,,51,51,0.7900490011307953,67,17837
policy_gss_0.05_sustained,1018,171,71,65,53,,,111,0,0,70,,,53,53,0.8204833141542003,67,17825
policy_gss_0.05_sustained,1019,171,71,65,52,,,110,0,0,70,,,52,52,0.8014705882352942,67,17631
policy_gss_0.05_sustained,1020,171,71,65,52,,,96,0,0,70,19,9,52,52,0.796440489432703,66,18119
policy_gss_0.05_sustained,1021,171,71,65,51,,,102,0,0,70,,,51,51,0.7544709388971684,66,17658
policy_gss_0.05_sustained,1022,171,71,65,52,,,87,0,0,70,58,53,52,52,0.9216205982582355,62,18459
policy_gss_0.05_sustained,1023,171,71,65,52,,,113,0,0,70,20,60,52,52,0.8124036979969184,67,18174
policy_gss_0.05_sustained,1024,171,71,65,51,,,100,0,0,70,17,4,51,51,0.8250474383301708,66,18056
policy_gss_0.05_sustained,1025,171,71,65,51,69,,103,101,0,70,,,51,51,0.7560600230858022,67,17477
policy_gss_0.05_sustained,1026,171,71,65,57,,,102,0,0,70,,,57,57,0.8144171779141104,67,17832
policy_gss_0.05_sustained,1027,171,71,65,51,57,,110,112,0,70,69,58,51,51,0.9204633204633205,62,18093
policy_gss_0.05_sustained,1028,171,71,65,53,59,,82,108,0,70,19,56,53,53,0.836876691148048,65,18334
policy_gss_0.05_sustained,1029,171,71,65,51,70,,101,101,0,70,78,,51,51,0.8099393019726859,66,17968
policy_gss_0.05_sustained,1030,171,71,65,52,,,111,0,0,70,,,52,52,0.8820333721381451,65,17824
policy_gss_0.05_sustained,1031,171,71,65,51,,,101,0,0,70,,,51,51,0.7913641574321743,67,17574
policy_gss_0.05_sustained,1032,171,71,65,53,,,101,0,0,70,57,,53,53,0.8220599538816296,67,17924
policy_gss_0.05_sustained,1033,171,71,65,51,59,,105,111,0,70,,,51,51,0.8333333333333334,66,17908
policy_gss_0.05_sustained,1034,171,71,65,52,58,,96,109,0,70,35,34,52,52,0.8096321577550246,67,18108
policy_gss_0.05_sustained,1035,171,71,65,57,,,102,0,0,70,68,,57,57,0.7964601769911505,66,17776
policy_gss_0.05_sustained,1036,171,71,65,51,57,,101,108,0,70,,,51,51,0.7791666666666667,67,17547
policy_gss_0.05_sustained,1037,171,71,65,52,56,,101,105,0,70,,,52,52,0.7736703130894003,66,17640
policy_gss_0.05_sustained,1038,171,71,65,51,66,,104,104,0,70,75,,51,51,0.7646833013435701,66,17798
policy_gss_0.05_sustained,1039,171,71,65,52,,,110,0,0,70,75,,52,52,0.764070932922128,67,17824
policy_gss_0.05_sustained,1040,171,71,65,52,,,96,0,0,70,24,19,52,52,0.8295056442195406,66,17972
policy_gss_0.05_sustained,1041,171,71,65,51,,,98,0,0,70,20,9,51,51,0.8119561104805145,66,17939
policy_gss_0.05_sustained,1042,178,78,65,51,,,115,0,0,77,52,46,51,51,0.7920184190330007,66,18561
policy_gss_0.05_sustained,1043,171,71,65,51,,,105,0,0,70,37,,51,51,0.8021978021978022,65,17731
policy_gss_0.05_sustained,1044,171,71,65,52,,,109,0,0,70,,100,52,52,0.9660693861990087,62,18394
policy_gss_0.05_sustained,1045,171,71,65,54,69,,101,101,0,70,,,54,54,0.7822120866590649,67,17526
policy_gss_0.05_sustained,1046,171,71,65,51,,,111,0,0,70,59,90,51,51,0.8416137467314158,62,18084
policy_gss_0.05_sustained,1047,171,71,65,51,55,,101,114,0,70,46,,51,51,0.7808535178777394,66,17758
policy_gss_0.05_sustained,1048,171,71,65,52,,,101,0,0,70,,,52,52,0.804364471669219,65,18028
policy_gss_0.05_sustained,1049,171,71,65,51,61,,83,104,0,70,57,53,51,51,0.9652777777777778,62,18772
policy_gss_0.05_sustained,1050,171,71,65,51,,,107,0,0,70,,,51,51,0.9086021505376344,64,18030
