case,seed,horizon,switch,previous_tick_mode_at_switch,first95,first99,first100,dips95,dips99,dips100,sustained65,sustained62_post,proxy_new,group_a,group_b,final_share,final_mode,imitator_events
spread-source_0,1001,600,,NaN,21,21,,0,2,0,11,,,21,21,0.9953051643192489,65,59591
spread-source_0,1002,600,,NaN,28,28,,0,4,0,11,,,28,28,0.9928366762177651,65,59684
spread-source_0,1003,600,,NaN,15,15,,0,2,0,10,,,15,15,0.9961922893860067,65,59852
spread-source_0,1004,600,,NaN,12,12,21,0,1,579,10,,,12,12,0.9933868682097308,65,59948
spread-source_0,1005,600,,NaN,18,18,,0,1,0,11,,,18,18,0.9925546765937645,65,59790
spread-source_0,1006,600,,NaN,21,22,,0,5,0,10,,,21,21,0.9962494139709329,65,59800
spread-source_0,1007,600,,NaN,12,12,,0,2,0,11,,,12,12,0.9948622139187295,65,60087
spread-source_0,1008,600,,NaN,12,13,,0,3,0,10,,,12,12,0.9957285239677266,65,60183
spread-source_0,1009,600,,NaN,21,22,,0,2,0,12,,,21,21,0.9962581852198317,65,59915
spread-source_0,1010,600,,NaN,14,15,,0,3,0,10,,,14,14,0.9975574010747436,65,59922
spread-source_0,1011,600,,NaN,16,16,,0,1,0,11,,,16,16,0.9956813819577736,65,59929
spread-source_0,1012,600,,NaN,17,17,,0,2,0,11,,,17,17,0.9929577464788732,65,59766
spread-source_0,1013,600,,NaN,16,17,,0,3,0,10,,,16,16,0.9957487009919698,65,60008
spread-source_0,1014,600,,NaN,16,17,,0,4,0,10,,,16,16,0.9965551181102362,65,59905
spread-source_0,1015,600,,NaN,19,19,,0,1,0,11,,,19,19,0.9967105263157895,65,60069
spread-source_0,1016,600,,NaN,11,11,,0,3,0,10,,,11,11,0.9966650786088613,65,60259
spread-source_0,1017,600,,NaN,20,21,,0,1,0,11,,,20,20,0.9962157048249763,65,59795
spread-source_0,1018,600,,NaN,19,20,,0,1,0,10,,,19,19,0.9941205291523763,65,59849
spread-source_0,1019,600,,NaN,24,24,,0,3,0,10,,,24,24,0.9975868725868726,65,59227
spread-source_0,1020,600,,NaN,20,21,,0,1,0,11,,,20,20,0.997148288973384,65,59523
spread-source_0,1021,600,,NaN,13,13,,0,4,0,10,,,13,13,0.9962174940898345,65,59839
spread-source_0,1022,600,,NaN,15,15,,0,1,0,10,,,15,15,0.9943502824858758,65,59953
spread-source_0,1023,600,,NaN,19,20,,0,3,0,10,,,19,19,0.9967243799719232,65,59850
spread-source_0,1024,600,,NaN,13,14,,0,3,0,11,,,13,13,0.9937046004842615,65,59915
spread-source_0,1025,600,,NaN,20,21,,0,2,0,11,,,20,20,0.9946987951807229,65,59761
spread-source_0,1026,600,,NaN,15,16,,0,1,0,10,,,15,15,0.9971250598945856,65,59947
spread-source_0,1027,600,,NaN,16,16,409,0,2,191,11,,,16,16,0.9951853635050554,65,59889
spread-source_0,1028,600,,NaN,15,15,36,0,2,564,11,,,15,15,0.9943074003795066,65,59744
spread-source_0,1029,600,,NaN,22,22,,0,6,0,11,,,22,22,0.9945054945054945,65,59509
spread-source_0,1030,600,,NaN,18,18,,0,1,0,10,,,18,18,0.9941860465116279,65,60001
spread-source_0,1031,600,,NaN,22,22,,0,3,0,11,,,22,22,0.9976979742173112,65,59483
spread-source_0,1032,600,,NaN,15,16,,0,9,0,10,,,15,15,0.9938212927756654,65,59990
spread-source_0,1033,600,,NaN,19,19,,0,4,0,10,,,19,19,0.9952852428099953,65,59738
spread-source_0,1034,600,,NaN,18,19,,0,1,0,10,,,18,18,0.9962546816479401,65,59682
spread-source_0,1035,600,,NaN,16,16,,0,2,0,11,,,16,16,0.995702005730659,65,59872
spread-source_0,1036,600,,NaN,10,10,,0,2,0,10,,,10,10,0.9925023430178069,65,60217
spread-source_0,1037,600,,NaN,20,21,,0,2,0,11,,,20,20,0.9966949952785646,65,59688
spread-source_0,1038,600,,NaN,15,15,,0,5,0,11,,,15,15,0.9967381174277726,65,59850
spread-source_0,1039,600,,NaN,17,18,,0,2,0,11,,,17,17,0.9937947494033413,65,59778
spread-source_0,1040,600,,NaN,17,17,,0,1,0,10,,,17,17,0.9967274427302478,65,59653
spread-source_0,1041,600,,NaN,13,14,,0,3,0,10,,,13,13,0.9961777353081701,65,59963
spread-source_0,1042,600,,NaN,11,11,,0,3,0,10,,,11,11,0.99530736743313,65,60131
spread-source_0,1043,600,,NaN,15,16,,0,3,0,11,,,15,15,0.9966232513265798,65,59926
spread-source_0,1044,600,,NaN,14,14,,0,1,0,11,,,14,14,0.994328922495274,65,59789
spread-source_0,1045,600,,NaN,13,14,,0,1,0,11,,,13,13,0.9918072289156626,65,59934
spread-source_0,1046,600,,NaN,16,16,,0,1,0,11,,,16,16,0.9952807928268051,65,59817
spread-source_0,1047,600,,NaN,12,13,,0,2,0,10,,,12,12,0.9965585054080629,65,59969
spread-source_0,1048,600,,NaN,21,21,,0,4,0,11,,,21,21,0.9893668438859352,65,59748
spread-source_0,1049,600,,NaN,16,17,,0,3,0,11,,,16,16,0.9960376423972264,65,59869
spread-source_0,1050,600,,NaN,12,12,,0,3,0,10,,,12,12,0.9947115384615385,65,59894
spread-source_0.05,1001,600,,NaN,54,55,,0,1,0,11,,,54,54,0.9948356807511737,65,57874
spread-source_0.05,1002,600,,NaN,55,56,,0,7,0,11,,,55,55,0.9923591212989494,65,57323
spread-source_0.05,1003,600,,NaN,51,51,,0,4,0,10,,,51,51,0.9961922893860067,65,58200
spread-source_0.05,1004,600,,NaN,19,19,21,0,1,579,10,,,19,19,0.9933868682097308,65,59559
spread-source_0.05,1005,600,,NaN,54,54,,0,0,0,11,,,54,54,0.9925546765937645,65,57930
spread-source_0.05,1006,600,,NaN,39,39,,0,9,0,10,,,39,39,0.9962494139709329,65,58691
spread-source_0.05,1007,600,,NaN,26,27,,0,3,0,11,,,26,26,0.9948622139187295,65,59498
spread-source_0.05,1008,600,,NaN,22,22,,0,4,0,10,,,22,22,0.9957285239677266,65,59483
spread-source_0.05,1009,600,,NaN,53,54,,0,2,0,12,,,53,53,0.9962581852198317,65,58113
spread-source_0.05,1010,600,,NaN,46,47,,0,3,0,10,,,46,46,0.9975574010747436,65,58728
spread-source_0.05,1011,600,,NaN,32,32,,0,2,0,11,,,32,32,0.9956813819577736,65,58981
spread-source_0.05,1012,600,,NaN,55,56,,0,2,0,11,,,55,55,0.9924882629107982,65,57788
spread-source_0.05,1013,600,,NaN,51,51,,0,3,0,11,,,51,51,0.9957487009919698,65,58462
spread-source_0.05,1014,600,,NaN,50,50,,0,6,0,11,,,50,50,0.9965551181102362,65,57714
spread-source_0.05,1015,600,,NaN,37,37,,0,2,0,11,,,37,37,0.9967105263157895,65,59011
spread-source_0.05,1016,600,,NaN,27,27,,0,6,0,10,,,27,27,0.9961886612672701,65,59639
spread-source_0.05,1017,600,,NaN,51,52,,0,0,0,11,,,51,51,0.9962157048249763,65,57895
spread-source_0.05,1018,600,,NaN,63,63,,0,3,0,10,,,63,63,0.9936305732484076,65,56954
spread-source_0.05,1019,600,,NaN,51,51,,0,3,0,10,,,51,51,0.9975868725868726,65,57883
spread-source_0.05,1020,600,,NaN,54,54,,0,1,0,11,,,54,54,0.997148288973384,65,57815
spread-source_0.05,1021,600,,NaN,42,43,,0,6,0,10,,,42,42,0.9962174940898345,65,58762
spread-source_0.05,1022,600,,NaN,25,25,,0,1,0,10,,,25,25,0.9943502824858758,65,59420
spread-source_0.05,1023,600,,NaN,52,52,,0,3,0,11,,,52,52,0.9962564342536265,65,58155
spread-source_0.05,1024,600,,NaN,30,30,,0,6,0,11,,,30,30,0.9937046004842615,65,59133
spread-source_0.05,1025,600,,NaN,60,60,,0,2,0,11,,,60,60,0.9946987951807229,65,57168
spread-source_0.05,1026,600,,NaN,50,51,,0,1,0,10,,,50,50,0.9971250598945856,65,58616
spread-source_0.05,1027,600,,NaN,39,40,409,0,2,191,11,,,39,39,0.994703899855561,65,58999
spread-source_0.05,1028,600,,NaN,54,55,,0,2,0,11,,,54,54,0.9943074003795066,65,57913
spread-source_0.05,1029,600,,NaN,35,35,,0,6,0,11,,,35,35,0.9945054945054945,65,58510
spread-source_0.05,1030,600,,NaN,50,51,,0,0,0,10,,,50,50,0.9941860465116279,65,58601
spread-source_0.05,1031,600,,NaN,65,65,,0,3,0,11,,,65,65,0.9976979742173112,65,56397
spread-source_0.05,1032,600,,NaN,30,30,,0,10,0,10,,,30,30,0.9938212927756654,65,59224
spread-source_0.05,1033,600,,NaN,54,54,,0,3,0,10,,,54,54,0.9952852428099953,65,57504
spread-source_0.05,1034,600,,NaN,63,64,,0,0,0,10,,,63,63,0.9962546816479401,65,56773
spread-source_0.05,1035,600,,NaN,35,35,,0,3,0,11,,,35,35,0.995702005730659,65,58968
spread-source_0.05,1036,600,,NaN,38,38,,0,3,0,10,,,38,38,0.9925023430178069,65,59145
spread-source_0.05,1037,600,,NaN,36,37,,0,2,0,11,,,36,36,0.9966949952785646,65,58651
spread-source_0.05,1038,600,,NaN,34,34,,0,6,0,11,,,34,34,0.9967381174277726,65,58804
spread-source_0.05,1039,600,,NaN,52,52,,0,1,0,11,,,52,52,0.9937947494033413,65,58036
spread-source_0.05,1040,600,,NaN,31,31,,0,1,0,10,,,31,31,0.9967274427302478,65,58782
spread-source_0.05,1041,600,,NaN,25,25,,0,3,0,11,,,25,25,0.9961777353081701,65,59157
spread-source_0.05,1042,600,,NaN,17,19,,0,3,0,10,,,17,17,0.99530736743313,65,59761
spread-source_0.05,1043,600,,NaN,51,51,,0,4,0,11,,,51,51,0.9956584659913169,65,58432
spread-source_0.05,1044,600,,NaN,31,32,,0,2,0,11,,,31,31,0.9938563327032136,65,58976
spread-source_0.05,1045,600,,NaN,23,24,,0,2,0,11,,,23,23,0.9918072289156626,65,59319
spread-source_0.05,1046,600,,NaN,58,58,,0,0,0,11,,,58,58,0.9952807928268051,65,57555
spread-source_0.05,1047,600,,NaN,52,52,,0,5,0,10,,,52,52,0.9965585054080629,65,58361
spread-source_0.05,1048,600,,NaN,36,37,,0,4,0,11,,,36,36,0.9893668438859352,65,58842
spread-source_0.05,1049,600,,NaN,56,56,,0,4,0,11,,,56,56,0.9955423476968797,65,57708
spread-source_0.05,1050,600,,NaN,45,47,,0,6,0,10,,,45,45,0.9947115384615385,65,58737
spread-source_0.1,1001,600,,NaN,50,50,,0,1,0,11,,,50,50,0.9948356807511737,65,58472
spread-source_0.1,1002,600,,NaN,52,53,,0,8,0,11,,,52,52,0.9923591212989494,65,57779
spread-source_0.1,1003,600,,NaN,33,34,,0,5,0,10,,,33,33,0.9961922893860067,65,58896
spread-source_0.1,1004,600,,NaN,18,18,21,0,1,579,10,,,18,18,0.9933868682097308,65,59620
spread-source_0.1,1005,600,,NaN,53,53,,0,0,0,11,,,53,53,0.9925546765937645,65,58095
spread-source_0.1,1006,600,,NaN,31,32,,0,10,0,10,,,31,31,0.9962494139709329,65,58932
spread-source_0.1,1007,600,,NaN,17,18,,0,3,0,10,,,17,17,0.9948622139187295,65,59796
spread-source_0.1,1008,600,,NaN,19,21,,0,4,0,10,,,19,19,0.9957285239677266,65,59672
spread-source_0.1,1009,600,,NaN,35,36,,0,3,0,12,,,35,35,0.9962581852198317,65,59201
spread-source_0.1,1010,600,,NaN,37,37,,0,4,0,10,,,37,37,0.9975574010747436,65,58946
spread-source_0.1,1011,600,,NaN,28,28,,0,2,0,11,,,28,28,0.9956813819577736,65,59191
spread-source_0.1,1012,600,,NaN,49,50,,0,2,0,11,,,49,49,0.9924882629107982,65,58462
spread-source_0.1,1013,600,,NaN,35,35,,0,4,0,11,,,35,35,0.9957487009919698,65,59253
spread-source_0.1,1014,600,,NaN,44,45,,0,7,0,11,,,44,44,0.9965551181102362,65,58110
spread-source_0.1,1015,600,,NaN,32,32,,0,2,0,11,,,32,32,0.9967105263157895,65,59244
spread-source_0.1,1016,600,,NaN,22,22,,0,6,0,11,,,22,22,0.9961886612672701,65,59836
spread-source_0.1,1017,600,,NaN,45,45,,0,1,0,11,,,45,45,0.9962157048249763,65,58520
spread-source_0.1,1018,600,,NaN,61,61,,0,3,0,10,,,61,61,0.9936305732484076,65,57264
spread-source_0.1,1019,600,,NaN,39,40,,0,4,0,10,,,39,39,0.9975868725868726,65,58460
spread-source_0.1,1020,600,,NaN,32,32,,0,2,0,11,,,32,32,0.997148288973384,65,58702
spread-source_0.1,1021,600,,NaN,36,37,,0,6,0,10,,,36,36,0.9962174940898345,65,58981
spread-source_0.1,1022,600,,NaN,22,23,,0,1,0,10,,,22,22,0.9943502824858758,65,59573
spread-source_0.1,1023,600,,NaN,40,40,,0,4,0,11,,,40,40,0.9962564342536265,65,58744
spread-source_0.1,1024,600,,NaN,20,20,,0,6,0,11,,,20,20,0.9937046004842615,65,59532
spread-source_0.1,1025,600,,NaN,56,56,,0,2,0,11,,,56,56,0.9946987951807229,65,57835
spread-source_0.1,1026,600,,NaN,39,39,,0,2,0,10,,,39,39,0.9971250598945856,65,59118
spread-source_0.1,1027,600,,NaN,20,21,409,0,2,191,11,,,20,20,0.994703899855561,65,59533
spread-source_0.1,1028,600,,NaN,48,48,,0,2,0,11,,,48,48,0.9943074003795066,65,58635
spread-source_0.1,1029,600,,NaN,29,29,,0,7,0,11,,,29,29,0.9945054945054945,65,59019
spread-source_0.1,1030,600,,NaN,41,42,,0,1,0,10,,,41,41,0.9941860465116279,65,59002
spread-source_0.1,1031,600,,NaN,53,53,,0,3,0,11,,,53,53,0.9976979742173112,65,57758
spread-source_0.1,1032,600,,NaN,29,29,,0,10,0,10,,,29,29,0.9938212927756654,65,59273
spread-source_0.1,1033,600,,NaN,50,50,,0,3,0,10,,,50,50,0.9952852428099953,65,58174
spread-source_0.1,1034,600,,NaN,55,56,,0,0,0,10,,,55,55,0.9962546816479401,65,57752
spread-source_0.1,1035,600,,NaN,26,26,,0,3,0,11,,,26,26,0.995702005730659,65,59304
spread-source_0.1,1036,600,,NaN,26,27,,0,3,0,10,,,26,26,0.9925023430178069,65,59612
spread-source_0.1,1037,600,,NaN,34,35,,0,2,0,11,,,34,34,0.9966949952785646,65,58887
spread-source_0.1,1038,600,,NaN,33,33,,0,6,0,11,,,33,33,0.9967381174277726,65,58998
spread-source_0.1,1039,600,,NaN,43,44,,0,2,0,11,,,43,43,0.9937947494033413,65,58660
spread-source_0.1,1040,600,,NaN,23,24,,0,1,0,10,,,23,23,0.9967274427302478,65,59185
spread-source_0.1,1041,600,,NaN,24,24,,0,3,0,11,,,24,24,0.9961777353081701,65,59231
spread-source_0.1,1042,600,,NaN,15,17,,0,3,0,10,,,15,15,0.99530736743313,65,59879
spread-source_0.1,1043,600,,NaN,45,45,,0,5,0,11,,,45,45,0.9956584659913169,65,58901
spread-source_0.1,1044,600,,NaN,20,21,,0,2,0,11,,,20,20,0.9938563327032136,65,59360
spread-source_0.1,1045,600,,NaN,22,23,,0,2,0,11,,,22,22,0.9918072289156626,65,59368
spread-source_0.1,1046,600,,NaN,55,55,,0,0,0,11,,,55,55,0.9952807928268051,65,58010
spread-source_0.1,1047,600,,NaN,53,54,,0,5,0,10,,,53,53,0.9965585054080629,65,58267
spread-source_0.1,1048,600,,NaN,32,32,,0,5,0,11,,,32,32,0.9893668438859352,65,58980
spread-source_0.1,1049,600,,NaN,54,54,,0,4,0,11,,,54,54,0.9955423476968797,65,57933
spread-source_0.1,1050,600,,NaN,43,44,,0,7,0,10,,,43,43,0.9947115384615385,65,58764
spread-source_0.2,1001,600,,NaN,17,17,,0,2,0,11,,,17,17,0.9943661971830986,65,59662
spread-source_0.2,1002,600,,NaN,32,33,,0,8,0,11,,,32,32,0.9923591212989494,65,59198
spread-source_0.2,1003,600,,NaN,18,19,,0,5,0,10,,,18,18,0.9957163255592575,65,59578
spread-source_0.2,1004,600,,NaN,10,11,21,0,1,579,10,,,10,10,0.9933868682097308,65,59977
spread-source_0.2,1005,600,,NaN,19,20,,0,1,0,11,,,19,19,0.9925546765937645,65,59642
spread-source_0.2,1006,600,,NaN,24,26,,0,10,0,10,,,24,24,0.9962494139709329,65,59514
spread-source_0.2,1007,600,,NaN,12,13,,0,3,0,11,,,12,12,0.9948622139187295,65,60025
spread-source_0.2,1008,600,,NaN,12,14,,0,5,0,10,,,12,12,0.9957285239677266,65,60076
spread-source_0.2,1009,600,,NaN,14,15,,0,3,0,11,,,14,14,0.9962581852198317,65,60139
spread-source_0.2,1010,600,,NaN,17,18,,0,6,0,10,,,17,17,0.9975574010747436,65,59775
spread-source_0.2,1011,600,,NaN,15,16,,0,3,0,11,,,15,15,0.9956813819577736,65,59768
spread-source_0.2,1012,600,,NaN,17,18,,0,6,0,11,,,17,17,0.9924882629107982,65,59670
spread-source_0.2,1013,600,,NaN,16,17,,0,4,0,11,,,16,16,0.9957487009919698,65,59886
spread-source_0.2,1014,600,,NaN,16,17,,0,7,0,10,,,16,16,0.9965551181102362,65,59794
spread-source_0.2,1015,600,,NaN,21,22,,0,2,0,11,,,21,21,0.9967105263157895,65,59706
spread-source_0.2,1016,600,,NaN,14,15,,0,6,0,10,,,14,14,0.9961886612672701,65,60098
spread-source_0.2,1017,600,,NaN,25,26,,0,2,0,11,,,25,25,0.9962157048249763,65,59512
spread-source_0.2,1018,600,,NaN,16,17,,0,4,0,10,,,16,16,0.9936305732484076,65,59874
spread-source_0.2,1019,600,,NaN,26,26,,0,4,0,10,,,26,26,0.9975868725868726,65,59057
spread-source_0.2,1020,600,,NaN,17,18,,0,3,0,11,,,17,17,0.997148288973384,65,59650
spread-source_0.2,1021,600,,NaN,14,15,,0,6,0,10,,,14,14,0.9962174940898345,65,59699
spread-source_0.2,1022,600,,NaN,14,14,,0,1,0,10,,,14,14,0.9943502824858758,65,59888
spread-source_0.2,1023,600,,NaN,16,17,,0,5,0,10,,,16,16,0.9962564342536265,65,59992
spread-source_0.2,1024,600,,NaN,15,16,,0,8,0,11,,,15,15,0.9937046004842615,65,59776
spread-source_0.2,1025,600,,NaN,28,29,,0,3,0,11,,,28,28,0.9946987951807229,65,59262
spread-source_0.2,1026,600,,NaN,15,16,,0,2,0,10,,,15,15,0.9971250598945856,65,59880
spread-source_0.2,1027,600,,NaN,16,17,409,0,4,191,11,,,16,16,0.994703899855561,65,59795
spread-source_0.2,1028,600,,NaN,16,17,36,0,3,564,11,,,16,16,0.9943074003795066,65,59618
spread-source_0.2,1029,600,,NaN,23,24,,0,8,0,11,,,23,23,0.9945054945054945,65,59409
spread-source_0.2,1030,600,,NaN,19,20,,0,2,0,10,,,19,19,0.9941860465116279,65,59854
spread-source_0.2,1031,600,,NaN,22,23,,0,5,0,11,,,22,22,0.9972375690607734,65,59345
spread-source_0.2,1032,600,,NaN,15,16,,0,10,0,10,,,15,15,0.9938212927756654,65,59894
spread-source_0.2,1033,600,,NaN,23,23,,0,4,0,10,,,23,23,0.9952852428099953,65,59488
spread-source_0.2,1034,600,,NaN,17,17,,0,1,0,10,,,17,17,0.9962546816479401,65,59677
spread-source_0.2,1035,600,,NaN,16,16,,0,4,0,11,,,16,16,0.995702005730659,65,59810
spread-source_0.2,1036,600,,NaN,12,13,,0,4,0,10,,,12,12,0.9925023430178069,65,60037
spread-source_0.2,1037,600,,NaN,21,21,,0,1,0,11,,,21,21,0.9966949952785646,65,59520
spread-source_0.2,1038,600,,NaN,16,17,,0,7,0,11,,,16,16,0.9967381174277726,65,59821
spread-source_0.2,1039,600,,NaN,18,19,,0,2,0,11,,,18,18,0.9937947494033413,65,59702
spread-source_0.2,1040,600,,NaN,16,16,,0,1,0,10,,,16,16,0.9967274427302478,65,59652
spread-source_0.2,1041,600,,NaN,14,16,,0,3,0,10,,,14,14,0.9961777353081701,65,59852
spread-source_0.2,1042,600,,NaN,13,14,,0,3,0,10,,,13,13,0.99530736743313,65,59975
spread-source_0.2,1043,600,,NaN,13,14,,0,5,0,11,,,13,13,0.9956584659913169,65,59957
spread-source_0.2,1044,600,,NaN,13,14,,0,2,0,11,,,13,13,0.9938563327032136,65,59773
spread-source_0.2,1045,600,,NaN,16,16,21,0,2,579,11,,,16,16,0.9918072289156626,65,59795
spread-source_0.2,1046,600,,NaN,18,19,,0,1,0,11,,,18,18,0.9952807928268051,65,59686
spread-source_0.2,1047,600,,NaN,15,16,,0,7,0,10,,,15,15,0.9965585054080629,65,59759
spread-source_0.2,1048,600,,NaN,20,20,,0,6,0,11,,,20,20,0.9893668438859352,65,59606
spread-source_0.2,1049,600,,NaN,19,20,,0,5,0,11,,,19,19,0.9955423476968797,65,59672
spread-source_0.2,1050,600,,NaN,16,17,,0,8,0,10,,,16,16,0.9947115384615385,65,59653
spread-source_0.3,1001,600,,NaN,10,11,,0,4,0,11,,,10,10,0.9943661971830986,65,59998
spread-source_0.3,1002,600,,NaN,10,11,,0,11,0,11,,,10,10,0.9923591212989494,65,60229
spread-source_0.3,1003,600,,NaN,14,17,,0,7,0,10,,,14,14,0.9957163255592575,65,59979
spread-source_0.3,1004,600,,NaN,8,9,21,0,3,579,10,,,8,8,0.9933868682097308,65,60069
spread-source_0.3,1005,600,,NaN,10,11,,0,3,0,11,,,10,10,0.9925546765937645,65,60147
spread-source_0.3,1006,600,,NaN,14,16,,0,15,0,10,,,14,14,0.9962494139709329,65,60008
spread-source_0.3,1007,600,,NaN,8,10,,0,6,0,10,,,8,8,0.9948622139187295,65,60261
spread-source_0.3,1008,600,,NaN,9,11,,0,5,0,10,,,9,9,0.9957285239677266,65,60261
spread-source_0.3,1009,600,,NaN,9,11,,0,7,0,12,,,9,9,0.9962581852198317,65,60397
spread-source_0.3,1010,600,,NaN,11,12,,0,7,0,10,,,11,11,0.9975574010747436,65,60053
spread-source_0.3,1011,600,,NaN,9,10,,0,3,0,11,,,9,9,0.9956813819577736,65,60103
spread-source_0.3,1012,600,,NaN,10,11,,0,7,0,11,,,10,10,0.9924882629107982,65,59936
spread-source_0.3,1013,600,,NaN,10,11,,0,6,0,11,,,10,10,0.9957487009919698,65,60206
spread-source_0.3,1014,600,,NaN,9,10,,0,7,0,10,,,9,9,0.9965551181102362,65,60180
spread-source_0.3,1015,600,,NaN,10,11,,0,5,0,11,,,10,10,0.9967105263157895,65,60303
spread-source_0.3,1016,600,,NaN,8,9,,0,7,0,11,,,8,8,0.9961886612672701,65,60362
spread-source_0.3,1017,600,,NaN,9,10,,0,3,0,11,,,9,9,0.9962157048249763,65,60153
spread-source_0.3,1018,600,,NaN,12,13,,0,5,0,10,,,12,12,0.9936305732484076,65,60132
spread-source_0.3,1019,600,,NaN,14,15,,0,6,0,10,,,14,14,0.9975868725868726,65,59761
spread-source_0.3,1020,600,,NaN,10,11,,0,4,0,11,,,10,10,0.997148288973384,65,59887
spread-source_0.3,1021,600,,NaN,10,11,,0,8,0,10,,,10,10,0.9957446808510638,65,60012
spread-source_0.3,1022,600,,NaN,9,10,,0,1,0,10,,,9,9,0.9943502824858758,65,60199
spread-source_0.3,1023,600,,NaN,11,12,,0,6,0,10,,,11,11,0.9962564342536265,65,60209
spread-source_0.3,1024,600,,NaN,8,9,,0,10,0,10,,,8,8,0.9937046004842615,65,60125
spread-source_0.3,1025,600,,NaN,14,14,,0,3,0,11,,,14,14,0.9946987951807229,65,60015
spread-source_0.3,1026,600,,NaN,8,10,,0,4,0,10,,,8,8,0.9971250598945856,65,60131
spread-source_0.3,1027,600,,NaN,11,14,409,0,6,191,10,,,11,11,0.994703899855561,65,60093
spread-source_0.3,1028,600,,NaN,9,10,36,0,4,564,11,,,9,9,0.9943074003795066,65,59998
spread-source_0.3,1029,600,,NaN,15,16,,0,10,0,11,,,15,15,0.9945054945054945,65,59839
spread-source_0.3,1030,600,,NaN,10,11,,0,3,0,10,,,10,10,0.9941860465116279,65,60190
spread-source_0.3,1031,600,,NaN,14,16,,0,9,0,11,,,14,14,0.9972375690607734,65,59827
spread-source_0.3,1032,600,,NaN,9,10,,0,11,0,10,,,9,9,0.9938212927756654,65,60171
spread-source_0.3,1033,600,,NaN,13,14,,0,5,0,10,,,13,13,0.9952852428099953,65,59995
spread-source_0.3,1034,600,,NaN,9,11,,0,1,0,10,,,9,9,0.9962546816479401,65,60076
spread-source_0.3,1035,600,,NaN,9,10,,0,4,0,11,,,9,9,0.995702005730659,65,60130
spread-source_0.3,1036,600,,NaN,8,10,,0,5,0,11,,,8,8,0.9925023430178069,65,60227
spread-source_0.3,1037,600,,NaN,12,12,,0,1,0,11,,,12,12,0.9966949952785646,65,59982
spread-source_0.3,1038,600,,NaN,11,12,,0,9,0,11,,,11,11,0.9967381174277726,65,59985
spread-source_0.3,1039,600,,NaN,10,12,,0,2,0,11,,,10,10,0.9933174224343675,65,60079
spread-source_0.3,1040,600,,NaN,8,9,,0,2,0,10,,,8,8,0.9962599345488546,65,59965
spread-source_0.3,1041,600,,NaN,11,14,,0,5,0,10,,,11,11,0.9961777353081701,65,60007
spread-source_0.3,1042,600,,NaN,9,10,,0,8,0,10,,,9,9,0.99530736743313,65,60135
spread-source_0.3,1043,600,,NaN,8,9,,0,6,0,10,,,8,8,0.9956584659913169,65,60160
spread-source_0.3,1044,600,,NaN,9,11,,0,3,0,11,,,9,9,0.9933837429111532,65,59998
spread-source_0.3,1045,600,,NaN,9,10,21,0,7,579,11,,,9,9,0.9918072289156626,65,60104
spread-source_0.3,1046,600,,NaN,9,10,,0,1,0,10,,,9,9,0.9952807928268051,65,60050
spread-source_0.3,1047,600,,NaN,9,11,,0,7,0,10,,,9,9,0.9965585054080629,65,60094
spread-source_0.3,1048,600,,NaN,10,11,,0,7,0,11,,,10,10,0.9893668438859352,65,60076
spread-source_0.3,1049,600,,NaN,9,10,,0,7,0,10,,,9,9,0.9955423476968797,65,60085
spread-source_0.3,1050,600,,NaN,9,11,,0,12,0,10,,,9,9,0.9947115384615385,65,59949
spread-source_0.4,1001,600,,NaN,8,10,,0,16,0,10,,,8,8,0.9943661971830986,65,60068
spread-source_0.4,1002,600,,NaN,9,11,,0,21,0,10,,,9,9,0.9918815663801337,65,60373
spread-source_0.4,1003,600,,NaN,11,14,,0,14,0,10,,,11,11,0.9957163255592575,65,60105
spread-source_0.4,1004,600,,NaN,7,10,21,0,10,579,10,,,7,7,0.9933868682097308,65,60100
spread-source_0.4,1005,600,,NaN,7,9,,0,7,0,10,,,7,7,0.9925546765937645,65,60282
spread-source_0.4,1006,600,,NaN,9,10,,0,40,0,10,,,9,9,0.9962494139709329,65,60233
spread-source_0.4,1007,600,,NaN,7,8,,0,14,0,10,,,7,7,0.9943951424567959,65,60320
spread-source_0.4,1008,600,,NaN,8,9,,0,7,0,11,,,8,8,0.9947793070716658,65,60353
spread-source_0.4,1009,600,,NaN,8,12,,0,10,0,11,,,8,8,0.9962581852198317,65,60458
spread-source_0.4,1010,600,,NaN,9,10,,0,15,0,10,,,9,9,0.9965803615046409,65,60194
spread-source_0.4,1011,600,,NaN,7,10,,0,3,0,11,,,7,7,0.9956813819577736,65,60187
spread-source_0.4,1012,600,,NaN,8,10,,0,10,0,11,,,8,8,0.9924882629107982,65,60057
spread-source_0.4,1013,600,,NaN,8,11,,0,17,0,11,,,8,8,0.9957487009919698,65,60306
spread-source_0.4,1014,600,,NaN,8,10,,0,23,0,10,,,8,8,0.9955708661417323,65,60214
spread-source_0.4,1015,600,,NaN,9,11,,0,12,0,10,,,9,9,0.9967105263157895,65,60391
spread-source_0.4,1016,600,,NaN,7,10,,0,9,0,10,,,7,7,0.9957122439256789,65,60412
spread-source_0.4,1017,600,,NaN,7,9,,0,5,0,11,,,7,7,0.9962157048249763,65,60239
spread-source_0.4,1018,600,,NaN,8,11,,0,13,0,10,,,8,8,0.9926506614404703,65,60330
spread-source_0.4,1019,600,,NaN,11,12,,0,14,0,10,,,11,11,0.9975868725868726,65,59893
spread-source_0.4,1020,600,,NaN,8,10,,0,11,0,11,,,8,8,0.997148288973384,65,59963
spread-source_0.4,1021,600,,NaN,7,11,,0,17,0,10,,,7,7,0.9947990543735225,65,60072
spread-source_0.4,1022,600,,NaN,8,10,,0,3,0,10,,,8,8,0.993879472693032,65,60293
spread-source_0.4,1023,600,,NaN,8,11,,0,15,0,10,,,8,8,0.9962564342536265,65,60343
spread-source_0.4,1024,600,,NaN,7,9,,0,17,0,10,,,7,7,0.9937046004842615,65,60177
spread-source_0.4,1025,600,,NaN,8,9,,0,9,0,11,,,8,8,0.9942168674698795,65,60255
spread-source_0.4,1026,600,,NaN,7,10,,0,9,0,10,,,7,7,0.9971250598945856,65,60207
spread-source_0.4,1027,600,,NaN,9,11,409,0,24,191,10,,,9,9,0.9942224362060664,65,60206
spread-source_0.4,1028,600,,NaN,8,10,36,0,11,564,11,,,8,8,0.9943074003795066,65,60123
spread-source_0.4,1029,600,,NaN,9,10,,0,15,0,10,,,9,9,0.9945054945054945,65,60133
spread-source_0.4,1030,600,,NaN,7,9,,0,18,0,10,,,7,7,0.9941860465116279,65,60278
spread-source_0.4,1031,600,,NaN,9,11,,0,20,0,10,,,9,9,0.9967771639042358,65,60076
spread-source_0.4,1032,600,,NaN,7,10,,0,26,0,10,,,7,7,0.9938212927756654,65,60246
spread-source_0.4,1033,600,,NaN,9,10,,0,10,0,10,,,9,9,0.9952852428099953,65,60167
spread-source_0.4,1034,600,,NaN,7,8,,0,5,0,10,,,7,7,0.9962546816479401,65,60226
spread-source_0.4,1035,600,,NaN,8,9,,0,11,0,10,,,8,8,0.995702005730659,65,60231
spread-source_0.4,1036,600,,NaN,7,10,,0,15,0,10,,,7,7,0.9925023430178069,65,60310
spread-source_0.4,1037,600,,NaN,8,10,,0,5,0,11,,,8,8,0.9966949952785646,65,60198
spread-source_0.4,1038,600,,NaN,9,11,,0,15,0,11,,,9,9,0.9967381174277726,65,60075
spread-source_0.4,1039,600,,NaN,8,9,,0,11,0,11,,,8,8,0.9918854415274463,65,60222
spread-source_0.4,1040,600,,NaN,8,9,,0,7,0,10,,,8,8,0.9967274427302478,65,60015
spread-source_0.4,1041,600,,NaN,9,11,,0,10,0,10,,,9,9,0.9952221691352127,65,60155
spread-source_0.4,1042,600,,NaN,7,9,,0,20,0,10,,,7,7,0.99530736743313,65,60223
spread-source_0.4,1043,600,,NaN,7,9,,0,16,0,10,,,7,7,0.9951760733236855,65,60201
spread-source_0.4,1044,600,,NaN,7,10,,0,8,0,11,,,7,7,0.9933837429111532,65,60092
spread-source_0.4,1045,600,,NaN,8,11,21,0,13,579,10,,,8,8,0.9913253012048193,65,60225
spread-source_0.4,1046,600,,NaN,7,9,,0,6,0,10,,,7,7,0.9948088721094857,65,60147
spread-source_0.4,1047,600,,NaN,8,10,,0,10,0,10,,,8,8,0.9965585054080629,65,60155
spread-source_0.4,1048,600,,NaN,8,10,,0,11,0,11,,,8,8,0.9884001933301112,65,60215
spread-source_0.4,1049,600,,NaN,7,9,,0,19,0,10,,,7,7,0.9955423476968797,65,60181
spread-source_0.4,1050,600,,NaN,8,11,,0,29,0,10,,,8,8,0.9947115384615385,65,60036
spread-source_0.5,1001,600,,NaN,10,17,,1,238,0,10,,,10,10,0.992018779342723,65,59889
spread-source_0.5,1002,600,,NaN,11,26,,0,316,0,10,,,11,11,0.9890162368672397,65,60141
spread-source_0.5,1003,600,,NaN,13,18,,1,250,0,10,,,13,13,0.98857686815802,65,59928
spread-source_0.5,1004,600,,NaN,9,20,,1,285,0,10,,,9,9,0.9853566367501181,65,59840
spread-source_0.5,1005,600,,NaN,7,14,,1,213,0,10,,,7,7,0.9827826896230805,65,60112
spread-source_0.5,1006,600,,NaN,11,19,,1,361,0,10,,,11,11,0.9929676511954993,65,59966
spread-source_0.5,1007,600,,NaN,8,13,,1,245,0,10,,,8,8,0.9859878561419897,65,60113
spread-source_0.5,1008,600,,NaN,9,27,,1,259,0,10,,,9,9,0.9890840056953014,65,60106
spread-source_0.5,1009,600,,NaN,9,12,,1,234,0,10,,,9,9,0.9878391019644528,65,60268
spread-source_0.5,1010,600,,NaN,10,13,,0,310,0,10,,,10,10,0.995114802149487,65,59953
spread-source_0.5,1011,600,,NaN,9,20,,1,177,0,10,,,9,9,0.991362763915547,65,60034
spread-source_0.5,1012,600,,NaN,10,16,,1,244,0,11,,,10,10,0.9906103286384976,65,59858
spread-source_0.5,1013,600,,NaN,16,23,,1,278,0,10,,,16,16,0.9943316013226263,65,60033
spread-source_0.5,1014,600,,NaN,10,14,,0,311,0,11,,,10,10,0.9940944881889764,65,60005
spread-source_0.5,1015,600,,NaN,11,13,,1,238,0,10,,,11,11,0.9953007518796992,65,60141
spread-source_0.5,1016,600,,NaN,10,18,,1,243,0,10,,,10,10,0.993806574559314,65,60205
spread-source_0.5,1017,600,,NaN,10,20,,0,225,0,11,,,10,10,0.9933774834437086,65,60031
spread-source_0.5,1018,600,,NaN,10,13,,1,241,0,10,,,10,10,0.9897109260166586,65,60127
spread-source_0.5,1019,600,,NaN,18,21,,1,283,0,10,,,18,18,0.9884169884169884,65,59613
spread-source_0.5,1020,600,,NaN,10,12,,1,296,0,10,,,10,10,0.9942965779467681,65,59753
spread-source_0.5,1021,600,,NaN,9,13,,0,268,0,10,,,9,9,0.9933806146572104,65,59801
spread-source_0.5,1022,600,,NaN,9,15,,0,210,0,10,,,9,9,0.9915254237288136,65,60119
spread-source_0.5,1023,600,,NaN,15,21,,1,309,0,10,,,15,15,0.9803462798315395,65,60053
spread-source_0.5,1024,600,,NaN,11,17,,1,234,0,10,,,11,11,0.9927360774818402,65,59958
spread-source_0.5,1025,600,,NaN,11,14,,0,209,0,10,,,11,11,0.9869879518072289,65,60079
spread-source_0.5,1026,600,,NaN,9,12,,1,196,0,10,,,9,9,0.996166746526114,65,60059
spread-source_0.5,1027,600,,NaN,11,16,,1,247,0,11,,,11,11,0.9922965816080885,65,60065
spread-source_0.5,1028,600,,NaN,10,14,,1,211,0,10,,,10,10,0.9819734345351043,65,59910
spread-source_0.5,1029,600,,NaN,11,13,,2,217,0,10,,,11,11,0.98992673992674,65,59975
spread-source_0.5,1030,600,,NaN,8,11,,1,242,0,10,,,8,8,0.9917635658914729,65,60089
spread-source_0.5,1031,600,,NaN,12,16,,0,323,0,10,,,12,12,0.9935543278084714,65,59854
spread-source_0.5,1032,600,,NaN,8,11,,0,269,0,10,,,8,8,0.9923954372623575,65,60050
spread-source_0.5,1033,600,,NaN,13,18,,1,266,0,10,,,13,13,0.9938708156529938,65,59955
spread-source_0.5,1034,600,,NaN,10,15,,1,254,0,10,,,10,10,0.9943820224719101,65,60012
spread-source_0.5,1035,600,,NaN,9,13,,1,281,0,10,,,9,9,0.9937917860553964,65,59991
spread-source_0.5,1036,600,,NaN,8,13,,1,255,0,10,,,8,8,0.9882849109653233,65,60117
spread-source_0.5,1037,600,,NaN,9,12,,0,214,0,10,,,9,9,0.9952785646836638,65,60065
spread-source_0.5,1038,600,,NaN,10,15,,0,284,0,11,,,10,10,0.9939422180801492,65,59881
spread-source_0.5,1039,600,,NaN,9,14,,1,244,0,10,,,9,9,0.9832935560859188,65,60057
spread-source_0.5,1040,600,,NaN,12,15,,1,204,0,10,,,12,12,0.9943899018232819,65,59836
spread-source_0.5,1041,600,,NaN,11,16,,1,267,0,10,,,11,11,0.9837553750597229,65,59932
spread-source_0.5,1042,600,,NaN,8,14,,1,291,0,10,,,8,8,0.992491787893008,65,60010
spread-source_0.5,1043,600,,NaN,10,15,,0,237,0,10,,,10,10,0.9884225759768451,65,60018
spread-source_0.5,1044,600,,NaN,9,18,,1,174,0,11,,,9,9,0.9867674858223062,65,59956
spread-source_0.5,1045,600,,NaN,11,19,,0,277,0,10,,,11,11,0.9865060240963855,65,60027
spread-source_0.5,1046,600,,NaN,9,12,,1,231,0,10,,,9,9,0.9896177442189712,65,60001
spread-source_0.5,1047,600,,NaN,9,12,,1,207,0,10,,,9,9,0.9936086529006883,65,60027
spread-source_0.5,1048,600,,NaN,8,11,,1,262,0,10,,,8,8,0.9806669888835186,65,60004
spread-source_0.5,1049,600,,NaN,9,18,,0,256,0,10,,,9,9,0.9920752847944527,65,59978
spread-source_0.5,1050,600,,NaN,11,16,,1,206,0,10,,,11,11,0.9942307692307693,65,59887
counts_Slot_Eligible,1001,600,,NaN,21,21,,0,2,0,11,,,21,21,0.9953051643192489,65,59591
counts_Slot_Eligible,1002,600,,NaN,28,28,,0,4,0,11,,,28,28,0.9928366762177651,65,59684
counts_Slot_Eligible,1003,600,,NaN,15,15,,0,2,0,10,,,15,15,0.9961922893860067,65,59852
counts_Slot_Eligible,1004,600,,NaN,12,12,21,0,1,579,10,,,12,12,0.9933868682097308,65,59948
counts_Slot_Eligible,1005,600,,NaN,18,18,,0,1,0,11,,,18,18,0.9925546765937645,65,59790
counts_Slot_Eligible,1006,600,,NaN,21,22,,0,5,0,10,,,21,21,0.9962494139709329,65,59800
counts_Slot_Eligible,1007,600,,NaN,12,12,,0,2,0,11,,,12,12,0.9948622139187295,65,60087
counts_Slot_Eligible,1008,600,,NaN,12,13,,0,3,0,10,,,12,12,0.9957285239677266,65,60183
counts_Slot_Eligible,1009,600,,NaN,21,22,,0,2,0,12,,,21,21,0.9962581852198317,65,59915
counts_Slot_Eligible,1010,600,,NaN,14,15,,0,3,0,10,,,14,14,0.9975574010747436,65,59922
counts_Slot_Eligible,1011,600,,NaN,16,16,,0,1,0,11,,,16,16,0.9956813819577736,65,59929
counts_Slot_Eligible,1012,600,,NaN,17,17,,0,2,0,11,,,17,17,0.9929577464788732,65,59766
counts_Slot_Eligible,1013,600,,NaN,16,17,,0,3,0,10,,,16,16,0.9957487009919698,65,60008
counts_Slot_Eligible,1014,600,,NaN,16,17,,0,4,0,10,,,16,16,0.9965551181102362,65,59905
counts_Slot_Eligible,1015,600,,NaN,19,19,,0,1,0,11,,,19,19,0.9967105263157895,65,60069
counts_Slot_Eligible,1016,600,,NaN,11,11,,0,3,0,10,,,11,11,0.9966650786088613,65,60259
counts_Slot_Eligible,1017,600,,NaN,20,21,,0,1,0,11,,,20,20,0.9962157048249763,65,59795
counts_Slot_Eligible,1018,600,,NaN,19,20,,0,1,0,10,,,19,19,0.9941205291523763,65,59849
counts_Slot_Eligible,1019,600,,NaN,24,24,,0,3,0,10,,,24,24,0.9975868725868726,65,59227
counts_Slot_Eligible,1020,600,,NaN,20,21,,0,1,0,11,,,20,20,0.997148288973384,65,59523
counts_Slot_Eligible,1021,600,,NaN,13,13,,0,4,0,10,,,13,13,0.9962174940898345,65,59839
counts_Slot_Eligible,1022,600,,NaN,15,15,,0,1,0,10,,,15,15,0.9943502824858758,65,59953
counts_Slot_Eligible,1023,600,,NaN,19,20,,0,3,0,10,,,19,19,0.9967243799719232,65,59850
counts_Slot_Eligible,1024,600,,NaN,13,14,,0,3,0,11,,,13,13,0.9937046004842615,65,59915
counts_Slot_Eligible,1025,600,,NaN,20,21,,0,2,0,11,,,20,20,0.9946987951807229,65,59761
counts_Slot_Eligible,1026,600,,NaN,15,16,,0,1,0,10,,,15,15,0.9971250598945856,65,59947
counts_Slot_Eligible,1027,600,,NaN,16,16,409,0,2,191,11,,,16,16,0.9951853635050554,65,59889
counts_Slot_Eligible,1028,600,,NaN,15,15,36,0,2,564,11,,,15,15,0.9943074003795066,65,59744
counts_Slot_Eligible,1029,600,,NaN,22,22,,0,6,0,11,,,22,22,0.9945054945054945,65,59509
counts_Slot_Eligible,1030,600,,NaN,18,18,,0,1,0,10,,,18,18,0.9941860465116279,65,60001
counts_Slot_Eligible,1031,600,,NaN,22,22,,0,3,0,11,,,22,22,0.9976979742173112,65,59483
counts_Slot_Eligible,1032,600,,NaN,15,16,,0,9,0,10,,,15,15,0.9938212927756654,65,59990
counts_Slot_Eligible,1033,600,,NaN,19,19,,0,4,0,10,,,19,19,0.9952852428099953,65,59738
counts_Slot_Eligible,1034,600,,NaN,18,19,,0,1,0,10,,,18,18,0.9962546816479401,65,59682
counts_Slot_Eligible,1035,600,,NaN,16,16,,0,2,0,11,,,16,16,0.995702005730659,65,59872
counts_Slot_Eligible,1036,600,,NaN,10,10,,0,2,0,10,,,10,10,0.9925023430178069,65,60217
counts_Slot_Eligible,1037,600,,NaN,20,21,,0,2,0,11,,,20,20,0.9966949952785646,65,59688
counts_Slot_Eligible,1038,600,,NaN,15,15,,0,5,0,11,,,15,15,0.9967381174277726,65,59850
counts_Slot_Eligible,1039,600,,NaN,17,18,,0,2,0,11,,,17,17,0.9937947494033413,65,59778
counts_Slot_Eligible,1040,600,,NaN,17,17,,0,1,0,10,,,17,17,0.9967274427302478,65,59653
counts_Slot_Eligible,1041,600,,NaN,13,14,,0,3,0,10,,,13,13,0.9961777353081701,65,59963
counts_Slot_Eligible,1042,600,,NaN,11,11,,0,3,0,10,,,11,11,0.99530736743313,65,60131
counts_Slot_Eligible,1043,600,,NaN,15,16,,0,3,0,11,,,15,15,0.9966232513265798,65,59926
counts_Slot_Eligible,1044,600,,NaN,14,14,,0,1,0,11,,,14,14,0.994328922495274,65,59789
counts_Slot_Eligible,1045,600,,NaN,13,14,,0,1,0,11,,,13,13,0.9918072289156626,65,59934
counts_Slot_Eligible,1046,600,,NaN,16,16,,0,1,0,11,,,16,16,0.9952807928268051,65,59817
counts_Slot_Eligible,1047,600,,NaN,12,13,,0,2,0,10,,,12,12,0.9965585054080629,65,59969
counts_Slot_Eligible,1048,600,,NaN,21,21,,0,4,0,11,,,21,21,0.9893668438859352,65,59748
counts_Slot_Eligible,1049,600,,NaN,16,17,,0,3,0,11,,,16,16,0.9960376423972264,65,59869
counts_Slot_Eligible,1050,600,,NaN,12,12,,0,3,0,10,,,12,12,0.9947115384615385,65,59894
counts_Slot_All,1001,600,,NaN,,,,0,0,0,11,,,,,0.14037558685446008,65,82
counts_Slot_All,1002,600,,NaN,,,,0,0,0,11,,,,,0.15377268385864373,65,99
counts_Slot_All,1003,600,,NaN,,,,0,0,0,10,,,,,0.14802475011899097,65,97
counts_Slot_All,1004,600,,NaN,,,,0,0,0,10,,,,,0.1643835616438356,65,74
counts_Slot_All,1005,600,,NaN,,,,0,0,0,11,,,,,0.13959981386691483,65,101
counts_Slot_All,1006,600,,NaN,,,,0,0,0,11,,,,,0.15611814345991562,65,89
counts_Slot_All,1007,600,,NaN,,,,0,0,0,10,,,,,0.14572629612330687,65,95
counts_Slot_All,1008,600,,NaN,,,,0,0,0,11,,,,,0.16279069767441862,65,89
counts_Slot_All,1009,600,,NaN,,,,0,0,0,12,,,,,0.15715622076707203,65,90
counts_Slot_All,1010,600,,NaN,,,,0,0,0,11,,,,,0.14948705422569614,65,91
counts_Slot_All,1011,600,,NaN,,,,0,0,0,11,,,,,0.15067178502879078,65,95
counts_Slot_All,1012,600,,NaN,,,,0,0,0,11,,,,,0.15352112676056337,65,101
counts_Slot_All,1013,600,,NaN,,,,0,0,0,11,,,,,0.1620217288615966,65,108
counts_Slot_All,1014,600,,NaN,,,,0,0,0,11,,,,,0.1658464566929134,65,83
counts_Slot_All,1015,600,,NaN,,,,0,0,0,11,,,,,0.13956766917293234,65,85
counts_Slot_All,1016,600,,NaN,,,,0,0,0,11,,,,,0.14006669842782277,65,88
counts_Slot_All,1017,600,,NaN,,,,0,0,0,11,,,,,0.141438032166509,65,94
counts_Slot_All,1018,600,,NaN,,,,0,0,0,10,,,,,0.15090641842234198,65,81
counts_Slot_All,1019,600,,NaN,,,,0,0,0,10,,,,,0.1583011583011583,65,116
counts_Slot_All,1020,600,,NaN,,,,0,0,0,11,,,,,0.14020912547528516,65,98
counts_Slot_All,1021,600,,NaN,,,,0,0,0,10,,,,,0.1508274231678487,65,78
counts_Slot_All,1022,600,,NaN,,,,0,0,0,11,,,,,0.12994350282485875,65,88
counts_Slot_All,1023,600,,NaN,,,,0,0,0,11,,,,,0.13710809546092653,65,98
counts_Slot_All,1024,600,,NaN,,,,0,0,0,12,,,,,0.16513317191283294,65,87
counts_Slot_All,1025,600,,NaN,,,,0,0,0,11,,,,,0.14216867469879518,65,81
counts_Slot_All,1026,600,,NaN,,,,0,0,0,10,,,,,0.16003833253473887,65,75
counts_Slot_All,1027,600,,NaN,,,,0,0,0,11,,,,,0.13384689455946075,65,77
counts_Slot_All,1028,600,,NaN,,,,0,0,0,11,,,,,0.14753320683111953,65,95
counts_Slot_All,1029,600,,NaN,,,,0,0,0,11,,,,,0.15705128205128205,65,85
counts_Slot_All,1030,600,,NaN,,,,0,0,0,10,,,,,0.1434108527131783,65,81
counts_Slot_All,1031,600,,NaN,,,,0,0,0,11,,,,,0.15377532228360957,65,106
counts_Slot_All,1032,600,,NaN,,,,0,0,0,10,,,,,0.15399239543726237,65,114
counts_Slot_All,1033,600,,NaN,,,,0,0,0,10,,,,,0.15417256011315417,65,82
counts_Slot_All,1034,600,,NaN,,,,0,0,0,10,,,,,0.14700374531835206,65,93
counts_Slot_All,1035,600,,NaN,,,,0,0,0,11,,,,,0.16189111747851004,65,92
counts_Slot_All,1036,600,,NaN,,,,0,0,0,11,,,,,0.1274601686972821,65,109
counts_Slot_All,1037,600,,NaN,,,,0,0,0,11,,,,,0.14258734655335223,65,82
counts_Slot_All,1038,600,,NaN,,,,0,0,0,11,,,,,0.1533084808946878,65,63
counts_Slot_All,1039,600,,NaN,,,,0,0,0,11,,,,,0.1522673031026253,65,93
counts_Slot_All,1040,600,,NaN,,,,0,0,0,11,,,,,0.15053763440860216,65,103
counts_Slot_All,1041,600,,NaN,,,,0,0,0,11,,,,,0.16244624940277114,65,80
counts_Slot_All,1042,600,,NaN,,,,0,0,0,10,,,,,0.15720319099014546,65,116
counts_Slot_All,1043,600,,NaN,,,,0,0,0,11,,,,,0.1548480463096961,65,100
counts_Slot_All,1044,600,,NaN,,,,0,0,0,11,,,,,0.14933837429111532,65,77
counts_Slot_All,1045,600,,NaN,,,,0,0,0,11,,,,,0.13783132530120482,65,116
counts_Slot_All,1046,600,,NaN,,,,0,0,0,11,,,,,0.15667767815007078,65,116
counts_Slot_All,1047,600,,NaN,,,,0,0,0,10,,,,,0.1529006882989184,65,77
counts_Slot_All,1048,600,,NaN,,,,0,0,0,11,,,,,0.14403093281778637,65,78
counts_Slot_All,1049,600,,NaN,,,,0,0,0,11,,,,,0.14413075780089152,65,59
counts_Slot_All,1050,600,,NaN,,,,0,0,0,10,,,,,0.15528846153846154,65,117
counts_Replace_Eligible,1001,600,,NaN,38,39,74,0,5,525,11,,,38,38,0.9966903073286052,65,58156
counts_Replace_Eligible,1002,600,,NaN,57,58,,0,1,0,11,,,57,57,0.9981167608286252,65,56392
counts_Replace_Eligible,1003,600,,NaN,,,,0,0,0,10,,,,,0.1396917148362235,65,1418
counts_Replace_Eligible,1004,600,,NaN,28,30,,0,1,0,10,,,28,28,0.994909763998149,65,58893
counts_Replace_Eligible,1005,600,,NaN,,,,0,0,0,10,,,,,0.14678030303030304,65,1768
counts_Replace_Eligible,1006,600,,NaN,32,34,,0,1,0,10,,,32,32,0.992406264831514,65,58553
counts_Replace_Eligible,1007,600,,NaN,33,34,36,0,3,564,11,,,33,33,0.9948308270676691,65,58431
counts_Replace_Eligible,1008,600,,NaN,52,52,,0,1,0,11,,,52,52,0.997131931166348,65,57555
counts_Replace_Eligible,1009,600,,NaN,32,33,,0,3,0,12,,,32,32,0.9938563327032136,65,58555
counts_Replace_Eligible,1010,600,,NaN,,,,0,0,0,11,,,,,0.1577228184787681,65,1640
counts_Replace_Eligible,1011,600,,NaN,34,35,,0,7,0,11,,,34,34,0.9971264367816092,65,58431
counts_Replace_Eligible,1012,600,,NaN,42,43,,0,3,0,11,,,42,42,0.9961538461538462,65,57837
counts_Replace_Eligible,1013,600,,NaN,58,58,,0,3,0,11,,,58,58,0.9961832061068703,65,56682
counts_Replace_Eligible,1014,600,,NaN,46,48,,0,0,0,11,,,46,46,0.9930932412432166,65,57481
counts_Replace_Eligible,1015,600,,NaN,,,,0,0,0,11,,,,,0.1602655286865813,65,1655
counts_Replace_Eligible,1016,600,,NaN,,,,0,0,0,10,,,,,0.1708133971291866,65,2400
counts_Replace_Eligible,1017,600,,NaN,51,51,,0,1,0,11,,,51,51,0.9962616822429906,65,57116
counts_Replace_Eligible,1018,600,,NaN,,,,0,0,0,10,,,,,0.15671285236502627,65,1584
counts_Replace_Eligible,1019,600,,NaN,342,342,,0,0,0,10,,,342,342,0.9966730038022814,65,28531
counts_Replace_Eligible,1020,600,,NaN,35,36,,0,1,0,11,,,35,35,0.9971537001897534,65,58520
counts_Replace_Eligible,1021,600,,NaN,85,85,,0,0,0,10,,,85,85,0.9938505203405865,65,53711
counts_Replace_Eligible,1022,600,,NaN,28,30,,0,1,0,10,,,28,28,0.9967136150234742,65,59055
counts_Replace_Eligible,1023,600,,NaN,,,,0,0,0,10,,,,,0.1589719181342218,65,1634
counts_Replace_Eligible,1024,600,,NaN,30,31,,0,1,0,11,,,30,30,0.9942666029622551,65,58744
counts_Replace_Eligible,1025,600,,NaN,,,,0,0,0,11,,,,,0.16147308781869688,65,1599
counts_Replace_Eligible,1026,600,,NaN,30,32,,0,2,0,10,,,30,30,0.9963031423290203,65,58598
counts_Replace_Eligible,1027,600,,NaN,23,25,,0,1,0,11,,,23,23,0.9958620689655172,65,59488
counts_Replace_Eligible,1028,600,,NaN,24,26,,0,1,0,11,,,24,24,0.9976646426903316,65,59165
counts_Replace_Eligible,1029,600,,NaN,35,36,,0,1,0,11,,,35,35,0.997686256362795,65,58207
counts_Replace_Eligible,1030,600,,NaN,,,,0,0,0,10,,,,,0.16110304789550073,65,1429
counts_Replace_Eligible,1031,600,,NaN,,,,0,0,0,11,,,,,0.1764983482774894,65,2262
counts_Replace_Eligible,1032,600,,NaN,55,55,,0,0,0,10,,,55,55,0.9934731934731935,65,57178
counts_Replace_Eligible,1033,600,,NaN,,,,0,0,0,10,,,,,0.17176470588235293,65,1935
counts_Replace_Eligible,1034,600,,NaN,,,,0,0,0,11,,,,,0.173621103117506,65,1719
counts_Replace_Eligible,1035,600,,NaN,35,37,,0,1,0,11,,,35,35,0.9961740793878527,65,58286
counts_Replace_Eligible,1036,600,,NaN,27,27,,0,2,0,11,,,27,27,0.9967547519703291,65,59037
counts_Replace_Eligible,1037,600,,NaN,34,35,,0,1,0,11,,,34,34,0.9967441860465116,65,58347
counts_Replace_Eligible,1038,600,,NaN,35,37,,0,1,0,11,,,35,35,0.9975405804230202,65,58153
counts_Replace_Eligible,1039,600,,NaN,47,47,,0,2,0,11,,,47,47,0.9963201471941122,65,57795
counts_Replace_Eligible,1040,600,,NaN,41,42,,0,2,0,10,,,41,41,0.9981325863678805,65,57851
counts_Replace_Eligible,1041,600,,NaN,31,33,,0,4,0,11,,,31,31,0.9952963311382879,65,58786
counts_Replace_Eligible,1042,600,,NaN,20,21,,0,1,0,11,,,20,20,0.9951737451737451,65,59342
counts_Replace_Eligible,1043,600,,NaN,32,33,,0,3,0,11,,,32,32,0.995722433460076,65,58787
counts_Replace_Eligible,1044,600,,NaN,35,36,151,0,2,449,11,,,35,35,0.9939280709948622,65,58300
counts_Replace_Eligible,1045,600,,NaN,22,24,,0,1,0,11,,,22,22,0.9946808510638298,65,59236
counts_Replace_Eligible,1046,600,,NaN,283,285,,0,0,0,11,,,283,283,0.996186844613918,65,33974
counts_Replace_Eligible,1047,600,,NaN,,,,0,0,0,10,,,,,0.15151515151515152,65,2057
counts_Replace_Eligible,1048,600,,NaN,41,43,,0,1,0,11,,,41,41,0.99767549976755,65,57881
counts_Replace_Eligible,1049,600,,NaN,92,92,,0,1,0,10,,,92,92,0.9951409135082604,65,52747
counts_Replace_Eligible,1050,600,,NaN,473,473,,0,0,0,11,,,473,473,0.9938505203405865,65,16085
counts_Replace_All,1001,600,,NaN,,,,0,0,0,11,,,,,0.14468085106382977,65,550
counts_Replace_All,1002,600,,NaN,,,,0,0,0,11,,,,,0.15772128060263654,65,474
counts_Replace_All,1003,600,,NaN,,,,0,0,0,11,,,,,0.1348747591522158,65,511
counts_Replace_All,1004,600,,NaN,,,,0,0,0,10,,,,,0.16473854696899584,65,618
counts_Replace_All,1005,600,,NaN,,,,0,0,0,11,,,,,0.13541666666666666,65,670
counts_Replace_All,1006,600,,NaN,,,,0,0,0,11,,,,,0.15045087802562884,65,741
counts_Replace_All,1007,600,,NaN,,,,0,0,0,11,,,,,0.13204887218045114,65,619
counts_Replace_All,1008,600,,NaN,,,,0,0,0,10,,,,,0.15105162523900573,65,1071
counts_Replace_All,1009,600,,NaN,,,,0,0,0,12,,,,,0.15122873345935728,65,563
counts_Replace_All,1010,600,,NaN,,,,0,0,0,11,,,,,0.1511899206719552,65,595
counts_Replace_All,1011,600,,NaN,,,,0,0,0,11,,,,,0.15804597701149425,65,493
counts_Replace_All,1012,600,,NaN,,,,0,0,0,11,,,,,0.16153846153846155,65,621
counts_Replace_All,1013,600,,NaN,,,,0,0,0,11,,,,,0.13358778625954199,65,718
counts_Replace_All,1014,600,,NaN,,,,0,0,0,11,,,,,0.1637888505180069,65,659
counts_Replace_All,1015,600,,NaN,,,,0,0,0,11,,,,,0.15173067804646753,65,661
counts_Replace_All,1016,600,,NaN,,,,0,0,0,11,,,,,0.1507177033492823,65,650
counts_Replace_All,1017,600,,NaN,,,,0,0,0,11,,,,,0.1383177570093458,65,582
counts_Replace_All,1018,600,,NaN,,,,0,0,0,11,,,,,0.14763497372193024,65,576
counts_Replace_All,1019,600,,NaN,,,,0,0,0,10,,,,,0.1520912547528517,65,628
counts_Replace_All,1020,600,,NaN,,,,0,0,0,11,,,,,0.15512333965844402,65,613
counts_Replace_All,1021,600,,NaN,,,,0,0,0,10,,,,,0.1357615894039735,65,519
counts_Replace_All,1022,600,,NaN,,,,0,0,0,10,,,,,0.1511737089201878,65,599
counts_Replace_All,1023,600,,NaN,,,,0,0,0,11,,,,,0.14802475011899097,65,565
counts_Replace_All,1024,600,,NaN,,,,0,0,0,11,,,,,0.16531294792164358,65,625
counts_Replace_All,1025,600,,NaN,,,,0,0,0,11,,,,,0.1534466477809254,65,562
counts_Replace_All,1026,600,,NaN,,,,0,0,0,10,,,,,0.1534195933456562,65,647
counts_Replace_All,1027,600,,NaN,,,,0,0,0,11,,,,,0.1645977011494253,65,512
counts_Replace_All,1028,600,,NaN,,,,0,0,0,11,,,,,0.1452592246613732,65,560
counts_Replace_All,1029,600,,NaN,,,,0,0,0,11,,,,,0.15270708005552985,65,635
counts_Replace_All,1030,600,,NaN,,,,0,0,0,10,,,,,0.1490082244799226,65,589
counts_Replace_All,1031,600,,NaN,,,,0,0,0,11,,,,,0.16375648890986313,65,623
counts_Replace_All,1032,600,,NaN,,,,0,0,0,10,,,,,0.15897435897435896,65,561
counts_Replace_All,1033,600,,NaN,,,,0,0,0,11,,,,,0.15811764705882353,65,732
counts_Replace_All,1034,600,,NaN,,,,0,0,0,11,,,,,0.1606714628297362,65,627
counts_Replace_All,1035,600,,NaN,,,,0,0,0,11,,,,,0.17073170731707318,65,591
counts_Replace_All,1036,600,,NaN,,,,0,0,0,11,,,,,0.1520630505331479,65,673
counts_Replace_All,1037,600,,NaN,,,,0,0,0,11,,,,,0.1558139534883721,65,708
counts_Replace_All,1038,600,,NaN,,,,0,0,0,12,,,,,0.14658140678799803,65,696
counts_Replace_All,1039,600,,NaN,,,,0,0,0,11,,,,,0.1467341306347746,65,629
counts_Replace_All,1040,600,,NaN,213,214,,0,126,0,11,,,213,213,0.9911297852474323,65,40507
counts_Replace_All,1041,600,,NaN,,,,0,0,0,11,,,,,0.14299153339604892,65,545
counts_Replace_All,1042,600,,NaN,,,,0,0,0,11,,,,,0.17133204633204632,65,665
counts_Replace_All,1043,600,,NaN,,,,0,0,0,11,,,,,0.157319391634981,65,491
counts_Replace_All,1044,600,,NaN,,,,0,0,0,11,,,,,0.14852872489490893,65,619
counts_Replace_All,1045,600,,NaN,,,,0,0,0,11,,,,,0.14990328820116053,65,646
counts_Replace_All,1046,600,,NaN,294,296,,0,92,0,11,,,294,294,0.9933269780743565,65,32435
counts_Replace_All,1047,600,,NaN,,,,0,0,0,11,,,,,0.14333814333814335,65,586
counts_Replace_All,1048,600,,NaN,,,,0,0,0,11,,,,,0.14318921431892143,65,625
counts_Replace_All,1049,600,,NaN,93,94,,0,139,0,11,,,93,93,0.9922254616132167,65,52289
counts_Replace_All,1050,600,,NaN,,,,0,0,0,11,,,,,0.13954588457899716,65,630
trajectory_0.15,1001,500,,NaN,10,11,,0,1,0,11,,,10,10,0.9953938277291571,65,47300
trajectory_0.15,1002,500,,NaN,9,10,,0,3,0,11,,,9,9,0.9937917860553964,65,47298
trajectory_0.15,1003,500,,NaN,8,8,,0,2,0,10,,,8,8,0.9966199903428296,65,47411
trajectory_0.15,1004,500,,NaN,6,7,,0,1,0,10,,,6,6,0.9962067330488383,65,47329
trajectory_0.15,1005,500,,NaN,10,11,,0,1,0,11,,,10,10,0.9934333958724203,65,47227
trajectory_0.15,1006,500,,NaN,10,10,,0,4,0,10,,,10,10,0.9970774476376035,65,47196
trajectory_0.15,1007,500,,NaN,7,7,25,0,5,474,11,,,7,7,0.9914081145584726,65,47314
trajectory_0.15,1008,500,,NaN,7,7,,0,3,0,11,,,7,7,0.9938476100331283,65,47379
trajectory_0.15,1009,500,,NaN,8,9,,0,2,0,11,,,8,8,0.9952696310312205,65,47260
trajectory_0.15,1010,500,,NaN,10,11,,0,2,0,10,,,10,10,0.9944954128440368,65,47292
trajectory_0.15,1011,500,,NaN,9,9,,0,3,0,11,,,9,9,0.996708979783733,65,47140
trajectory_0.15,1012,500,,NaN,6,7,,0,2,0,10,,,6,6,0.9931350114416476,65,47389
trajectory_0.15,1013,500,,NaN,7,8,,0,1,0,10,,,7,7,0.9910798122065728,65,47187
trajectory_0.15,1014,500,,NaN,10,11,,0,1,0,11,,,10,10,0.9946808510638298,65,47324
trajectory_0.15,1015,500,,NaN,9,9,,0,7,0,11,,,9,9,0.996708979783733,65,47592
trajectory_0.15,1016,500,,NaN,6,6,,0,3,0,10,,,6,6,0.9961240310077519,65,47358
trajectory_0.15,1017,500,,NaN,7,7,,0,1,0,11,,,7,7,0.9962049335863378,65,47182
trajectory_0.15,1018,500,,NaN,9,10,,0,3,0,10,,,9,9,0.9922216820612543,65,47509
trajectory_0.15,1019,500,,NaN,8,9,,0,2,0,10,,,8,8,0.99476688867745,65,47248
trajectory_0.15,1020,500,,NaN,8,9,,0,1,0,11,,,8,8,0.996222851746931,65,47463
trajectory_0.15,1021,500,,NaN,8,8,,0,2,0,10,,,8,8,0.9937769267592149,65,47465
trajectory_0.15,1022,500,,NaN,7,8,22,0,2,477,10,,,7,7,0.9981438515081207,65,47449
trajectory_0.15,1023,500,,NaN,8,9,,0,2,0,10,,,8,8,0.9948670088660756,65,47438
trajectory_0.15,1024,500,,NaN,6,7,27,0,4,473,10,,,6,6,0.9972209356183418,65,47237
trajectory_0.15,1025,500,,NaN,8,8,,0,1,0,11,,,8,8,0.9957943925233644,65,47435
trajectory_0.15,1026,500,,NaN,7,7,,0,3,0,10,,,7,7,0.9938359412043622,65,47601
trajectory_0.15,1027,500,,NaN,8,9,,0,4,0,11,,,8,8,0.996615087040619,65,47140
trajectory_0.15,1028,500,,NaN,8,9,23,0,2,477,10,,,8,8,0.9953682260305697,65,47493
trajectory_0.15,1029,500,,NaN,10,10,,0,1,0,11,,,10,10,0.9976514795678723,65,47514
trajectory_0.15,1030,500,,NaN,6,7,,0,1,0,10,,,6,6,0.9922817173178967,65,47229
trajectory_0.15,1031,500,,NaN,9,9,,0,2,0,10,,,9,9,0.9957183634633682,65,47102
trajectory_0.15,1032,500,,NaN,7,8,,0,1,0,10,,,7,7,0.9944003733084461,65,47309
trajectory_0.15,1033,500,,NaN,9,10,,0,1,0,10,,,9,9,0.9942829919009052,65,47216
trajectory_0.15,1034,500,,NaN,8,9,,0,3,0,10,,,8,8,0.9961777353081701,65,47073
trajectory_0.15,1035,500,,NaN,7,8,17,0,3,483,10,,,7,7,0.9944802207911684,65,47347
trajectory_0.15,1036,500,,NaN,7,7,,0,1,0,10,,,7,7,0.9948088721094857,65,47222
trajectory_0.15,1037,500,,NaN,9,9,,0,4,0,11,,,9,9,0.9948884758364313,65,46954
trajectory_0.15,1038,500,,NaN,8,9,27,0,2,473,11,,,8,8,0.9946183953033269,65,47361
trajectory_0.15,1039,500,,NaN,8,9,40,0,1,460,10,,,8,8,0.9962370649106302,65,47350
trajectory_0.15,1040,500,,NaN,7,7,,0,1,0,10,,,7,7,0.9937560038424592,65,47244
trajectory_0.15,1041,500,,NaN,8,8,,0,3,0,10,,,8,8,0.9985974754558204,65,47260
trajectory_0.15,1042,500,,NaN,7,8,,0,1,0,10,,,7,7,0.99375,65,47355
trajectory_0.15,1043,500,,NaN,6,7,,0,2,0,11,,,6,6,0.994280266920877,65,47302
trajectory_0.15,1044,500,,NaN,7,8,,0,2,0,11,,,7,7,0.9961519961519961,65,47435
trajectory_0.15,1045,500,,NaN,8,9,42,0,3,458,10,,,8,8,0.9957487009919698,65,47335
trajectory_0.15,1046,500,,NaN,7,8,,0,5,0,11,,,7,7,0.9942501197891711,65,47435
trajectory_0.15,1047,500,,NaN,7,8,,0,3,0,10,,,7,7,0.9972789115646259,65,47636
trajectory_0.15,1048,500,,NaN,8,9,36,0,3,464,10,,,8,8,0.9953682260305697,65,47320
trajectory_0.15,1049,500,,NaN,7,8,14,0,2,486,10,,,7,7,0.9962669155389641,65,47257
trajectory_0.15,1050,500,,NaN,5,6,,0,2,0,10,,,5,5,0.9943899018232819,65,47408
trajectory_0.2,1001,500,,NaN,5,6,,0,1,0,10,,,5,5,0.9957527135441245,65,44339
trajectory_0.2,1002,500,,NaN,6,6,,0,1,0,11,,,6,6,0.9952015355086372,65,44384
trajectory_0.2,1003,500,,NaN,5,5,,0,2,0,10,,,5,5,0.9933649289099526,65,44473
trajectory_0.2,1004,500,,NaN,4,6,25,0,1,475,10,,,4,4,0.9962299717247879,65,44572
trajectory_0.2,1005,500,,NaN,5,6,,0,3,0,11,,,5,5,0.9966587112171837,65,44436
trajectory_0.2,1006,500,,NaN,5,6,,0,1,0,10,,,5,5,0.9967963386727688,65,44251
trajectory_0.2,1007,500,,NaN,5,5,,0,2,0,11,,,5,5,0.9957983193277311,65,44616
trajectory_0.2,1008,500,,NaN,4,5,,0,2,0,10,,,4,4,0.9985294117647059,65,44499
trajectory_0.2,1009,500,,NaN,5,6,,0,6,0,10,,,5,5,0.9961259079903148,65,44291
trajectory_0.2,1010,500,,NaN,6,6,28,0,1,472,10,,,6,6,0.9966232513265798,65,44306
trajectory_0.2,1011,500,,NaN,5,5,,0,1,0,11,,,5,5,0.9957244655581948,65,44387
trajectory_0.2,1012,500,,NaN,4,5,,0,1,0,10,,,4,4,0.9943100995732574,65,44483
trajectory_0.2,1013,500,,NaN,5,5,,0,1,0,10,,,5,5,0.9961777353081701,65,44463
trajectory_0.2,1014,500,,NaN,6,6,,0,1,0,10,,,6,6,0.9971658006613132,65,44491
trajectory_0.2,1015,500,,NaN,5,6,52,0,2,448,10,,,5,5,0.9961704164672092,65,44500
trajectory_0.2,1016,500,,NaN,4,5,37,0,1,463,10,,,4,4,0.9962616822429906,65,44487
trajectory_0.2,1017,500,,NaN,5,5,22,0,2,476,11,,,5,5,0.9923408329344183,65,44507
trajectory_0.2,1018,500,,NaN,5,6,,0,1,0,10,,,5,5,0.9962928637627433,65,44602
trajectory_0.2,1019,500,,NaN,5,6,,0,1,0,10,,,5,5,0.997131931166348,65,44330
trajectory_0.2,1020,500,,NaN,5,6,,0,1,0,10,,,5,5,0.9970660146699266,65,44424
trajectory_0.2,1021,500,,NaN,5,5,,0,2,0,10,,,5,5,0.9972887483054677,65,44481
trajectory_0.2,1022,500,,NaN,4,5,,0,1,0,10,,,4,4,0.9935543278084714,65,44603
trajectory_0.2,1023,500,,NaN,5,6,,0,1,0,10,,,5,5,0.99667616334283,65,44387
trajectory_0.2,1024,500,,NaN,5,5,,0,2,0,10,,,5,5,0.9934117647058823,65,44299
trajectory_0.2,1025,500,,NaN,5,7,56,0,2,444,10,,,5,5,0.995706106870229,65,44730
trajectory_0.2,1026,500,,NaN,4,5,33,0,2,467,10,,,4,4,0.9956999522216914,65,44535
trajectory_0.2,1027,500,,NaN,6,7,,0,2,0,10,,,6,6,0.9953139643861293,65,44465
trajectory_0.2,1028,500,,NaN,6,6,22,0,2,476,10,,,6,6,0.9970443349753695,65,44301
trajectory_0.2,1029,500,,NaN,6,7,,0,1,0,11,,,6,6,0.9953574744661096,65,44439
trajectory_0.2,1030,500,,NaN,4,5,,0,1,0,10,,,4,4,0.9956855225311602,65,44354
trajectory_0.2,1031,500,,NaN,6,7,,0,3,0,10,,,6,6,0.9971523493118177,65,44363
trajectory_0.2,1032,500,,NaN,4,5,,0,1,0,10,,,4,4,0.9933649289099526,65,44376
trajectory_0.2,1033,500,,NaN,5,6,,0,1,0,10,,,5,5,0.9961612284069098,65,44626
trajectory_0.2,1034,500,,NaN,5,6,,0,3,0,10,,,5,5,0.9933806146572104,65,44621
trajectory_0.2,1035,500,,NaN,5,6,34,0,1,466,10,,,5,5,0.9948429442100328,65,44244
trajectory_0.2,1036,500,,NaN,5,5,138,0,1,362,10,,,5,5,0.9981220657276996,65,44445
trajectory_0.2,1037,500,,NaN,6,6,,0,2,0,11,,,6,6,0.9957386363636364,65,44350
trajectory_0.2,1038,500,,NaN,5,6,,0,1,0,11,,,5,5,0.9967058823529412,65,44558
trajectory_0.2,1039,500,,NaN,5,5,10,0,1,490,10,,,5,5,0.996224634261444,65,44345
trajectory_0.2,1040,500,,NaN,4,5,,0,2,0,10,,,4,4,0.9923518164435946,65,44592
trajectory_0.2,1041,500,,NaN,5,6,,0,1,0,10,,,5,5,0.9940229885057471,65,44428
trajectory_0.2,1042,500,,NaN,5,5,,0,1,0,10,,,5,5,0.9962049335863378,65,44483
trajectory_0.2,1043,500,,NaN,4,4,,0,2,0,11,,,4,4,0.9966698382492863,65,44565
trajectory_0.2,1044,500,,NaN,5,5,28,0,1,472,10,,,5,5,0.9962494139709329,65,44527
trajectory_0.2,1045,500,,NaN,6,7,,0,1,0,11,,,6,6,0.9943661971830986,65,44417
trajectory_0.2,1046,500,,NaN,5,5,,0,1,0,11,,,5,5,0.9940174873446848,65,44187
trajectory_0.2,1047,500,,NaN,5,5,,0,1,0,10,,,5,5,0.993899577663069,65,44537
trajectory_0.2,1048,500,,NaN,5,5,,0,1,0,10,,,5,5,0.996715157203191,65,44616
trajectory_0.2,1049,500,,NaN,5,5,,0,2,0,10,,,5,5,0.9942528735632183,65,44330
trajectory_0.2,1050,500,,NaN,4,6,,0,1,0,10,,,4,4,0.9961777353081701,65,44459
trajectory_0.05,1001,500,,NaN,68,68,,0,3,0,11,,,68,68,0.9935095039406583,65,48778
trajectory_0.05,1002,500,,NaN,58,58,,0,1,0,11,,,58,58,0.9901719901719902,65,49910
trajectory_0.05,1003,500,,NaN,64,64,,0,1,0,10,,,64,64,0.996309963099631,65,49435
trajectory_0.05,1004,500,,NaN,64,64,,0,1,0,10,,,64,64,0.9951219512195122,65,49936
trajectory_0.05,1005,500,,NaN,67,68,,0,4,0,11,,,67,67,0.9929078014184397,65,49090
trajectory_0.05,1006,500,,NaN,63,63,,0,3,0,10,,,63,63,0.995722433460076,65,49425
trajectory_0.05,1007,500,,NaN,50,50,,0,2,0,11,,,50,50,0.9971305595408895,65,51183
trajectory_0.05,1008,500,,NaN,61,61,,0,4,0,10,,,61,61,0.995995995995996,65,50122
trajectory_0.05,1009,500,,NaN,62,62,,0,3,0,12,,,62,62,0.99529854254819,65,49708
trajectory_0.05,1010,500,,NaN,58,58,,0,2,0,12,,,58,58,0.9970760233918129,65,50082
trajectory_0.05,1011,500,,NaN,58,58,,0,3,0,11,,,58,58,0.9961759082217974,65,50765
trajectory_0.05,1012,500,,NaN,67,68,,0,1,0,11,,,67,67,0.9935064935064936,65,49569
trajectory_0.05,1013,500,,NaN,57,57,,0,1,0,12,,,57,57,0.99428843407901,65,50319
trajectory_0.05,1014,500,,NaN,64,64,,0,1,0,11,,,64,64,0.9956310679611651,65,49616
trajectory_0.05,1015,500,,NaN,60,60,,0,2,0,11,,,60,60,0.9956793086893903,65,50414
trajectory_0.05,1016,500,,NaN,64,64,120,0,3,380,11,,,64,64,0.99488609948861,65,50232
trajectory_0.05,1017,500,,NaN,68,68,,0,2,0,11,,,68,68,0.9952629085741355,65,49122
trajectory_0.05,1018,500,,NaN,67,67,,0,2,0,11,,,67,67,0.9962157048249763,65,49048
trajectory_0.05,1019,500,,NaN,59,59,,0,1,0,11,,,59,59,0.9956875898418783,65,50030
trajectory_0.05,1020,500,,NaN,61,62,,0,0,0,11,,,61,61,0.993485342019544,65,49882
trajectory_0.05,1021,500,,NaN,62,62,,0,5,0,10,,,62,62,0.9944649446494465,65,49971
trajectory_0.05,1022,500,,NaN,67,67,,0,0,0,12,,,67,67,0.9917431192660551,65,49530
trajectory_0.05,1023,500,,NaN,64,64,,0,1,0,11,,,64,64,0.9967875172097292,65,49416
trajectory_0.05,1024,500,,NaN,59,60,,0,1,0,12,,,59,59,0.9981325863678805,65,50550
trajectory_0.05,1025,500,,NaN,65,65,,0,1,0,11,,,65,65,0.9980870396939263,65,49467
trajectory_0.05,1026,500,,NaN,63,63,,0,4,0,11,,,63,63,0.987099856665074,65,49828
trajectory_0.05,1027,500,,NaN,63,63,,0,4,0,11,,,63,63,0.9981378026070763,65,49379
trajectory_0.05,1028,500,,NaN,63,63,,0,3,0,11,,,63,63,0.9938592347661785,65,49810
trajectory_0.05,1029,500,,NaN,59,59,,0,7,0,12,,,59,59,0.9985808893093662,65,50022
trajectory_0.05,1030,500,,NaN,60,60,,0,1,0,12,,,60,60,0.9949003245248029,65,50132
trajectory_0.05,1031,500,,NaN,66,66,,0,0,0,11,,,66,66,0.9953531598513011,65,49135
trajectory_0.05,1032,500,,NaN,60,61,,0,3,0,11,,,60,60,0.9917113603120429,65,50331
trajectory_0.05,1033,500,,NaN,64,65,,0,13,0,11,,,64,64,0.9952312827849309,65,49260
trajectory_0.05,1034,500,,NaN,65,66,,0,0,0,11,,,65,65,0.9939223936418887,65,49003
trajectory_0.05,1035,500,,NaN,54,54,,0,1,0,11,,,54,54,0.9967786470317533,65,50876
trajectory_0.05,1036,500,,NaN,59,60,,0,1,0,11,,,59,59,0.9949121184088807,65,50176
trajectory_0.05,1037,500,,NaN,59,59,,0,0,0,11,,,59,59,0.992074592074592,65,49950
trajectory_0.05,1038,500,,NaN,60,60,,0,1,0,11,,,60,60,0.9942583732057416,65,50444
trajectory_0.05,1039,500,,NaN,62,62,,0,7,0,11,,,62,62,0.9947718631178707,65,49636
trajectory_0.05,1040,500,,NaN,59,59,,0,4,0,10,,,59,59,0.9952561669829222,65,49952
trajectory_0.05,1041,500,,NaN,61,61,,0,4,0,11,,,61,61,0.9950738916256158,65,50113
trajectory_0.05,1042,500,,NaN,58,58,74,0,2,426,11,,,58,58,0.9946911196911197,65,50413
trajectory_0.05,1043,500,,NaN,63,63,,0,2,0,11,,,63,63,0.9937167713871435,65,49430
trajectory_0.05,1044,500,,NaN,54,54,,0,1,0,11,,,54,54,0.9948186528497409,65,50855
trajectory_0.05,1045,500,,NaN,56,57,,0,1,0,12,,,56,56,0.9925962487660415,65,49895
trajectory_0.05,1046,500,,NaN,67,67,,0,3,0,11,,,67,67,0.9928092042186002,65,49343
trajectory_0.05,1047,500,,NaN,58,58,,0,0,0,10,,,58,58,0.994721689059501,65,50148
trajectory_0.05,1048,500,,NaN,59,59,,0,3,0,11,,,59,59,0.996245893946504,65,50305
trajectory_0.05,1049,500,,NaN,63,63,,0,1,0,11,,,63,63,0.9948979591836735,65,49588
trajectory_0.05,1050,500,,NaN,65,66,,0,3,0,10,,,65,65,0.9946679592825982,65,49471
policy_ae_0.01_auto,1001,103,3,70,5,6,,0,1,0,,12,2,3,3,0.9938342967244701,62,13539
policy_ae_0.01_auto,1002,104,4,70,6,6,,0,1,0,,12,2,4,4,0.9961119751166407,62,13631
policy_ae_0.01_auto,1003,103,3,70,5,6,,0,1,0,,13,2,3,3,0.9949534161490683,62,13500
policy_ae_0.01_auto,1004,103,3,70,5,5,,0,1,0,,12,2,3,3,0.9942263279445728,62,13498
policy_ae_0.01_auto,1005,103,3,70,5,6,,0,1,0,,12,2,3,3,0.9984939759036144,62,13611
policy_ae_0.01_auto,1006,103,3,70,5,5,,0,1,0,,12,2,3,3,0.9967624443545123,62,13521
policy_ae_0.01_auto,1007,103,3,70,5,5,,0,1,0,,12,2,3,3,0.9946112394149346,62,13557
policy_ae_0.01_auto,1008,103,3,70,5,5,,0,2,0,,12,2,3,3,0.9961104628549202,62,13490
policy_ae_0.01_auto,1009,103,3,70,5,6,,0,1,0,,12,2,3,3,0.9962135554714123,62,13567
policy_ae_0.01_auto,1010,104,4,70,6,6,24,0,1,80,,13,2,4,4,0.9977477477477478,62,13767
policy_ae_0.01_auto,1011,103,3,70,5,6,,0,1,0,,13,2,3,3,0.9934057408844065,62,13524
policy_ae_0.01_auto,1012,103,3,70,5,6,,0,1,0,,12,2,3,3,0.9949631925610228,62,13439
policy_ae_0.01_auto,1013,104,4,70,6,6,,0,1,0,,13,2,4,4,0.9981174698795181,62,13808
policy_ae_0.01_auto,1014,103,3,70,5,6,,0,1,0,,12,2,3,3,0.9957676029242016,62,13566
policy_ae_0.01_auto,1015,103,3,70,5,6,,0,2,0,,13,2,3,3,0.9964994165694282,62,13509
policy_ae_0.01_auto,1016,103,3,70,5,5,,0,1,0,,12,2,3,3,0.9950057625816365,62,13522
policy_ae_0.01_auto,1017,103,3,70,5,6,,0,1,0,,12,2,3,3,0.9968944099378882,62,13575
policy_ae_0.01_auto,1018,103,3,70,5,6,,0,1,0,,13,2,3,3,0.9992233009708738,62,13552
policy_ae_0.01_auto,1019,103,3,70,5,6,,0,1,0,,13,2,3,3,0.9961210240496509,62,13553
policy_ae_0.01_auto,1020,104,4,70,6,7,,0,1,0,,13,2,4,4,0.995357833655706,62,13595
policy_ae_0.01_auto,1021,103,3,70,5,6,,0,1,0,,13,2,3,3,0.9965224111282844,62,13596
policy_ae_0.01_auto,1022,103,3,70,5,6,,0,1,0,,12,2,3,3,0.9956794972505891,62,13456
policy_ae_0.01_auto,1023,103,3,70,5,5,,0,1,0,,12,2,3,3,0.9973025048169557,62,13549
policy_ae_0.01_auto,1024,103,3,70,5,6,,0,1,0,,13,2,3,3,0.9964566929133858,62,13449
policy_ae_0.01_auto,1025,103,3,70,5,5,,0,1,0,,12,2,3,3,0.9988439306358381,62,13586
policy_ae_0.01_auto,1026,103,3,70,5,6,,0,1,0,,13,2,3,3,0.9976479811838495,62,13598
policy_ae_0.01_auto,1027,104,4,70,6,6,,0,2,0,,13,2,4,4,0.9962164207340144,62,13652
policy_ae_0.01_auto,1028,103,3,70,5,6,16,0,1,87,,12,2,3,3,0.9960676366496264,62,13549
policy_ae_0.01_auto,1029,103,3,70,5,6,11,0,1,92,,13,2,3,3,0.9953088350273651,62,13516
policy_ae_0.01_auto,1030,103,3,70,5,5,,0,1,0,,12,2,3,3,0.9941451990632318,62,13508
policy_ae_0.01_auto,1031,103,3,70,5,5,,0,1,0,,12,2,3,3,0.993531202435312,62,13510
policy_ae_0.01_auto,1032,103,3,70,5,5,,0,2,0,,12,2,3,3,0.995323460639127,62,13552
policy_ae_0.01_auto,1033,103,3,70,5,6,,0,1,0,,12,2,3,3,0.9948879276445144,62,13540
policy_ae_0.01_auto,1034,103,3,70,5,6,68,0,1,35,,12,2,3,3,0.9957708573625529,62,13581
policy_ae_0.01_auto,1035,103,3,70,5,5,,0,1,0,,12,2,3,3,0.9976905311778291,62,13573
policy_ae_0.01_auto,1036,103,3,70,5,6,38,0,1,65,,13,2,3,3,0.9961846623426173,62,13586
policy_ae_0.01_auto,1037,103,3,70,5,6,,0,1,0,,12,2,3,3,0.9980237154150198,62,13427
policy_ae_0.01_auto,1038,104,4,70,6,7,,0,1,0,,13,2,4,4,0.9950095969289827,62,13651
policy_ae_0.01_auto,1039,103,3,70,5,5,,0,1,0,,12,2,3,3,0.9945715393563397,62,13603
policy_ae_0.01_auto,1040,103,3,70,5,5,,0,1,0,,12,2,3,3,0.9980252764612955,62,13491
policy_ae_0.01_auto,1041,103,3,70,5,6,80,0,1,23,,12,2,3,3,0.9951329090228379,62,13593
policy_ae_0.01_auto,1042,103,3,70,5,6,,0,1,0,,13,2,3,3,0.9965224111282844,62,13490
policy_ae_0.01_auto,1043,103,3,70,5,5,,0,1,0,,13,2,3,3,0.9968664316490403,62,13527
policy_ae_0.01_auto,1044,103,3,70,5,6,,0,1,0,,12,2,3,3,0.997716894977169,62,13568
policy_ae_0.01_auto,1045,103,3,70,5,6,,0,1,0,,12,2,3,3,0.9965635738831615,62,13513
policy_ae_0.01_auto,1046,103,3,70,5,6,,0,1,0,,12,2,3,3,0.9965357967667436,62,13500
policy_ae_0.01_auto,1047,104,4,70,6,7,,0,2,0,,13,2,4,4,0.996926623127161,62,13649
policy_ae_0.01_auto,1048,104,4,70,6,7,36,0,1,68,,13,2,4,4,0.9976842917792358,62,13691
policy_ae_0.01_auto,1049,103,3,70,6,6,,0,1,0,,13,3,3,3,0.9961685823754789,62,13586
policy_ae_0.01_auto,1050,103,3,70,5,5,,0,1,0,,12,2,3,3,0.9970003749531309,62,13604
policy_ae_0.01_fixed,1001,201,101,65,3,4,,1,4,0,13,15,1,3,3,0.9971228935470613,62,24464
policy_ae_0.01_fixed,1002,201,101,65,4,4,,1,3,0,14,15,1,4,4,0.9937578027465668,62,24434
policy_ae_0.01_fixed,1003,201,101,65,3,4,,1,4,0,13,15,1,3,3,0.9966555183946488,62,24307
policy_ae_0.01_fixed,1004,201,101,65,3,4,,1,3,0,13,15,1,3,3,0.9947261663286004,62,24381
policy_ae_0.01_fixed,1005,201,101,65,3,4,34,1,3,167,13,15,1,3,3,0.9970625262274444,62,24218
policy_ae_0.01_fixed,1006,201,101,65,3,4,,1,3,0,13,15,1,3,3,0.9975379565038982,62,24310
policy_ae_0.01_fixed,1007,201,101,65,3,4,,1,3,0,13,15,1,3,3,0.9979304635761589,62,24262
policy_ae_0.01_fixed,1008,201,101,65,3,3,,1,4,0,12,15,1,3,3,0.9995850622406639,62,24408
policy_ae_0.01_fixed,1009,201,101,65,3,3,,1,4,0,13,15,1,3,3,0.9963665724666936,62,24364
policy_ae_0.01_fixed,1010,201,101,65,4,4,,1,3,0,14,15,1,4,4,0.9974789915966387,62,24436
policy_ae_0.01_fixed,1011,201,101,65,3,3,,1,4,0,12,15,1,3,3,0.9942575881870386,62,24418
policy_ae_0.01_fixed,1012,201,101,65,3,4,,1,3,0,13,15,1,3,3,0.9983851433185305,62,24325
policy_ae_0.01_fixed,1013,201,101,65,4,4,,1,3,0,13,15,1,4,4,0.9963160049119935,62,24397
policy_ae_0.01_fixed,1014,201,101,65,3,4,,1,3,0,13,15,1,3,3,0.9941715237302248,62,24391
policy_ae_0.01_fixed,1015,201,101,65,3,4,,1,3,0,13,15,1,3,3,0.9979919678714859,62,24322
policy_ae_0.01_fixed,1016,201,101,65,3,3,,1,3,0,13,15,1,3,3,0.9953859060402684,62,24296
policy_ae_0.01_fixed,1017,201,101,65,3,4,88,1,3,113,13,15,1,3,3,0.9982751185855973,62,24314
policy_ae_0.01_fixed,1018,201,101,65,3,3,,1,3,0,13,15,1,3,3,0.9946280991735538,62,24430
policy_ae_0.01_fixed,1019,201,101,65,3,3,,1,4,0,12,15,1,3,3,0.9978973927670312,62,24331
policy_ae_0.01_fixed,1020,201,101,65,4,4,,1,4,0,14,15,1,4,4,0.9971122112211221,62,24299
policy_ae_0.01_fixed,1021,201,101,65,3,3,4,1,3,197,13,15,1,3,3,0.9963023829087921,62,24378
policy_ae_0.01_fixed,1022,201,101,65,3,3,37,1,3,163,12,15,1,3,3,0.9975124378109452,62,24375
policy_ae_0.01_fixed,1023,201,101,65,3,3,,1,3,0,12,15,1,3,3,0.9975298476739399,62,24341
policy_ae_0.01_fixed,1024,201,101,65,3,3,,1,3,0,12,15,1,3,3,0.9970111016225448,62,24235
policy_ae_0.01_fixed,1025,201,101,65,3,3,,1,3,0,13,15,1,3,3,0.9970821175489787,62,24468
policy_ae_0.01_fixed,1026,201,101,65,3,3,,1,3,0,12,15,1,3,3,0.9976181024215959,62,24475
policy_ae_0.01_fixed,1027,201,101,65,4,4,,1,3,0,13,15,1,4,4,0.9971381847914963,62,24362
policy_ae_0.01_fixed,1028,201,101,65,3,4,,1,4,0,13,15,1,3,3,0.9958368026644463,62,24411
policy_ae_0.01_fixed,1029,201,101,65,3,3,,1,4,0,12,15,1,3,3,0.993607670795046,62,24479
policy_ae_0.01_fixed,1030,201,101,65,3,3,,1,4,0,12,15,1,3,3,0.9970954356846473,62,24371
policy_ae_0.01_fixed,1031,201,101,65,3,3,,1,3,0,12,15,1,3,3,0.9947089947089947,62,24439
policy_ae_0.01_fixed,1032,201,101,65,3,4,,1,4,0,13,15,1,3,3,0.9958830794565665,62,24361
policy_ae_0.01_fixed,1033,201,101,65,3,4,12,1,3,189,13,15,1,3,3,0.9970625262274444,62,24427
policy_ae_0.01_fixed,1034,201,101,65,3,3,,1,4,0,13,15,1,3,3,0.9966901117087298,62,24448
policy_ae_0.01_fixed,1035,201,101,65,3,3,,1,3,0,12,15,1,3,3,0.9975227085053675,62,24374
policy_ae_0.01_fixed,1036,201,101,65,3,3,,1,4,0,12,15,1,3,3,0.9966638865721434,62,24446
policy_ae_0.01_fixed,1037,201,101,65,3,4,45,1,3,156,13,15,1,3,3,0.9971311475409836,62,24333
policy_ae_0.01_fixed,1038,201,101,65,4,4,,1,3,0,14,15,1,4,4,0.9966358284272497,62,24345
policy_ae_0.01_fixed,1039,201,101,65,3,4,,1,4,0,13,15,1,3,3,0.9944938585345193,62,24406
policy_ae_0.01_fixed,1040,201,101,65,3,3,,1,3,0,12,15,1,3,3,0.9970772442588727,62,24423
policy_ae_0.01_fixed,1041,201,101,65,3,4,,1,3,0,13,15,1,3,3,0.9970760233918129,62,24394
policy_ae_0.01_fixed,1042,201,101,65,3,4,,1,3,0,13,15,1,3,3,0.9978668941979523,62,24325
policy_ae_0.01_fixed,1043,201,101,65,3,3,,1,4,0,12,15,1,3,3,0.9970526315789474,62,24381
policy_ae_0.01_fixed,1044,201,101,65,3,4,,1,4,0,13,15,1,3,3,0.9919389053882054,62,24311
policy_ae_0.01_fixed,1045,201,101,65,3,4,,1,3,0,13,15,1,3,3,0.9950779327317474,62,24382
policy_ae_0.01_fixed,1046,201,101,65,3,3,54,1,3,147,13,15,1,3,3,0.998326359832636,62,24342
policy_ae_0.01_fixed,1047,201,101,65,4,4,,1,3,0,13,15,1,4,4,0.997457627118644,62,24308
policy_ae_0.01_fixed,1048,201,101,65,4,4,79,1,3,122,14,15,1,4,4,0.9962624584717608,62,24448
policy_ae_0.01_fixed,1049,201,101,65,3,3,,1,3,0,13,15,1,3,3,0.9959935897435898,62,24402
policy_ae_0.01_fixed,1050,201,101,65,3,3,,1,4,0,12,15,1,3,3,0.9983157894736842,62,24308
policy_ae_0.01_sustained,1001,114,14,65,3,4,,2,4,0,13,15,2,3,3,0.9941133186166299,62,14970
policy_ae_0.01_sustained,1002,115,15,65,4,4,,2,4,0,14,15,2,4,4,0.9942999643747773,62,15102
policy_ae_0.01_sustained,1003,114,14,65,3,4,,2,4,0,13,15,2,3,3,0.9970877320713506,62,14953
policy_ae_0.01_sustained,1004,114,14,65,3,4,,2,4,0,13,15,2,3,3,0.995373665480427,62,14938
policy_ae_0.01_sustained,1005,114,14,65,3,4,,2,3,0,13,15,2,3,3,0.9941327466079941,62,14925
policy_ae_0.01_sustained,1006,114,14,65,3,4,,2,4,0,13,15,2,3,3,0.9962976675305443,62,14863
policy_ae_0.01_sustained,1007,114,14,65,3,4,,2,4,0,13,15,2,3,3,0.9959751189169411,62,14887
policy_ae_0.01_sustained,1008,113,13,65,3,3,,2,4,0,12,15,2,3,3,0.9960488505747126,62,14868
policy_ae_0.01_sustained,1009,114,14,65,3,3,21,2,4,93,13,15,2,3,3,0.9944933920704846,62,14839
policy_ae_0.01_sustained,1010,115,15,65,4,4,,2,3,0,14,15,2,4,4,0.9947877885331348,62,15109
policy_ae_0.01_sustained,1011,113,13,65,3,3,,2,3,0,12,15,2,3,3,0.9955686853766618,62,14751
policy_ae_0.01_sustained,1012,114,14,65,3,4,,2,3,0,13,15,2,3,3,0.9956803455723542,62,14864
policy_ae_0.01_sustained,1013,114,14,65,4,4,,2,3,0,13,15,2,4,4,0.9960644007155635,62,14994
policy_ae_0.01_sustained,1014,114,14,65,3,4,,2,4,0,13,15,2,3,3,0.9946371111905613,62,14970
policy_ae_0.01_sustained,1015,114,14,65,3,4,,2,5,0,13,15,2,3,3,0.9948472580051527,62,14880
policy_ae_0.01_sustained,1016,114,14,65,3,3,,2,4,0,13,15,2,3,3,0.9985657941914665,62,14893
policy_ae_0.01_sustained,1017,114,14,65,3,4,,2,3,0,13,15,2,3,3,0.9946485907955762,62,14952
policy_ae_0.01_sustained,1018,114,14,65,3,3,,2,4,0,13,15,2,3,3,0.9974847287100251,62,15004
policy_ae_0.01_sustained,1019,113,13,65,3,3,,2,3,0,12,15,2,3,3,0.9947229551451188,62,14771
policy_ae_0.01_sustained,1020,115,15,65,4,4,,2,4,0,14,15,2,4,4,0.9978471474703983,62,15036
policy_ae_0.01_sustained,1021,114,14,65,3,3,4,2,4,110,13,15,2,3,3,0.9970813571689164,62,14908
policy_ae_0.01_sustained,1022,113,13,65,3,3,,2,4,0,12,15,2,3,3,0.9956379498364231,62,14738
policy_ae_0.01_sustained,1023,113,13,65,3,3,,2,4,0,12,15,2,3,3,0.9945434703528556,62,14808
policy_ae_0.01_sustained,1024,113,13,65,3,3,,2,4,0,12,15,2,3,3,0.9964002879769619,62,14740
policy_ae_0.01_sustained,1025,114,14,65,3,3,,2,3,0,13,15,2,3,3,0.9963450292397661,62,15008
policy_ae_0.01_sustained,1026,113,13,65,3,3,,2,3,0,12,15,2,3,3,0.9967868618350589,62,14866
policy_ae_0.01_sustained,1027,114,14,65,4,4,,2,4,0,13,15,2,4,4,0.996716526815031,62,14912
policy_ae_0.01_sustained,1028,114,14,65,3,4,,2,3,0,13,15,2,3,3,0.996065808297568,62,14985
policy_ae_0.01_sustained,1029,113,13,65,3,3,,2,4,0,12,15,2,3,3,0.9960672148730783,62,14860
policy_ae_0.01_sustained,1030,113,13,65,3,3,,2,4,0,12,15,2,3,3,0.99635435654393,62,14757
policy_ae_0.01_sustained,1031,113,13,65,3,3,,2,4,0,12,15,2,3,3,0.9967765042979942,62,14826
policy_ae_0.01_sustained,1032,114,14,65,3,4,,2,4,0,13,15,2,3,3,0.9974563953488372,62,14952
policy_ae_0.01_sustained,1033,114,14,65,3,4,12,2,4,102,13,15,2,3,3,0.9957142857142857,62,14969
policy_ae_0.01_sustained,1034,114,14,65,3,3,,2,3,0,13,15,2,3,3,0.997558423439135,62,14990
policy_ae_0.01_sustained,1035,113,13,65,3,3,,2,4,0,12,15,2,3,3,0.9942175641488977,62,14862
policy_ae_0.01_sustained,1036,113,13,65,3,3,,2,4,0,12,15,2,3,3,0.9971098265895953,62,14881
policy_ae_0.01_sustained,1037,114,14,65,3,4,,2,4,0,13,15,2,3,3,0.9964387464387464,62,14908
policy_ae_0.01_sustained,1038,115,15,65,4,4,,2,4,0,14,15,2,4,4,0.9974293059125964,62,14971
policy_ae_0.01_sustained,1039,114,14,65,3,4,,2,3,0,13,15,2,3,3,0.9964054636951833,62,14980
policy_ae_0.01_sustained,1040,113,13,65,3,3,,2,4,0,12,15,2,3,3,0.9955719557195571,62,14848
policy_ae_0.01_sustained,1041,114,14,65,3,4,,2,4,0,13,15,2,3,3,0.9967891544773457,62,14982
policy_ae_0.01_sustained,1042,114,14,65,3,4,,2,4,0,13,15,2,3,3,0.998900293255132,62,14837
policy_ae_0.01_sustained,1043,113,13,65,3,3,,2,4,0,12,15,2,3,3,0.9956442831215971,62,14805
policy_ae_0.01_sustained,1044,114,14,65,3,4,,2,4,0,13,15,2,3,3,0.9966789667896679,62,14880
policy_ae_0.01_sustained,1045,114,14,65,3,4,,2,3,0,13,15,2,3,3,0.995985401459854,62,14936
policy_ae_0.01_sustained,1046,114,14,65,3,3,,2,3,0,13,15,2,3,3,0.9967914438502674,62,14884
policy_ae_0.01_sustained,1047,114,14,65,4,4,20,2,3,94,13,15,2,4,4,0.9964526427811281,62,14976
policy_ae_0.01_sustained,1048,115,15,65,4,4,,2,4,0,14,15,2,4,4,0.994230075730256,62,15101
policy_ae_0.01_sustained,1049,114,14,65,3,3,33,2,4,81,13,15,2,3,3,0.9960159362549801,62,14943
policy_ae_0.01_sustained,1050,113,13,65,3,3,,2,4,0,12,15,2,3,3,0.9937037037037038,62,14779
policy_ae_0.02_auto,1001,103,3,70,5,5,16,0,1,87,,12,2,3,3,0.9972549019607844,62,13433
policy_ae_0.02_auto,1002,103,3,70,5,6,,0,2,0,,12,2,3,3,0.9969088098918083,62,13374
policy_ae_0.02_auto,1003,103,3,70,5,6,,0,1,0,,13,2,3,3,0.9976842917792358,62,13395
policy_ae_0.02_auto,1004,103,3,70,5,5,,0,3,0,,12,2,3,3,0.9956930305403289,62,13380
policy_ae_0.02_auto,1005,103,3,70,5,6,,0,1,0,,12,2,3,3,0.9962135554714123,62,13393
policy_ae_0.02_auto,1006,103,3,70,5,5,,0,1,0,,12,2,3,3,0.9976571651698555,62,13344
policy_ae_0.02_auto,1007,103,3,70,5,5,,0,1,0,,12,2,3,3,0.9958317544524441,62,13435
policy_ae_0.02_auto,1008,103,3,70,5,5,,0,3,0,,12,2,3,3,0.9946666666666667,62,13352
policy_ae_0.02_auto,1009,103,3,70,5,6,,0,1,0,,12,2,3,3,0.9973118279569892,62,13446
policy_ae_0.02_auto,1010,103,3,70,5,6,,0,1,0,,12,2,3,3,0.9964622641509434,62,13504
policy_ae_0.02_auto,1011,103,3,70,5,5,,0,1,0,,13,2,3,3,0.9954389965792474,62,13385
policy_ae_0.02_auto,1012,104,4,70,6,6,,0,1,0,,13,2,4,4,0.9953757225433526,62,13446
policy_ae_0.02_auto,1013,103,3,70,5,5,,0,1,0,,12,2,3,3,0.9953488372093023,62,13453
policy_ae_0.02_auto,1014,103,3,70,5,5,,0,1,0,,12,2,3,3,0.9980791394544756,62,13459
policy_ae_0.02_auto,1015,103,3,70,5,6,,0,1,0,,12,2,3,3,0.9972878729174739,62,13391
policy_ae_0.02_auto,1016,103,3,70,5,5,,0,1,0,,12,2,3,3,0.9969016266460109,62,13375
policy_ae_0.02_auto,1017,103,3,70,5,6,34,0,1,69,,13,2,3,3,0.9953739398612182,62,13420
policy_ae_0.02_auto,1018,103,3,70,5,5,,0,1,0,,12,2,3,3,0.993428681870893,62,13426
policy_ae_0.02_auto,1019,103,3,70,5,5,,0,2,0,,12,2,3,3,0.9969407265774378,62,13410
policy_ae_0.02_auto,1020,103,3,70,5,6,,0,2,0,,12,2,3,3,0.9961119751166407,62,13297
policy_ae_0.02_auto,1021,103,3,70,5,6,,0,1,0,,13,2,3,3,0.9961656441717791,62,13429
policy_ae_0.02_auto,1022,103,3,70,5,5,,0,1,0,,12,2,3,3,0.9976617303195635,62,13324
policy_ae_0.02_auto,1023,103,3,70,5,5,,0,2,0,,12,2,3,3,0.994990366088632,62,13389
policy_ae_0.02_auto,1024,103,3,70,5,6,,0,1,0,,13,2,3,3,0.9984214680347278,62,13310
policy_ae_0.02_auto,1025,103,3,70,5,5,,0,1,0,,12,2,3,3,0.9960906958561376,62,13357
policy_ae_0.02_auto,1026,103,3,70,5,5,,0,1,0,,13,2,3,3,0.9968639749117993,62,13513
policy_ae_0.02_auto,1027,103,3,70,5,6,31,0,1,71,,12,2,3,3,0.9980747015787447,62,13391
policy_ae_0.02_auto,1028,103,3,70,5,6,,0,1,0,,13,2,3,3,0.9949139280125195,62,13418
policy_ae_0.02_auto,1029,103,3,70,5,6,,0,2,0,,13,2,3,3,0.9945461628359953,62,13361
policy_ae_0.02_auto,1030,103,3,70,5,5,,0,1,0,,12,2,3,3,0.9984478075281334,62,13427
policy_ae_0.02_auto,1031,103,3,70,5,5,,0,1,0,,12,2,3,3,0.9969183359013868,62,13320
policy_ae_0.02_auto,1032,103,3,70,5,5,,0,1,0,,12,2,3,3,0.9928172386272945,62,13429
policy_ae_0.02_auto,1033,103,3,70,5,6,,0,1,0,,12,2,3,3,0.9942396313364056,62,13365
policy_ae_0.02_auto,1034,103,3,70,5,5,,0,1,0,,12,2,3,3,0.9965224111282844,62,13415
policy_ae_0.02_auto,1035,103,3,70,5,6,16,0,1,87,,12,2,3,3,0.9965556831228473,62,13466
policy_ae_0.02_auto,1036,103,3,70,5,6,,0,2,0,,13,2,3,3,0.9957854406130269,62,13418
policy_ae_0.02_auto,1037,103,3,70,5,6,27,0,1,76,,12,2,3,3,0.9952811639795517,62,13291
policy_ae_0.02_auto,1038,103,3,70,5,6,,0,1,0,,12,2,3,3,0.9980959634424981,62,13364
policy_ae_0.02_auto,1039,103,3,70,5,5,,0,1,0,,12,2,3,3,0.9980399843198745,62,13436
policy_ae_0.02_auto,1040,103,3,70,5,5,,0,1,0,,13,2,3,3,0.9945141065830722,62,13375
policy_ae_0.02_auto,1041,103,3,70,5,5,,0,1,0,,12,2,3,3,0.995539033457249,62,13463
policy_ae_0.02_auto,1042,103,3,70,5,5,,0,1,0,,12,2,3,3,0.9954145968666412,62,13411
policy_ae_0.02_auto,1043,103,3,70,5,5,,0,1,0,,13,2,3,3,0.996607614021862,62,13453
policy_ae_0.02_auto,1044,103,3,70,5,5,,0,1,0,,12,2,3,3,0.9953757225433526,62,13411
policy_ae_0.02_auto,1045,103,3,70,5,6,,0,1,0,,12,2,3,3,0.9973097617217525,62,13361
policy_ae_0.02_auto,1046,103,3,70,5,6,22,0,1,81,,13,2,3,3,0.9972783825816485,62,13341
policy_ae_0.02_auto,1047,103,3,70,5,5,,0,1,0,,12,2,3,3,0.9941130298273155,62,13340
policy_ae_0.02_auto,1048,104,4,70,6,7,,0,1,0,,13,2,4,4,0.9942835365853658,62,13496
policy_ae_0.02_auto,1049,103,3,70,6,6,,0,1,0,,13,3,3,3,0.9968737788198515,62,13427
policy_ae_0.02_auto,1050,103,3,70,5,5,,0,1,0,,12,2,3,3,0.9969289827255279,62,13433
policy_ae_0.02_fixed,1001,201,101,65,3,4,86,1,5,115,13,15,1,3,3,0.9965782720273738,62,24059
policy_ae_0.02_fixed,1002,201,101,65,3,4,27,1,3,173,13,15,1,3,3,0.9966499162479062,62,24145
policy_ae_0.02_fixed,1003,201,101,65,3,3,18,1,3,183,12,15,1,3,3,0.9966873706004141,62,24118
policy_ae_0.02_fixed,1004,201,101,65,3,4,28,1,3,173,12,15,1,3,3,0.996196111580727,62,24036
policy_ae_0.02_fixed,1005,201,101,65,3,4,,1,4,0,12,15,1,3,3,0.9958071278825996,62,24079
policy_ae_0.02_fixed,1006,201,101,65,3,4,,1,3,0,13,15,1,3,3,0.9932318104906938,62,24050
policy_ae_0.02_fixed,1007,201,101,65,3,3,,1,4,0,13,15,1,3,3,0.9967333605553287,62,24112
policy_ae_0.02_fixed,1008,201,101,65,3,3,15,1,4,185,12,15,1,3,3,0.9974082073434125,62,24024
policy_ae_0.02_fixed,1009,201,101,65,3,3,,1,3,0,12,15,1,3,3,0.9966859983429992,62,24105
policy_ae_0.02_fixed,1010,201,101,65,3,4,,1,3,0,13,15,1,3,3,0.9950166112956811,62,24172
policy_ae_0.02_fixed,1011,201,101,65,3,3,,1,3,0,12,15,1,3,3,0.9950372208436724,62,24042
policy_ae_0.02_fixed,1012,201,101,65,4,4,23,1,3,178,13,15,1,4,4,0.9971751412429378,62,24078
policy_ae_0.02_fixed,1013,201,101,65,3,4,,1,3,0,13,15,1,3,3,0.9962484368486869,62,24063
policy_ae_0.02_fixed,1014,201,101,65,3,4,,1,3,0,13,15,1,3,3,0.9966583124477861,62,24170
policy_ae_0.02_fixed,1015,201,101,65,3,4,,1,3,0,13,15,1,3,3,0.9958437240232751,62,24107
policy_ae_0.02_fixed,1016,201,101,65,3,4,,1,3,0,13,15,1,3,3,0.9971110193974412,62,24195
policy_ae_0.02_fixed,1017,201,101,65,3,4,,1,4,0,13,15,1,3,3,0.9974736842105263,62,24209
policy_ae_0.02_fixed,1018,201,101,65,3,3,,1,4,0,12,15,1,3,3,0.997919267582189,62,24161
policy_ae_0.02_fixed,1019,201,101,65,3,3,,1,4,0,12,15,1,3,3,0.9947770188830856,62,24159
policy_ae_0.02_fixed,1020,201,101,65,3,4,,1,3,0,14,15,1,3,3,0.9987463435018805,62,24124
policy_ae_0.02_fixed,1021,201,101,65,3,3,,1,3,0,13,15,1,3,3,0.9958796868562011,62,24117
policy_ae_0.02_fixed,1022,201,101,65,3,3,,1,3,0,12,15,1,3,3,0.9970288624787776,62,24056
policy_ae_0.02_fixed,1023,201,101,65,3,3,,1,3,0,12,15,1,3,3,0.9971544715447155,62,24073
policy_ae_0.02_fixed,1024,201,101,65,3,3,28,1,3,173,12,14,1,3,3,0.9966358284272497,62,24085
policy_ae_0.02_fixed,1025,201,101,65,3,3,,1,4,0,12,15,1,3,3,0.9966818747407714,62,24130
policy_ae_0.02_fixed,1026,201,101,65,3,3,,1,3,0,12,15,1,3,3,0.9962840627580511,62,24275
policy_ae_0.02_fixed,1027,201,101,65,3,4,,1,3,0,13,15,1,3,3,0.9970538720538721,62,24044
policy_ae_0.02_fixed,1028,201,101,65,3,4,,1,4,0,13,15,1,3,3,0.9957965531736024,62,24108
policy_ae_0.02_fixed,1029,201,101,65,3,3,15,1,4,186,12,15,1,3,3,0.9962962962962963,62,24118
policy_ae_0.02_fixed,1030,201,101,65,3,4,,1,3,0,13,15,1,3,3,0.9970551114850652,62,24083
policy_ae_0.02_fixed,1031,201,101,65,3,3,,1,3,0,12,15,1,3,3,0.9983347210657785,62,24096
policy_ae_0.02_fixed,1032,201,101,65,3,4,,1,3,0,13,15,1,3,3,0.9956297179181566,62,24247
policy_ae_0.02_fixed,1033,201,101,65,3,4,,1,3,0,13,15,1,3,3,0.9958694754233788,62,24165
policy_ae_0.02_fixed,1034,201,101,65,3,4,,1,3,0,13,15,1,3,3,0.9970649895178197,62,24186
policy_ae_0.02_fixed,1035,201,101,65,3,3,,1,5,0,12,15,1,3,3,0.9963295269168027,62,24259
policy_ae_0.02_fixed,1036,201,101,65,3,3,,1,3,0,12,15,1,3,3,0.9938118811881188,62,24141
policy_ae_0.02_fixed,1037,201,101,65,3,4,,1,3,0,13,15,1,3,3,0.9979666531110207,62,23943
policy_ae_0.02_fixed,1038,201,101,65,3,4,24,1,3,177,13,15,1,3,3,0.9946655724251129,62,24120
policy_ae_0.02_fixed,1039,201,101,65,3,4,,1,3,0,13,15,1,3,3,0.994621431526686,62,24276
policy_ae_0.02_fixed,1040,201,101,65,3,3,,1,4,0,12,15,1,3,3,0.996,62,24091
policy_ae_0.02_fixed,1041,201,101,65,3,3,,1,3,0,12,15,1,3,3,0.9979296066252588,62,24120
policy_ae_0.02_fixed,1042,201,101,65,3,3,,1,3,0,12,15,1,3,3,0.9970833333333333,62,24138
policy_ae_0.02_fixed,1043,201,101,65,3,3,34,1,3,167,12,15,1,3,3,0.9962546816479401,62,24144
policy_ae_0.02_fixed,1044,201,101,65,3,4,,1,3,0,13,15,1,3,3,0.994641384995878,62,24145
policy_ae_0.02_fixed,1045,201,101,65,3,3,,1,3,0,13,15,1,3,3,0.9975237309120925,62,24109
policy_ae_0.02_fixed,1046,201,101,65,3,3,,1,4,0,13,15,1,3,3,0.9967037494849609,62,24164
policy_ae_0.02_fixed,1047,201,101,65,3,4,52,1,3,149,13,15,1,3,3,0.9967145790554415,62,24027
policy_ae_0.02_fixed,1048,201,101,65,4,4,,1,4,0,14,15,1,4,4,0.9975206611570248,62,24080
policy_ae_0.02_fixed,1049,201,101,65,3,3,,1,3,0,13,15,1,3,3,0.9958385351643778,62,24150
policy_ae_0.02_fixed,1050,201,101,65,3,3,26,1,3,175,12,15,1,3,3,0.9930697105584998,62,24074
policy_ae_0.02_sustained,1001,114,14,65,3,4,,2,4,0,13,15,2,3,3,0.9949367088607595,62,14810
policy_ae_0.02_sustained,1002,114,14,65,3,4,17,2,4,97,13,15,2,3,3,0.994198694706309,62,14833
policy_ae_0.02_sustained,1003,113,13,65,3,3,,2,3,0,12,15,2,3,3,0.996741491672701,62,14618
policy_ae_0.02_sustained,1004,113,13,65,3,4,,2,4,0,12,15,2,3,3,0.9956521739130435,62,14624
policy_ae_0.02_sustained,1005,113,13,65,3,4,,2,3,0,12,15,2,3,3,0.9944629014396457,62,14655
policy_ae_0.02_sustained,1006,114,14,65,3,4,22,2,4,91,13,15,2,3,3,0.9959454478437154,62,14739
policy_ae_0.02_sustained,1007,114,14,65,3,3,,2,4,0,13,15,2,3,3,0.996299037749815,62,14734
policy_ae_0.02_sustained,1008,113,13,65,3,3,16,2,4,97,12,15,2,3,3,0.9971066907775769,62,14654
policy_ae_0.02_sustained,1009,113,13,65,3,3,,2,3,0,12,15,2,3,3,0.9969981238273922,62,14625
policy_ae_0.02_sustained,1010,114,14,65,3,4,,2,4,0,13,15,2,3,3,0.9966875230033124,62,14837
policy_ae_0.02_sustained,1011,113,13,65,3,3,,2,3,0,12,15,2,3,3,0.9971830985915493,62,14644
policy_ae_0.02_sustained,1012,114,14,65,4,4,,2,5,0,13,15,2,4,4,0.9953421712647796,62,14701
policy_ae_0.02_sustained,1013,114,14,65,3,4,,2,3,0,13,15,2,3,3,0.9960644007155635,62,14850
policy_ae_0.02_sustained,1014,114,14,65,3,4,,2,4,0,13,15,2,3,3,0.9956896551724138,62,14807
policy_ae_0.02_sustained,1015,114,14,65,3,4,,2,4,0,13,15,2,3,3,0.9971139971139971,62,14792
policy_ae_0.02_sustained,1016,114,14,65,3,4,,2,4,0,13,15,2,3,3,0.9981778425655977,62,14753
policy_ae_0.02_sustained,1017,114,14,65,3,4,,2,3,0,13,15,2,3,3,0.9938114306516199,62,14865
policy_ae_0.02_sustained,1018,113,13,65,3,3,,2,3,0,12,15,2,3,3,0.9968028419182948,62,14712
policy_ae_0.02_sustained,1019,113,13,65,3,3,,2,3,0,12,15,2,3,3,0.9974358974358974,62,14641
policy_ae_0.02_sustained,1020,115,15,65,3,4,,2,5,0,14,15,2,3,3,0.994256999282125,62,14850
policy_ae_0.02_sustained,1021,114,14,65,3,3,,2,4,0,13,15,2,3,3,0.9977827050997783,62,14756
policy_ae_0.02_sustained,1022,113,13,65,3,3,,2,4,0,12,15,2,3,3,0.9978030025631637,62,14548
policy_ae_0.02_sustained,1023,113,13,65,3,3,,2,4,0,12,15,2,3,3,0.9963924963924964,62,14663
policy_ae_0.02_sustained,1024,113,13,65,3,3,,2,4,0,12,15,2,3,3,0.9963369963369964,62,14556
policy_ae_0.02_sustained,1025,113,13,65,3,3,,2,3,0,12,15,2,3,3,0.9955914768552535,62,14581
policy_ae_0.02_sustained,1026,113,13,65,3,3,,2,3,0,12,15,2,3,3,0.9974330766409975,62,14755
policy_ae_0.02_sustained,1027,114,14,65,3,4,31,2,4,83,13,15,2,3,3,0.9949640287769784,62,14776
policy_ae_0.02_sustained,1028,114,14,65,3,4,,2,3,0,13,15,2,3,3,0.9947735191637631,62,14880
policy_ae_0.02_sustained,1029,113,13,65,3,3,,2,5,0,12,15,2,3,3,0.9960144927536232,62,14678
policy_ae_0.02_sustained,1030,114,14,65,3,4,,2,4,0,13,15,2,3,3,0.9970749542961609,62,14749
policy_ae_0.02_sustained,1031,113,13,65,3,3,,2,4,0,12,15,2,3,3,0.9964311206281228,62,14639
policy_ae_0.02_sustained,1032,114,14,65,3,4,,2,4,0,13,15,2,3,3,0.9974424552429667,62,14839
policy_ae_0.02_sustained,1033,114,14,65,3,4,,2,3,0,13,15,2,3,3,0.9971681415929203,62,14789
policy_ae_0.02_sustained,1034,114,14,65,3,4,,2,3,0,13,15,2,3,3,0.9974919383733429,62,14800
policy_ae_0.02_sustained,1035,113,13,65,3,3,,2,4,0,12,15,2,3,3,0.9952433223563849,62,14744
policy_ae_0.02_sustained,1036,113,13,65,3,3,,2,3,0,12,15,2,3,3,0.9939068100358422,62,14693
policy_ae_0.02_sustained,1037,114,14,65,3,4,,2,3,0,13,15,2,3,3,0.9963031423290203,62,14700
policy_ae_0.02_sustained,1038,114,14,65,3,4,,2,3,0,13,15,2,3,3,0.9960202604920405,62,14694
policy_ae_0.02_sustained,1039,114,14,65,3,4,,2,3,0,13,15,2,3,3,0.997165131112686,62,14899
policy_ae_0.02_sustained,1040,113,13,65,3,3,,2,4,0,12,15,2,3,3,0.9960043588812205,62,14617
policy_ae_0.02_sustained,1041,113,13,65,3,3,,2,3,0,12,15,2,3,3,0.9956912028725314,62,14640
policy_ae_0.02_sustained,1042,113,13,65,3,3,,2,3,0,12,15,2,3,3,0.99812734082397,62,14678
policy_ae_0.02_sustained,1043,113,13,65,3,3,,2,4,0,12,15,2,3,3,0.9963754983689742,62,14644
policy_ae_0.02_sustained,1044,114,14,65,3,4,,2,4,0,13,15,2,3,3,0.9970555760029445,62,14775
policy_ae_0.02_sustained,1045,114,14,65,3,3,,2,4,0,13,15,2,3,3,0.9956881063600431,62,14765
policy_ae_0.02_sustained,1046,114,14,65,3,3,,2,3,0,13,15,2,3,3,0.9974901398350663,62,14784
policy_ae_0.02_sustained,1047,114,14,65,3,4,,2,3,0,13,15,2,3,3,0.9959573686144799,62,14807
policy_ae_0.02_sustained,1048,115,15,65,4,4,,2,5,0,14,15,2,4,4,0.9970674486803519,62,14907
policy_ae_0.02_sustained,1049,114,14,65,3,3,,2,3,0,13,15,2,3,3,0.9956411187795132,62,14868
policy_ae_0.02_sustained,1050,113,13,65,3,3,16,2,4,97,12,15,2,3,3,0.9952450621799561,62,14598
policy_ae_0.04_auto,1001,103,3,70,5,5,,0,1,0,,12,2,3,3,0.9961013645224172,62,13080
policy_ae_0.04_auto,1002,103,3,70,5,6,,0,1,0,,13,2,3,3,0.9968503937007874,62,13121
policy_ae_0.04_auto,1003,103,3,70,5,6,,0,1,0,,13,2,3,3,0.9952737298148877,62,13080
policy_ae_0.04_auto,1004,103,3,70,5,5,,0,2,0,,13,2,3,3,0.9958631064309891,62,13112
policy_ae_0.04_auto,1005,103,3,70,5,6,,0,1,0,,12,2,3,3,0.9962811454072146,62,13140
policy_ae_0.04_auto,1006,103,3,70,5,5,,0,1,0,,12,2,3,3,0.9964525029562475,62,13107
policy_ae_0.04_auto,1007,103,3,70,5,5,,0,1,0,,12,2,3,3,0.9937767405678725,62,13038
policy_ae_0.04_auto,1008,103,3,70,5,5,,0,1,0,,12,2,3,3,0.9925954793452845,62,13070
policy_ae_0.04_auto,1009,103,3,70,5,6,,0,1,0,,12,2,3,3,0.9957578094870806,62,13070
policy_ae_0.04_auto,1010,103,3,70,5,5,25,0,1,78,,12,2,3,3,0.995418098510882,62,13194
policy_ae_0.04_auto,1011,103,3,70,5,6,,0,1,0,,13,2,3,3,0.994279176201373,62,13048
policy_ae_0.04_auto,1012,103,3,70,5,6,,0,1,0,,13,2,3,3,0.9958111195734958,62,13022
policy_ae_0.04_auto,1013,103,3,70,5,6,21,0,1,82,,13,2,3,3,0.9942594718714122,62,13148
policy_ae_0.04_auto,1014,103,3,70,5,5,,0,1,0,,13,2,3,3,0.9954093343534812,62,13209
policy_ae_0.04_auto,1015,103,3,70,5,6,,0,1,0,,13,2,3,3,0.994933749025721,62,13096
policy_ae_0.04_auto,1016,103,3,70,5,5,,0,1,0,,13,2,3,3,0.9953596287703016,62,13103
policy_ae_0.04_auto,1017,103,3,70,5,5,,0,1,0,,12,2,3,3,0.9965688143347312,62,13161
policy_ae_0.04_auto,1018,103,3,70,5,5,,0,1,0,,12,2,3,3,0.9964857477547833,62,13158
policy_ae_0.04_auto,1019,103,3,70,5,5,,0,1,0,,12,2,3,3,0.9950038431975403,62,13130
policy_ae_0.04_auto,1020,103,3,70,5,5,,0,2,0,,12,2,3,3,0.9954476479514416,62,13053
policy_ae_0.04_auto,1021,103,3,70,5,5,,0,1,0,,13,2,3,3,0.9954562665656949,62,13180
policy_ae_0.04_auto,1022,103,3,70,5,6,14,0,1,89,,12,2,3,3,0.9950645406226272,62,13114
policy_ae_0.04_auto,1023,103,3,70,5,5,11,0,1,92,,12,2,3,3,0.9980574980574981,62,13136
policy_ae_0.04_auto,1024,102,2,70,4,5,,0,1,0,,12,2,2,2,0.9969052224371373,62,12910
policy_ae_0.04_auto,1025,102,2,70,4,4,,0,1,0,,12,2,2,2,0.9968454258675079,62,12992
policy_ae_0.04_auto,1026,102,2,70,4,4,,0,1,0,,12,2,2,2,0.9975786924939467,62,13023
policy_ae_0.04_auto,1027,103,3,70,5,5,,0,2,0,,12,2,3,3,0.998046875,62,13080
policy_ae_0.04_auto,1028,103,3,70,5,5,,0,1,0,,13,2,3,3,0.994933749025721,62,13157
policy_ae_0.04_auto,1029,102,2,72,4,5,,0,2,0,,12,2,2,2,0.9976842917792358,62,12926
policy_ae_0.04_auto,1030,103,3,70,5,5,,0,1,0,,13,2,3,3,0.9973014649190439,62,13024
policy_ae_0.04_auto,1031,103,3,70,5,5,,0,1,0,,12,2,3,3,0.996113486202876,62,13079
policy_ae_0.04_auto,1032,103,3,70,5,6,,0,1,0,,13,2,3,3,0.9980642663569493,62,13122
policy_ae_0.04_auto,1033,103,3,70,5,6,,0,1,0,,12,2,3,3,0.9968253968253968,62,13054
policy_ae_0.04_auto,1034,103,3,70,5,5,27,0,1,76,,13,2,3,3,0.9954128440366973,62,13127
policy_ae_0.04_auto,1035,103,3,70,5,5,31,0,1,72,,13,2,3,3,0.9941474834178697,62,13164
policy_ae_0.04_auto,1036,103,3,70,5,6,,0,1,0,,13,2,3,3,0.9935483870967742,62,13143
policy_ae_0.04_auto,1037,103,3,70,5,5,,0,1,0,,12,2,3,3,0.9980415197806503,62,13054
policy_ae_0.04_auto,1038,103,3,70,5,6,13,0,1,90,,12,2,3,3,0.9972559780478244,62,13079
policy_ae_0.04_auto,1039,103,3,70,5,6,,0,1,0,,13,2,3,3,0.9957934990439771,62,13170
policy_ae_0.04_auto,1040,102,2,71,4,4,,0,1,0,,12,2,2,2,0.9944022391043582,62,12898
policy_ae_0.04_auto,1041,103,3,70,5,5,,0,1,0,,13,2,3,3,0.9958770614692654,62,13101
policy_ae_0.04_auto,1042,103,3,70,5,6,,0,1,0,,13,2,3,3,0.9969183359013868,62,13109
policy_ae_0.04_auto,1043,103,3,70,5,6,,0,1,0,,13,2,3,3,0.9968932038834951,62,13158
policy_ae_0.04_auto,1044,103,3,70,5,5,,0,1,0,,12,2,3,3,0.9950419527078566,62,13111
policy_ae_0.04_auto,1045,103,3,70,5,6,57,0,1,46,,12,2,3,3,0.9942484662576687,62,13115
policy_ae_0.04_auto,1046,103,3,70,5,6,15,0,1,88,,13,2,3,3,0.9977246871444824,62,13174
policy_ae_0.04_auto,1047,103,3,70,5,5,,0,1,0,,12,2,3,3,0.9953125,62,13071
policy_ae_0.04_auto,1048,104,4,70,6,7,,0,1,0,,13,2,4,4,0.9965411222136817,62,13232
policy_ae_0.04_auto,1049,103,3,70,6,6,,0,1,0,,13,3,3,3,0.9968859478396264,62,13152
policy_ae_0.04_auto,1050,103,3,70,5,5,,0,1,0,,13,2,3,3,0.9962178517397882,62,13127
policy_ae_0.04_fixed,1001,201,101,65,3,3,126,1,4,75,13,15,1,3,3,0.9953742640874684,62,23703
policy_ae_0.04_fixed,1002,201,101,65,3,3,26,1,4,175,13,15,1,3,3,0.9967624443545123,62,23611
policy_ae_0.04_fixed,1003,201,101,65,3,3,33,1,3,167,12,15,1,3,3,0.9955429497568882,62,23605
policy_ae_0.04_fixed,1004,201,101,65,3,3,25,1,4,176,12,15,1,3,3,0.99609375,62,23471
policy_ae_0.04_fixed,1005,201,101,65,3,3,68,1,3,133,12,15,1,3,3,0.9971521562245729,62,23646
policy_ae_0.04_fixed,1006,201,101,65,3,3,,1,3,0,13,15,1,3,3,0.9975175837815474,62,23615
policy_ae_0.04_fixed,1007,201,101,65,3,3,57,1,3,144,12,15,1,3,3,0.9970563498738436,62,23485
policy_ae_0.04_fixed,1008,201,101,65,3,3,,1,3,0,12,15,1,3,3,0.996695580338703,62,23562
policy_ae_0.04_fixed,1009,201,101,65,3,3,,1,3,0,13,15,1,3,3,0.9967439967439967,62,23630
policy_ae_0.04_fixed,1010,201,101,65,3,4,,1,3,0,13,15,1,3,3,0.9925681255161024,62,23671
policy_ae_0.04_fixed,1011,201,101,65,3,3,,1,4,0,12,15,1,3,3,0.9983050847457627,62,23423
policy_ae_0.04_fixed,1012,201,101,65,3,3,,1,3,0,12,15,1,3,3,0.998329853862213,62,23450
policy_ae_0.04_fixed,1013,201,101,65,3,3,,1,4,0,12,15,1,3,3,0.9991701244813278,62,23634
policy_ae_0.04_fixed,1014,201,101,65,3,3,,1,3,0,12,15,1,3,3,0.99625,62,23636
policy_ae_0.04_fixed,1015,201,101,65,3,3,,1,3,0,12,15,1,3,3,0.9966791199667911,62,23636
policy_ae_0.04_fixed,1016,201,101,65,3,3,9,1,4,192,12,15,1,3,3,0.9962406015037594,62,23507
policy_ae_0.04_fixed,1017,201,101,65,3,4,,1,3,0,13,15,1,3,3,0.9987572493786246,62,23544
policy_ae_0.04_fixed,1018,201,101,65,3,3,,1,3,0,12,15,1,3,3,0.9962593516209476,62,23715
policy_ae_0.04_fixed,1019,201,101,65,3,3,,1,3,0,12,15,1,3,3,0.9960715844609341,62,23467
policy_ae_0.04_fixed,1020,201,101,65,3,4,42,1,4,157,13,15,1,3,3,0.9963023829087921,62,23541
policy_ae_0.04_fixed,1021,201,101,65,3,3,,1,3,0,12,15,1,3,3,0.9954489035995036,62,23556
policy_ae_0.04_fixed,1022,201,101,65,3,3,37,1,3,164,12,15,1,3,3,0.9950351675630947,62,23558
policy_ae_0.04_fixed,1023,201,101,65,3,3,41,1,4,159,12,15,1,3,3,0.998780487804878,62,23571
policy_ae_0.04_fixed,1024,201,101,65,2,3,,1,3,0,12,15,1,2,2,0.9987593052109182,62,23529
policy_ae_0.04_fixed,1025,201,101,65,2,3,42,1,3,159,12,15,1,2,2,0.9979415397282833,62,23705
policy_ae_0.04_fixed,1026,201,101,65,2,3,4,1,3,197,12,15,1,2,2,0.9937185929648241,62,23704
policy_ae_0.04_fixed,1027,201,101,65,3,4,21,1,3,180,13,15,1,3,3,0.9966694421315571,62,23569
policy_ae_0.04_fixed,1028,201,101,65,3,3,,1,3,0,12,15,1,3,3,0.9941496030087756,62,23646
policy_ae_0.04_fixed,1029,201,101,65,2,3,,1,4,0,12,15,1,2,2,0.9970735785953178,62,23572
policy_ae_0.04_fixed,1030,201,101,65,3,3,,1,3,0,12,15,1,3,3,0.9945900957136912,62,23569
policy_ae_0.04_fixed,1031,201,101,65,3,3,,1,3,0,12,15,1,3,3,0.9958350687213661,62,23485
policy_ae_0.04_fixed,1032,201,101,65,3,3,8,1,3,193,12,14,1,3,3,0.9963160049119935,62,23573
policy_ae_0.04_fixed,1033,201,101,65,3,4,9,1,3,192,12,15,1,3,3,0.9959049959049959,62,23534
policy_ae_0.04_fixed,1034,201,101,65,3,3,,1,3,0,12,15,1,3,3,0.997119341563786,62,23527
policy_ae_0.04_fixed,1035,201,101,65,3,3,,1,3,0,12,15,1,3,3,0.9974608548455354,62,23687
policy_ae_0.04_fixed,1036,201,101,65,3,3,,1,3,0,12,15,1,3,3,0.9957947855340622,62,23638
policy_ae_0.04_fixed,1037,201,101,65,3,4,,1,4,0,13,15,1,3,3,0.9962390305056414,62,23527
policy_ae_0.04_fixed,1038,201,101,65,3,4,10,1,3,191,13,15,1,3,3,0.9958036088963491,62,23516
policy_ae_0.04_fixed,1039,201,101,65,3,3,21,1,3,179,12,15,1,3,3,0.9966216216216216,62,23622
policy_ae_0.04_fixed,1040,201,101,65,2,3,,1,3,0,12,15,1,2,2,0.9983640081799591,62,23595
policy_ae_0.04_fixed,1041,201,101,65,3,3,,1,3,0,12,15,1,3,3,0.9966527196652719,62,23566
policy_ae_0.04_fixed,1042,201,101,65,3,3,9,1,3,192,12,14,1,3,3,0.9954769736842105,62,23577
policy_ae_0.04_fixed,1043,201,101,65,3,3,196,1,3,5,12,15,1,3,3,0.9978595890410958,62,23544
policy_ae_0.04_fixed,1044,201,101,65,3,3,,1,3,0,12,15,1,3,3,0.9953684210526316,62,23548
policy_ae_0.04_fixed,1045,201,101,65,3,4,,1,3,0,13,15,1,3,3,0.9962453066332916,62,23560
policy_ae_0.04_fixed,1046,201,101,65,3,3,,1,3,0,12,15,1,3,3,0.9970526315789474,62,23623
policy_ae_0.04_fixed,1047,201,101,65,3,4,57,1,3,144,13,15,1,3,3,0.9975835682641966,62,23563
policy_ae_0.04_fixed,1048,201,101,65,4,4,,1,3,0,13,15,1,4,4,0.9967519285424279,62,23602
policy_ae_0.04_fixed,1049,201,101,65,3,3,9,1,3,192,12,15,1,3,3,0.9959464937170652,62,23621
policy_ae_0.04_fixed,1050,201,101,65,3,3,,1,3,0,12,15,1,3,3,0.9970662196144174,62,23601
policy_ae_0.04_sustained,1001,114,14,65,3,3,,2,5,0,13,15,2,3,3,0.9944974321349963,62,14517
policy_ae_0.04_sustained,1002,114,14,65,3,3,70,2,4,44,13,15,2,3,3,0.9978502328914367,62,14505
policy_ae_0.04_sustained,1003,113,13,65,3,3,,2,3,0,12,15,2,3,3,0.995265841223598,62,14248
policy_ae_0.04_sustained,1004,113,13,65,3,3,,2,4,0,12,15,2,3,3,0.9961089494163424,62,14349
policy_ae_0.04_sustained,1005,113,13,65,3,3,,2,3,0,12,15,2,3,3,0.9948642699926632,62,14351
policy_ae_0.04_sustained,1006,114,14,65,3,3,,2,3,0,13,15,2,3,3,0.9949838767466858,62,14457
policy_ae_0.04_sustained,1007,113,13,65,3,3,,2,4,0,12,15,2,3,3,0.9974674384949349,62,14300
policy_ae_0.04_sustained,1008,113,13,65,3,3,,2,4,0,12,15,2,3,3,0.9953785993601137,62,14325
policy_ae_0.04_sustained,1009,114,14,65,3,3,,2,3,0,13,15,2,3,3,0.9978142076502732,62,14430
policy_ae_0.04_sustained,1010,114,14,65,3,4,,2,4,0,13,15,2,3,3,0.9978378378378379,62,14503
policy_ae_0.04_sustained,1011,113,13,65,3,3,,2,4,0,12,15,2,3,3,0.9978354978354979,62,14252
policy_ae_0.04_sustained,1012,113,13,65,3,3,32,2,5,81,12,15,2,3,3,0.9931333574268161,62,14262
policy_ae_0.04_sustained,1013,113,13,65,3,3,,2,3,0,12,15,2,3,3,0.9960303139660772,62,14420
policy_ae_0.04_sustained,1014,113,13,65,3,3,,2,3,0,12,15,2,3,3,0.9959692194943203,62,14355
policy_ae_0.04_sustained,1015,113,13,65,3,3,70,2,3,43,12,15,2,3,3,0.9970642201834863,62,14275
policy_ae_0.04_sustained,1016,113,13,65,3,3,9,2,4,104,12,15,2,3,3,0.9935530085959885,62,14330
policy_ae_0.04_sustained,1017,114,14,65,3,4,,2,4,0,13,15,2,3,3,0.9940893978574067,62,14544
policy_ae_0.04_sustained,1018,113,13,65,3,3,,2,3,0,12,15,2,3,3,0.9974387120380535,62,14389
policy_ae_0.04_sustained,1019,113,13,65,3,3,,2,3,0,12,15,2,3,3,0.9974610083424011,62,14338
policy_ae_0.04_sustained,1020,114,14,65,3,4,,2,4,0,13,15,2,3,3,0.9981082103670071,62,14396
policy_ae_0.04_sustained,1021,113,13,65,3,3,,2,3,0,12,15,2,3,3,0.9931059506531205,62,14318
policy_ae_0.04_sustained,1022,113,13,65,3,3,,2,4,0,12,15,2,3,3,0.9948792977322605,62,14352
policy_ae_0.04_sustained,1023,113,13,65,3,3,,2,3,0,12,15,2,3,3,0.9952502740226525,62,14317
policy_ae_0.04_sustained,1024,113,13,65,2,3,19,2,4,94,12,15,2,2,2,0.9978323699421965,62,14306
policy_ae_0.04_sustained,1025,113,13,65,2,3,,2,3,0,12,15,2,2,2,0.9963570127504554,62,14335
policy_ae_0.04_sustained,1026,113,13,65,2,3,4,2,3,109,12,15,2,2,2,0.9960531036957302,62,14407
policy_ae_0.04_sustained,1027,114,14,65,3,4,,2,4,0,13,15,2,3,3,0.9922651933701657,62,14390
policy_ae_0.04_sustained,1028,113,13,65,3,3,31,2,4,82,12,15,2,3,3,0.9943100995732574,62,14403
policy_ae_0.04_sustained,1029,113,13,65,2,3,,2,3,0,12,15,2,2,2,0.9960188201230546,62,14326
policy_ae_0.04_sustained,1030,113,13,65,3,3,,2,3,0,12,15,2,3,3,0.9948032665181886,62,14291
policy_ae_0.04_sustained,1031,113,13,65,3,3,,2,4,0,12,15,2,3,3,0.9960601719197708,62,14324
policy_ae_0.04_sustained,1032,113,13,65,3,3,8,2,3,105,12,15,2,3,3,0.9967308390846349,62,14348
policy_ae_0.04_sustained,1033,113,13,65,3,4,9,2,4,104,12,15,2,3,3,0.9968062455642299,62,14389
policy_ae_0.04_sustained,1034,113,13,65,3,3,,2,3,0,12,15,2,3,3,0.9964526427811281,62,14416
policy_ae_0.04_sustained,1035,113,13,65,3,3,,2,4,0,12,15,2,3,3,0.997093023255814,62,14383
policy_ae_0.04_sustained,1036,113,13,65,3,3,,2,3,0,12,15,2,3,3,0.9985496736765772,62,14348
policy_ae_0.04_sustained,1037,114,14,65,3,4,,2,4,0,13,15,2,3,3,0.9975369458128078,62,14467
policy_ae_0.04_sustained,1038,114,14,65,3,4,10,2,3,104,13,15,2,3,3,0.9971469329529244,62,14461
policy_ae_0.04_sustained,1039,113,13,65,3,3,,2,4,0,12,15,2,3,3,0.9960202604920405,62,14416
policy_ae_0.04_sustained,1040,113,13,65,2,3,,2,4,0,12,15,2,2,2,0.9957280170879317,62,14366
policy_ae_0.04_sustained,1041,113,13,65,3,3,,2,3,0,12,15,2,3,3,0.9949676491732566,62,14387
policy_ae_0.04_sustained,1042,113,13,65,3,3,9,2,4,104,12,15,2,3,3,0.9960714285714286,62,14346
policy_ae_0.04_sustained,1043,113,13,65,3,3,42,2,3,71,12,15,2,3,3,0.9963316214233309,62,14358
policy_ae_0.04_sustained,1044,113,13,65,3,3,,2,4,0,12,15,2,3,3,0.9960360360360361,62,14295
policy_ae_0.04_sustained,1045,114,14,65,3,4,,2,4,0,13,15,2,3,3,0.9922822491730982,62,14408
policy_ae_0.04_sustained,1046,113,13,65,3,3,,2,4,0,12,15,2,3,3,0.998196898665705,62,14360
policy_ae_0.04_sustained,1047,114,14,65,3,4,,2,4,0,13,15,2,3,3,0.9967332123411978,62,14411
policy_ae_0.04_sustained,1048,114,14,65,4,4,,2,4,0,13,15,2,4,4,0.9974765681326604,62,14486
policy_ae_0.04_sustained,1049,113,13,65,3,3,9,2,4,104,12,15,2,3,3,0.9964450764308568,62,14415
policy_ae_0.04_sustained,1050,113,13,65,3,3,24,2,3,89,12,15,2,3,3,0.9955522609340252,62,14336
policy_ae_0.05_auto,1001,103,3,70,5,5,32,0,1,71,,12,2,3,3,0.9980627663696242,62,12975
policy_ae_0.05_auto,1002,103,3,70,5,6,,0,1,0,,13,2,3,3,0.9972698907956318,62,12960
policy_ae_0.05_auto,1003,103,3,70,5,5,,0,1,0,,13,2,3,3,0.9965896172792724,62,13030
policy_ae_0.05_auto,1004,103,3,70,5,5,21,0,1,82,,13,2,3,3,0.9953970080552359,62,12911
policy_ae_0.05_auto,1005,103,3,70,5,6,,0,1,0,,12,2,3,3,0.9973014649190439,62,12953
policy_ae_0.05_auto,1006,103,3,70,5,5,59,0,1,44,,13,2,3,3,0.9952343129467831,62,12958
policy_ae_0.05_auto,1007,103,3,70,5,5,,0,1,0,,12,2,3,3,0.9953614224971009,62,12972
policy_ae_0.05_auto,1008,102,2,73,4,5,,0,1,0,,12,2,2,2,0.996504854368932,62,12877
policy_ae_0.05_auto,1009,103,3,70,5,6,,0,1,0,,12,2,3,3,0.9961671138367191,62,12951
policy_ae_0.05_auto,1010,103,3,70,5,5,32,0,2,71,,12,2,3,3,0.996178830722201,62,13025
policy_ae_0.05_auto,1011,103,3,70,5,5,,0,1,0,,13,2,3,3,0.9972920696324952,62,12887
policy_ae_0.05_auto,1012,103,3,70,5,5,15,0,1,87,,13,2,3,3,0.9969430645777608,62,12948
policy_ae_0.05_auto,1013,103,3,70,5,5,19,0,1,84,,13,2,3,3,0.9961210240496509,62,12962
policy_ae_0.05_auto,1014,103,3,70,5,5,,0,1,0,,13,2,3,3,0.9960707269155207,62,13016
policy_ae_0.05_auto,1015,103,3,70,5,6,,0,1,0,,13,2,3,3,0.9945461628359953,62,12971
policy_ae_0.05_auto,1016,103,3,70,5,5,,0,2,0,,12,2,3,3,0.9969719909159728,62,12977
policy_ae_0.05_auto,1017,103,3,70,5,6,,0,1,0,,12,2,3,3,0.9957610789980732,62,13099
policy_ae_0.05_auto,1018,103,3,70,5,5,,0,1,0,,12,2,3,3,0.9976293954958514,62,13049
policy_ae_0.05_auto,1019,102,2,71,4,4,,0,1,0,,12,2,2,2,0.9960722702278083,62,12806
policy_ae_0.05_auto,1020,103,3,70,5,5,,0,1,0,,12,2,3,3,0.997270955165692,62,12879
policy_ae_0.05_auto,1021,103,3,70,5,5,,0,1,0,,12,2,3,3,0.9931740614334471,62,12988
policy_ae_0.05_auto,1022,103,3,70,5,5,35,0,1,68,,12,2,3,3,0.9965583173996176,62,12976
policy_ae_0.05_auto,1023,103,3,70,5,5,,0,1,0,,13,2,3,3,0.996921893035783,62,12984
policy_ae_0.05_auto,1024,102,2,70,4,5,19,0,1,83,,12,2,2,2,0.9964342313787639,62,12711
policy_ae_0.05_auto,1025,103,3,70,5,5,,0,1,0,,12,2,3,3,0.9952718676122931,62,13008
policy_ae_0.05_auto,1026,102,2,70,4,4,41,0,1,61,,12,2,2,2,0.9964830011723329,62,12904
policy_ae_0.05_auto,1027,103,3,70,5,5,19,0,1,83,,12,2,3,3,0.9957951070336392,62,12955
policy_ae_0.05_auto,1028,103,3,70,5,5,,0,1,0,,13,2,3,3,0.9956487341772152,62,12972
policy_ae_0.05_auto,1029,102,2,72,4,4,,0,2,0,,12,2,2,2,0.9972266244057052,62,12808
policy_ae_0.05_auto,1030,103,3,70,5,5,,0,1,0,,12,2,3,3,0.9952959623676989,62,12873
policy_ae_0.05_auto,1031,103,3,70,5,5,,0,1,0,,12,2,3,3,0.9940805051302289,62,12952
policy_ae_0.05_auto,1032,103,3,70,5,5,,0,1,0,,12,2,3,3,0.996921893035783,62,13015
policy_ae_0.05_auto,1033,103,3,70,5,6,,0,1,0,,12,2,3,3,0.9950134253931723,62,13022
policy_ae_0.05_auto,1034,103,3,70,5,5,,0,1,0,,13,2,3,3,0.9973292636398321,62,13010
policy_ae_0.05_auto,1035,102,2,70,4,4,,0,2,0,,12,2,2,2,0.9938200077249904,62,12939
policy_ae_0.05_auto,1036,102,2,72,4,5,,0,1,0,,12,2,2,2,0.9965909090909091,62,12870
policy_ae_0.05_auto,1037,103,3,70,5,5,,0,1,0,,12,2,3,3,0.9959726137736609,62,12851
policy_ae_0.05_auto,1038,103,3,70,5,6,,0,1,0,,12,2,3,3,0.9976626412154266,62,12941
policy_ae_0.05_auto,1039,103,3,70,5,5,,0,1,0,,13,2,3,3,0.9948717948717949,62,12975
policy_ae_0.05_auto,1040,102,2,71,4,4,37,0,1,65,,12,2,2,2,0.9936051159072742,62,12748
policy_ae_0.05_auto,1041,103,3,70,5,5,,0,1,0,,13,2,3,3,0.9962560838637214,62,13002
policy_ae_0.05_auto,1042,103,3,70,5,5,,0,1,0,,13,2,3,3,0.9965250965250966,62,13000
policy_ae_0.05_auto,1043,103,3,70,5,5,,0,1,0,,13,2,3,3,0.994303076338777,62,13005
policy_ae_0.05_auto,1044,103,3,70,5,6,,0,1,0,,12,2,3,3,0.995772482705611,62,12966
policy_ae_0.05_auto,1045,103,3,70,5,6,,0,1,0,,12,2,3,3,0.9973076923076923,62,12989
policy_ae_0.05_auto,1046,103,3,70,5,5,,0,1,0,,13,2,3,3,0.9976762199845082,62,12966
policy_ae_0.05_auto,1047,103,3,70,5,5,,0,2,0,,13,2,3,3,0.99765625,62,12959
policy_ae_0.05_auto,1048,103,3,70,5,5,39,0,1,64,,12,2,3,3,0.995026778882938,62,13011
policy_ae_0.05_auto,1049,103,3,70,6,6,,0,1,0,,13,3,3,3,0.9969430645777608,62,13002
policy_ae_0.05_auto,1050,102,2,71,4,5,,0,1,0,,12,2,2,2,0.9961641733793632,62,12848
policy_ae_0.05_fixed,1001,201,101,65,3,4,,1,3,0,12,15,1,3,3,0.9967413441955193,62,23409
policy_ae_0.05_fixed,1002,201,101,65,3,3,,1,4,0,13,15,1,3,3,0.995793016407236,62,23274
policy_ae_0.05_fixed,1003,201,101,65,3,3,,1,3,0,12,15,1,3,3,0.9939369442198869,62,23337
policy_ae_0.05_fixed,1004,201,101,65,3,3,,1,4,0,12,15,1,3,3,0.9971145919208574,62,23323
policy_ae_0.05_fixed,1005,201,101,65,3,3,,1,3,0,12,15,1,3,3,0.9962917181705809,62,23281
policy_ae_0.05_fixed,1006,201,101,65,3,3,23,1,4,178,12,15,1,3,3,0.9963129864809505,62,23271
policy_ae_0.05_fixed,1007,201,101,65,3,3,,1,3,0,12,15,1,3,3,0.9950535861500412,62,23417
policy_ae_0.05_fixed,1008,201,101,65,2,3,,1,3,0,11,15,1,2,2,0.997132322818517,62,23308
policy_ae_0.05_fixed,1009,201,101,65,3,3,,1,3,0,12,15,1,3,3,0.9970748015043878,62,23250
policy_ae_0.05_fixed,1010,201,101,65,3,3,,1,3,0,13,15,1,3,3,0.9979508196721312,62,23374
policy_ae_0.05_fixed,1011,201,101,65,3,3,,1,3,0,12,15,1,3,3,0.9936413734633319,62,23306
policy_ae_0.05_fixed,1012,201,101,65,3,3,26,1,3,175,12,15,1,3,3,0.9962577962577963,62,23191
policy_ae_0.05_fixed,1013,201,101,65,3,3,,1,3,0,12,15,1,3,3,0.9953762084909626,62,23308
policy_ae_0.05_fixed,1014,201,101,65,3,3,57,1,4,144,12,15,1,3,3,0.9967558799675588,62,23432
policy_ae_0.05_fixed,1015,201,101,65,3,3,,1,3,0,12,15,1,3,3,0.9928451178451179,62,23385
policy_ae_0.05_fixed,1016,201,101,65,3,3,,1,3,0,12,15,1,3,3,0.9950839819746006,62,23267
policy_ae_0.05_fixed,1017,201,101,65,3,4,,1,3,0,12,15,1,3,3,0.9962779156327544,62,23398
policy_ae_0.05_fixed,1018,201,101,65,3,3,,1,3,0,12,15,1,3,3,0.9963414634146341,62,23475
policy_ae_0.05_fixed,1019,201,101,65,2,3,,1,4,0,12,15,1,2,2,0.9957680914092255,62,23284
policy_ae_0.05_fixed,1020,201,101,65,3,4,42,1,4,159,13,15,1,3,3,0.9962531223980017,62,23308
policy_ae_0.05_fixed,1021,201,101,65,3,3,32,1,3,169,12,15,1,3,3,0.9941002949852508,62,23293
policy_ae_0.05_fixed,1022,201,101,65,3,3,,1,3,0,12,15,1,3,3,0.9974895397489539,62,23299
policy_ae_0.05_fixed,1023,201,101,65,3,3,,1,3,0,12,15,1,3,3,0.9954394693200663,62,23393
policy_ae_0.05_fixed,1024,201,101,65,2,3,36,1,4,165,12,15,1,2,2,0.996271748135874,62,23301
policy_ae_0.05_fixed,1025,201,101,65,3,3,,1,3,0,12,15,1,3,3,0.9954013377926422,62,23460
policy_ae_0.05_fixed,1026,201,101,65,2,3,,1,3,0,12,15,1,2,2,0.9942763695829926,62,23391
policy_ae_0.05_fixed,1027,201,101,65,3,3,,1,3,0,12,15,1,3,3,0.996268656716418,62,23402
policy_ae_0.05_fixed,1028,201,101,65,3,3,10,1,4,191,12,15,1,3,3,0.9951671365283931,62,23313
policy_ae_0.05_fixed,1029,201,101,65,2,3,29,1,3,171,12,15,1,2,2,0.9974358974358974,62,23258
policy_ae_0.05_fixed,1030,201,101,65,3,3,,1,3,0,12,15,1,3,3,0.9951179820992677,62,23219
policy_ae_0.05_fixed,1031,201,101,65,3,3,,1,3,0,12,15,1,3,3,0.993801652892562,62,23298
policy_ae_0.05_fixed,1032,201,101,65,3,4,,1,3,0,13,15,1,3,3,0.9932001699957501,62,23351
policy_ae_0.05_fixed,1033,201,101,65,3,4,,1,3,0,13,15,1,3,3,0.9937913907284768,62,23438
policy_ae_0.05_fixed,1034,201,101,65,3,3,68,1,4,133,12,15,1,3,3,0.9950535861500412,62,23441
policy_ae_0.05_fixed,1035,201,101,65,2,3,,1,3,0,12,15,1,2,2,0.9959200326397388,62,23334
policy_ae_0.05_fixed,1036,201,101,65,2,3,53,1,3,148,12,15,1,2,2,0.9954639175257732,62,23317
policy_ae_0.05_fixed,1037,201,101,65,3,4,,1,3,0,13,15,1,3,3,0.9961864406779661,62,23237
policy_ae_0.05_fixed,1038,201,101,65,3,4,63,1,4,138,13,15,1,3,3,0.994979079497908,62,23283
policy_ae_0.05_fixed,1039,201,101,65,3,3,,1,3,0,12,15,1,3,3,0.9975379565038982,62,23493
policy_ae_0.05_fixed,1040,201,101,65,2,3,,1,3,0,12,15,1,2,2,0.9987709954936501,62,23334
policy_ae_0.05_fixed,1041,201,101,65,3,3,,1,4,0,12,15,1,3,3,0.9939707149009475,62,23237
policy_ae_0.05_fixed,1042,201,101,65,3,3,,1,4,0,12,15,1,3,3,0.996268656716418,62,23296
policy_ae_0.05_fixed,1043,201,101,65,3,3,,1,3,0,12,15,1,3,3,0.9982942430703625,62,23350
policy_ae_0.05_fixed,1044,201,101,65,3,3,144,1,3,57,12,15,1,3,3,0.9949516196886832,62,23433
policy_ae_0.05_fixed,1045,201,101,65,3,4,,1,3,0,13,15,1,3,3,0.9949579831932773,62,23329
policy_ae_0.05_fixed,1046,201,101,65,3,3,40,1,3,161,12,15,1,3,3,0.9946035699460357,62,23323
policy_ae_0.05_fixed,1047,201,101,65,3,3,,1,4,0,12,15,1,3,3,0.9971943887775551,62,23298
policy_ae_0.05_fixed,1048,201,101,65,3,4,,1,3,0,13,15,1,3,3,0.9962640099626401,62,23416
policy_ae_0.05_fixed,1049,201,101,65,3,3,,1,3,0,12,15,1,3,3,0.9971038477451386,62,23427
policy_ae_0.05_fixed,1050,201,101,65,2,3,,1,3,0,12,15,1,2,2,0.9967884383781613,62,23319
policy_ae_0.05_sustained,1001,113,13,65,3,4,,2,4,0,12,15,2,3,3,0.9978594363182305,62,14195
policy_ae_0.05_sustained,1002,114,14,65,3,3,,2,3,0,13,15,2,3,3,0.9952328566189952,62,14353
policy_ae_0.05_sustained,1003,113,13,65,3,3,,2,3,0,12,15,2,3,3,0.9963490324936108,62,14161
policy_ae_0.05_sustained,1004,113,13,65,3,3,,2,3,0,12,15,2,3,3,0.9975473020322354,62,14170
policy_ae_0.05_sustained,1005,113,13,65,3,3,,2,3,0,12,15,2,3,3,0.9935018050541516,62,14207
policy_ae_0.05_sustained,1006,113,13,65,3,3,,2,3,0,12,15,2,3,3,0.9956818999640158,62,14177
policy_ae_0.05_sustained,1007,113,13,65,3,3,,2,4,0,12,15,2,3,3,0.996705710102489,62,14170
policy_ae_0.05_sustained,1008,112,12,65,2,3,,2,3,0,11,15,2,2,2,0.9963583394027676,62,14137
policy_ae_0.05_sustained,1009,113,13,65,3,3,,2,3,0,12,15,2,3,3,0.9970599044468945,62,14181
policy_ae_0.05_sustained,1010,114,14,65,3,3,,2,3,0,13,15,2,3,3,0.9967020886771711,62,14367
policy_ae_0.05_sustained,1011,113,13,65,3,3,,2,3,0,12,15,2,3,3,0.9946732954545454,62,14179
policy_ae_0.05_sustained,1012,113,13,65,3,3,,2,3,0,12,15,2,3,3,0.9963754983689742,62,14067
policy_ae_0.05_sustained,1013,113,13,65,3,3,,2,3,0,12,15,2,3,3,0.9971066907775769,62,14225
policy_ae_0.05_sustained,1014,113,13,65,3,3,,2,3,0,12,15,2,3,3,0.9967308390846349,62,14270
policy_ae_0.05_sustained,1015,113,13,65,3,3,,2,4,0,12,15,2,3,3,0.9959469417833456,62,14188
policy_ae_0.05_sustained,1016,113,13,65,3,3,,2,4,0,12,15,2,3,3,0.9967284623773174,62,14195
policy_ae_0.05_sustained,1017,113,13,65,3,4,,2,3,0,12,15,2,3,3,0.9952468007312614,62,14224
policy_ae_0.05_sustained,1018,113,13,65,3,3,,2,4,0,12,15,2,3,3,0.9970760233918129,62,14248
policy_ae_0.05_sustained,1019,113,13,65,2,3,,2,3,0,12,15,2,2,2,0.9971087820744489,62,14133
policy_ae_0.05_sustained,1020,114,14,65,3,4,,2,4,0,13,15,2,3,3,0.9971284996410624,62,14288
policy_ae_0.05_sustained,1021,113,13,65,3,3,,2,4,0,12,15,2,3,3,0.9942238267148015,62,14155
policy_ae_0.05_sustained,1022,113,13,65,3,3,,2,4,0,12,15,2,3,3,0.9974517655624318,62,14180
policy_ae_0.05_sustained,1023,113,13,65,3,3,,2,4,0,12,15,2,3,3,0.9978315865558366,62,14173
policy_ae_0.05_sustained,1024,113,13,65,2,3,77,2,4,36,12,15,2,2,2,0.9967811158798283,62,14103
policy_ae_0.05_sustained,1025,113,13,65,3,3,36,2,4,77,12,15,2,3,3,0.9978030025631637,62,14182
policy_ae_0.05_sustained,1026,113,13,65,2,3,,1,3,0,12,15,1,2,2,0.995277878677806,62,14308
policy_ae_0.05_sustained,1027,113,13,65,3,3,,2,4,0,12,15,2,3,3,0.9978354978354979,62,14199
policy_ae_0.05_sustained,1028,113,13,65,3,3,10,2,5,102,12,15,2,3,3,0.9981890619340819,62,14226
policy_ae_0.05_sustained,1029,113,13,65,2,3,,2,4,0,12,15,2,2,2,0.9975395430579965,62,14189
policy_ae_0.05_sustained,1030,113,13,65,3,3,,2,3,0,12,15,2,3,3,0.9959721713658001,62,14104
policy_ae_0.05_sustained,1031,113,13,65,3,3,34,2,3,79,12,15,2,3,3,0.9930249632892805,62,14149
policy_ae_0.05_sustained,1032,114,14,65,3,4,,2,5,0,13,15,2,3,3,0.9964374777342359,62,14368
policy_ae_0.05_sustained,1033,114,14,65,3,4,,2,3,0,13,15,2,3,3,0.9961417046650298,62,14391
policy_ae_0.05_sustained,1034,113,13,65,3,3,,2,4,0,12,15,2,3,3,0.9953785993601137,62,14247
policy_ae_0.05_sustained,1035,113,13,65,2,3,,2,4,0,12,15,2,2,2,0.9959985449254274,62,14257
policy_ae_0.05_sustained,1036,113,13,65,2,3,31,2,3,82,12,15,2,2,2,0.9978134110787172,62,14179
policy_ae_0.05_sustained,1037,114,14,65,3,4,,2,3,0,13,15,2,3,3,0.9967765042979942,62,14273
policy_ae_0.05_sustained,1038,114,14,65,3,4,,2,3,0,13,15,2,3,3,0.997471098265896,62,14269
policy_ae_0.05_sustained,1039,113,13,65,3,3,,2,3,0,12,15,2,3,3,0.9964093357271095,62,14293
policy_ae_0.05_sustained,1040,113,13,65,2,3,,2,5,0,12,15,2,2,2,0.9977653631284916,62,14124
policy_ae_0.05_sustained,1041,113,13,65,3,3,,2,3,0,12,15,2,3,3,0.997134670487106,62,14161
policy_ae_0.05_sustained,1042,113,13,65,3,3,,2,3,0,12,15,2,3,3,0.9978030025631637,62,14190
policy_ae_0.05_sustained,1043,113,13,65,3,3,31,2,3,82,12,15,2,3,3,0.9971202303815695,62,14182
policy_ae_0.05_sustained,1044,113,13,65,3,3,,2,3,0,12,15,2,3,3,0.9963702359346642,62,14196
policy_ae_0.05_sustained,1045,114,14,65,3,4,,2,4,0,13,15,2,3,3,0.9974811083123426,62,14343
policy_ae_0.05_sustained,1046,113,13,65,3,3,,2,3,0,12,15,2,3,3,0.9958027282266527,62,14272
policy_ae_0.05_sustained,1047,113,13,65,3,3,,1,4,0,12,15,1,3,3,0.9960101559666305,62,14149
policy_ae_0.05_sustained,1048,114,14,65,3,4,,2,4,0,13,15,2,3,3,0.997462848858282,62,14348
policy_ae_0.05_sustained,1049,113,13,65,3,3,,2,3,0,12,15,2,3,3,0.9985401459854014,62,14260
policy_ae_0.05_sustained,1050,113,13,65,2,3,,2,3,0,12,15,2,2,2,0.9961212976022567,62,14257
policy_gss_0.01_auto,1001,152,52,70,,,,0,0,0,143,,,52,52,0.788962472406181,67,16285
policy_gss_0.01_auto,1002,153,53,70,,,,0,0,0,74,,,53,53,0.7082791504117902,67,16246
policy_gss_0.01_auto,1003,152,52,70,,,,0,0,0,,,,52,52,0.7796095444685467,67,16054
policy_gss_0.01_auto,1004,156,56,70,83,,,73,0,0,104,37,27,56,56,0.9018834866403854,64,17071
policy_gss_0.01_auto,1005,152,52,70,,,,0,0,0,149,,,52,52,0.8760259179265659,64,16445
policy_gss_0.01_auto,1006,153,53,70,,,,0,0,0,83,,,53,53,0.8154580981328702,66,16413
policy_gss_0.01_auto,1007,163,63,68,,,,0,0,0,,,,63,63,0.7925294356475843,67,17246
policy_gss_0.01_auto,1008,152,52,70,,,,0,0,0,,,,52,52,0.8060156931124673,65,16155
policy_gss_0.01_auto,1009,151,51,70,,,,0,0,0,91,,,51,51,0.7477477477477478,67,15900
policy_gss_0.01_auto,1010,152,52,70,,,,0,0,0,84,43,,52,52,0.8624567474048442,65,16597
policy_gss_0.01_auto,1011,151,51,70,,,,0,0,0,,,,51,51,0.7590685176892074,67,16017
policy_gss_0.01_auto,1012,152,52,70,,,,0,0,0,76,,,52,52,0.783180026281209,66,16281
policy_gss_0.01_auto,1013,152,52,70,,,,0,0,0,,,,52,52,0.7588776852257781,68,15872
policy_gss_0.01_auto,1014,159,59,70,132,,,15,0,0,130,84,73,59,59,0.7052192066805846,67,17083
policy_gss_0.01_auto,1015,152,52,70,,,,0,0,0,,,,52,52,0.799124726477024,67,16166
policy_gss_0.01_auto,1016,151,51,70,,,,0,0,0,139,,,51,51,0.76650420912716,62,16064
policy_gss_0.01_auto,1017,151,51,70,,,,0,0,0,103,,,51,51,0.7287467134092901,67,15976
policy_gss_0.01_auto,1018,152,52,70,,,,0,0,0,,,,52,52,0.793194874060981,68,16054
policy_gss_0.01_auto,1019,152,52,70,,,,0,0,0,,,,52,52,0.7431597528684908,67,16048
policy_gss_0.01_auto,1020,152,52,70,,,,0,0,0,93,,,52,52,0.7699956766104626,66,16329
policy_gss_0.01_auto,1021,151,51,70,,,,0,0,0,,,,51,51,0.8264462809917356,67,16190
policy_gss_0.01_auto,1022,154,54,70,,,,0,0,0,,,,54,54,0.8092133854845719,64,16474
policy_gss_0.01_auto,1023,158,58,70,,,,0,0,0,,,,58,58,0.7476170741815168,66,16746
policy_gss_0.01_auto,1024,151,51,70,,,,0,0,0,130,,,51,51,0.7766338406445837,67,16026
policy_gss_0.01_auto,1025,151,51,70,,,,0,0,0,74,,,51,51,0.7690582959641256,67,16454
policy_gss_0.01_auto,1026,155,55,70,,,,0,0,0,,,,55,55,0.7725284339457568,66,16451
policy_gss_0.01_auto,1027,152,52,70,,,,0,0,0,144,,,52,52,0.9256521739130434,64,16740
policy_gss_0.01_auto,1028,153,53,70,,,,0,0,0,,,,53,53,0.7813765182186235,67,16414
policy_gss_0.01_auto,1029,165,65,68,,,,0,0,0,,,,65,65,0.7675334909377463,67,17598
policy_gss_0.01_auto,1030,153,53,70,,,,0,0,0,113,,,53,53,0.8862377503195569,64,16740
policy_gss_0.01_auto,1031,151,51,70,,,,0,0,0,,,,51,51,0.7545333923042902,64,16165
policy_gss_0.01_auto,1032,157,57,70,,,,0,0,0,70,,,57,57,0.8069958847736626,65,16859
policy_gss_0.01_auto,1033,151,51,70,,,,0,0,0,,,,51,51,0.7688927943760984,67,16156
policy_gss_0.01_auto,1034,152,52,70,,,,0,0,0,,,,52,52,0.8163357400722022,65,16275
policy_gss_0.01_auto,1035,157,57,70,81,,,74,0,0,,33,24,57,57,0.7433516251582947,64,16801
policy_gss_0.01_auto,1036,152,52,70,,,,0,0,0,,,,52,52,0.7338886453309952,67,16171
policy_gss_0.01_auto,1037,152,52,70,,,,0,0,0,,,,52,52,0.8347750865051903,66,16332
policy_gss_0.01_auto,1038,151,51,70,,,,0,0,0,133,,,51,51,0.7308385933273219,67,16071
policy_gss_0.01_auto,1039,163,63,67,,,,0,0,0,88,,,63,63,0.7241653418124007,67,17343
policy_gss_0.01_auto,1040,154,54,70,,,,0,0,0,140,,,54,54,0.8106093818500658,66,16419
policy_gss_0.01_auto,1041,151,51,70,,,,0,0,0,124,,,51,51,0.746614242027086,66,16061
policy_gss_0.01_auto,1042,168,68,68,,,,0,0,0,82,,,68,68,0.7438330170777988,67,17958
policy_gss_0.01_auto,1043,162,62,67,,,,0,0,0,100,,,62,62,0.8231046931407943,66,17424
policy_gss_0.01_auto,1044,152,52,70,,,,0,0,0,,,,52,52,0.7252843394575678,68,16121
policy_gss_0.01_auto,1045,153,53,70,,,,0,0,0,77,76,,53,53,0.769297484822203,67,16326
policy_gss_0.01_auto,1046,152,52,70,,,,0,0,0,,,,52,52,0.6986842105263158,68,15932
policy_gss_0.01_auto,1047,153,53,70,,,,0,0,0,92,,,53,53,0.8044914134742405,66,16474
policy_gss_0.01_auto,1048,152,52,70,,,,0,0,0,,,,52,52,0.7091703056768559,68,16040
policy_gss_0.01_auto,1049,152,52,70,,,,0,0,0,147,,,52,52,0.7667950363714163,66,16279
policy_gss_0.01_auto,1050,152,52,70,,,,0,0,0,144,,,52,52,0.78419452887538,66,16448
policy_gss_0.01_fixed,1001,201,101,65,52,,,126,0,0,89,,,52,52,0.7636662556514591,66,21499
policy_gss_0.01_fixed,1002,201,101,67,53,,,142,0,0,89,,,53,53,0.77819392426134,65,21412
policy_gss_0.01_fixed,1003,201,101,65,52,94,,117,106,0,81,,,52,52,0.8520066889632107,65,21749
policy_gss_0.01_fixed,1004,201,101,65,56,95,,112,102,0,70,,,56,56,0.8665314401622718,65,21913
policy_gss_0.01_fixed,1005,201,101,67,52,,,143,0,0,70,,,52,52,0.8199748216533781,67,21295
policy_gss_0.01_fixed,1006,201,101,65,53,68,,120,128,0,70,,,53,53,0.7673368896183833,67,21423
policy_gss_0.01_fixed,1007,201,101,65,63,,,132,0,0,72,,,63,63,0.8038079470198676,67,21287
policy_gss_0.01_fixed,1008,201,101,67,52,,,145,0,0,,,,52,52,0.8078838174273859,66,21296
policy_gss_0.01_fixed,1009,201,101,67,51,84,,123,116,0,70,,,51,51,0.8243843358901898,65,21494
policy_gss_0.01_fixed,1010,201,101,65,52,70,,126,127,0,77,,,52,52,0.8016806722689076,67,21369
policy_gss_0.01_fixed,1011,201,101,65,51,87,,124,114,0,70,,,51,51,0.8223954060705496,65,21670
policy_gss_0.01_fixed,1012,201,101,65,52,62,,120,136,0,70,,,52,52,0.8239806217198223,66,21548
policy_gss_0.01_fixed,1013,201,101,67,52,,,142,0,0,70,,,52,52,0.8591895210806385,66,21721
policy_gss_0.01_fixed,1014,201,101,65,59,,,139,0,0,70,,,59,59,0.7789342214820982,66,21362
policy_gss_0.01_fixed,1015,201,101,65,52,64,,134,137,0,70,,,52,52,0.785140562248996,67,21329
policy_gss_0.01_fixed,1016,201,101,65,51,59,,136,139,0,70,,,51,51,0.7797818791946308,68,21393
policy_gss_0.01_fixed,1017,201,101,65,51,67,88,104,122,113,70,,,51,51,0.8167313497197067,67,21357
policy_gss_0.01_fixed,1018,201,101,65,52,,,142,0,0,71,,,52,52,0.7578512396694215,67,21282
policy_gss_0.01_fixed,1019,201,101,65,52,,,131,0,0,92,,,52,52,0.7897392767031118,65,21449
policy_gss_0.01_fixed,1020,201,101,65,52,62,,124,138,0,70,23,14,52,52,0.801980198019802,66,21629
policy_gss_0.01_fixed,1021,201,101,65,51,,,135,0,0,70,,,51,51,0.73746918652424,68,21079
policy_gss_0.01_fixed,1022,201,101,67,54,64,,115,134,0,70,,,54,54,0.7686567164179104,68,21439
policy_gss_0.01_fixed,1023,201,101,65,58,,,134,0,0,91,,,58,58,0.8032111980238782,66,21349
policy_gss_0.01_fixed,1024,201,101,67,51,57,,139,143,0,70,,,51,51,0.784799316823228,68,21241
policy_gss_0.01_fixed,1025,201,101,65,51,54,,86,146,0,70,18,7,51,51,0.7632346811171321,67,22019
policy_gss_0.01_fixed,1026,201,101,65,55,,,137,0,0,70,,,55,55,0.7256847955537912,66,21279
policy_gss_0.01_fixed,1027,201,101,65,52,,,125,0,0,75,,,52,52,0.8630417007358954,66,21795
policy_gss_0.01_fixed,1028,201,101,65,53,,,131,0,0,70,,,53,53,0.7743547044129891,66,21466
policy_gss_0.01_fixed,1029,201,101,65,65,,,126,0,0,76,,,65,65,0.776268477826608,67,21457
policy_gss_0.01_fixed,1030,201,101,65,53,,,141,0,0,95,,,53,53,0.7784232365145228,67,21380
policy_gss_0.01_fixed,1031,201,101,68,51,,,139,0,0,70,,,51,51,0.7875457875457875,67,21440
policy_gss_0.01_fixed,1032,201,101,68,57,,,136,0,0,70,,,57,57,0.7258130918073281,67,21132
policy_gss_0.01_fixed,1033,201,101,68,51,,,131,0,0,70,,,51,51,0.7889215274863617,66,21492
policy_gss_0.01_fixed,1034,201,101,67,52,,,141,0,0,70,,,52,52,0.7794786925941249,67,21531
policy_gss_0.01_fixed,1035,201,101,65,57,78,,119,119,0,70,,,57,57,0.7927332782824112,67,21528
policy_gss_0.01_fixed,1036,201,101,65,52,56,,118,145,0,70,,,52,52,0.7435362802335279,66,21501
policy_gss_0.01_fixed,1037,201,101,65,52,70,,130,129,0,70,,,52,52,0.775,67,21417
policy_gss_0.01_fixed,1038,201,101,65,51,,,123,0,0,70,,,51,51,0.7767031118587048,68,21449
policy_gss_0.01_fixed,1039,201,101,65,63,,,129,0,0,75,,,63,63,0.698009318085557,67,21303
policy_gss_0.01_fixed,1040,201,101,65,54,,,143,0,0,70,,,54,54,0.7528183716075156,68,21194
policy_gss_0.01_fixed,1041,201,101,67,51,,,145,0,0,83,80,,51,51,0.7940685045948204,66,21867
policy_gss_0.01_fixed,1042,201,101,65,68,82,,103,119,0,79,,,68,68,0.8003412969283277,67,21444
policy_gss_0.01_fixed,1043,201,101,65,62,68,,114,132,0,73,,,62,62,0.7797894736842105,67,21414
policy_gss_0.01_fixed,1044,201,101,65,52,,,126,0,0,70,,,52,52,0.728468392023759,67,21241
policy_gss_0.01_fixed,1045,201,101,67,53,69,,132,132,0,70,,,53,53,0.7756357670221493,66,21433
policy_gss_0.01_fixed,1046,201,101,65,52,,,143,0,0,97,,,52,52,0.8627615062761507,64,21665
policy_gss_0.01_fixed,1047,201,101,65,53,86,,112,114,0,70,,,53,53,0.8046610169491526,67,21576
policy_gss_0.01_fixed,1048,201,101,65,52,,,136,0,0,70,,,52,52,0.7757475083056479,66,21474
policy_gss_0.01_fixed,1049,201,101,65,52,,,147,0,0,105,,,52,52,0.8713942307692307,66,21713
policy_gss_0.01_fixed,1050,201,101,65,52,,,142,0,0,70,,,52,52,0.7936842105263158,67,21175
policy_gss_0.01_sustained,1001,190,90,65,52,,,124,0,0,89,,,52,52,0.759016393442623,67,20283
policy_gss_0.01_sustained,1002,190,90,65,53,,,131,0,0,89,,,53,53,0.81120826709062,66,20447
policy_gss_0.01_sustained,1003,182,82,65,52,,,117,0,0,81,,,52,52,0.8188489764387794,67,19523
policy_gss_0.01_sustained,1004,171,71,65,56,,,108,0,0,70,23,12,56,56,0.7307401812688822,67,18308
policy_gss_0.01_sustained,1005,171,71,65,52,,,114,0,0,70,,,52,52,0.7543103448275862,67,18044
policy_gss_0.01_sustained,1006,171,71,65,53,68,,104,101,0,70,,,53,53,0.7985948477751756,66,18303
policy_gss_0.01_sustained,1007,173,73,65,63,,,104,0,0,72,71,,63,63,0.7742058936088787,67,18467
policy_gss_0.01_sustained,1008,223,123,65,52,,,167,0,0,122,,,52,52,0.8683794466403162,65,23870
policy_gss_0.01_sustained,1009,171,71,65,51,,,107,0,0,70,,,51,51,0.7933436532507739,66,18360
policy_gss_0.01_sustained,1010,178,78,65,52,70,,115,106,0,77,,,52,52,0.7917146144994246,68,19040
policy_gss_0.01_sustained,1011,171,71,65,51,,,107,0,0,70,,,51,51,0.7518389469608981,66,18273
policy_gss_0.01_sustained,1012,171,71,65,52,62,,102,109,0,70,,,52,52,0.9083588957055214,65,18661
policy_gss_0.01_sustained,1013,171,71,65,52,,,112,0,0,70,,,52,52,0.8227611940298507,66,18258
policy_gss_0.01_sustained,1014,171,71,65,59,,,112,0,0,70,,,59,59,0.7943425076452599,66,18486
policy_gss_0.01_sustained,1015,171,71,65,52,64,,104,107,0,70,,,52,52,0.7701421800947867,67,18242
policy_gss_0.01_sustained,1016,171,71,65,51,59,,106,109,0,70,,,51,51,0.7544457056375331,67,18214
policy_gss_0.01_sustained,1017,171,71,65,51,67,,103,101,0,70,,,51,51,0.7798693814829043,68,18277
policy_gss_0.01_sustained,1018,172,72,65,52,,,113,0,0,71,,,52,52,0.7984761904761905,66,18361
policy_gss_0.01_sustained,1019,193,93,65,52,,,128,0,0,92,,,52,52,0.7650508209538702,66,20530
policy_gss_0.01_sustained,1020,171,71,65,52,62,,101,108,0,70,55,45,52,52,0.7732038834951457,67,18609
policy_gss_0.01_sustained,1021,171,71,65,51,,,105,0,0,70,,,51,51,0.7758881330309901,66,18278
policy_gss_0.01_sustained,1022,171,71,65,54,64,,101,104,0,70,,,54,54,0.736901620806634,68,18272
policy_gss_0.01_sustained,1023,192,92,65,58,,,130,0,0,91,,,58,58,0.8087539432176656,66,20535
policy_gss_0.01_sustained,1024,171,71,65,51,57,,110,113,0,70,,,51,51,0.7561070182241179,67,18033
policy_gss_0.01_sustained,1025,171,71,65,51,54,,99,116,0,70,48,58,51,51,0.8118624858330186,67,18899
policy_gss_0.01_sustained,1026,171,71,65,55,,,107,0,0,70,,,55,55,0.7117465224111282,68,18098
policy_gss_0.01_sustained,1027,176,76,65,52,,,115,0,0,75,,,52,52,0.8709677419354839,66,19288
policy_gss_0.01_sustained,1028,171,71,65,53,,,102,0,0,70,,,53,53,0.7807737397420867,67,18297
policy_gss_0.01_sustained,1029,177,77,65,65,,,109,0,0,76,,,65,65,0.7962674961119751,66,18949
policy_gss_0.01_sustained,1030,196,96,65,53,,,137,0,0,95,,,53,53,0.795751633986928,68,20807
policy_gss_0.01_sustained,1031,171,71,65,51,,,109,0,0,70,,,51,51,0.7617760617760618,66,18145
policy_gss_0.01_sustained,1032,171,71,65,57,,,106,0,0,70,,,57,57,0.7477652545666537,68,18136
policy_gss_0.01_sustained,1033,171,71,65,51,,,105,0,0,70,,,51,51,0.7468010856921288,67,18214
policy_gss_0.01_sustained,1034,171,71,65,52,,,111,0,0,70,,,52,52,0.7503725782414307,67,18179
policy_gss_0.01_sustained,1035,171,71,65,57,,,107,0,0,70,,,57,57,0.8177727784026997,65,18592
policy_gss_0.01_sustained,1036,171,71,65,52,56,,101,115,0,70,,,52,52,0.8228285933897003,67,18443
policy_gss_0.01_sustained,1037,171,71,65,52,70,,109,101,0,70,,,52,52,0.814135103475205,66,18404
policy_gss_0.01_sustained,1038,171,71,65,51,,,103,0,0,70,,,51,51,0.8398285268901013,66,18462
policy_gss_0.01_sustained,1039,176,76,65,63,,,111,0,0,75,,,63,63,0.8850358085186582,64,19223
policy_gss_0.01_sustained,1040,171,71,65,54,,,113,0,0,70,,,54,54,0.8333333333333334,67,18206
policy_gss_0.01_sustained,1041,184,84,65,51,,,128,0,0,83,,,51,51,0.831582895723931,65,20152
policy_gss_0.01_sustained,1042,180,80,65,68,,,101,0,0,79,,,68,68,0.8155192088246481,66,19312
policy_gss_0.01_sustained,1043,174,74,65,62,68,,101,105,0,73,,,62,62,0.7987874194770747,66,18874
policy_gss_0.01_sustained,1044,171,71,65,52,,,114,0,0,70,,,52,52,0.7536679536679537,67,18160
policy_gss_0.01_sustained,1045,171,71,65,53,69,,105,102,0,70,,,53,53,0.7928488146132919,66,18207
policy_gss_0.01_sustained,1046,198,98,65,52,,,143,0,0,97,,,52,52,0.926285945727015,62,21464
policy_gss_0.01_sustained,1047,171,71,65,53,,,107,0,0,70,83,83,53,53,0.8115558912386707,66,18777
policy_gss_0.01_sustained,1048,171,71,65,52,,,109,0,0,70,,,52,52,0.7975959674292361,67,18400
policy_gss_0.01_sustained,1049,206,106,65,52,,,152,0,0,105,,,52,52,0.8147679324894515,67,22070
policy_gss_0.01_sustained,1050,171,71,65,52,,,112,0,0,70,,,52,52,0.8600855033035367,65,18487
policy_gss_0.02_auto,1001,152,52,70,,,,0,0,0,,,,52,52,0.7167113494191242,66,16042
policy_gss_0.02_auto,1002,151,51,70,,,,0,0,0,,,,51,51,0.7586975914362176,66,16076
policy_gss_0.02_auto,1003,152,52,70,,,,0,0,0,,,,52,52,0.8047790802524797,66,15984
policy_gss_0.02_auto,1004,152,52,70,,,,0,0,0,,,,52,52,0.819402338674751,67,16027
policy_gss_0.02_auto,1005,153,53,70,113,,,36,0,0,109,69,60,53,53,0.7902879243661367,67,16494
policy_gss_0.02_auto,1006,153,53,70,,,,0,0,0,,,,53,53,0.7628732150584163,65,16139
policy_gss_0.02_auto,1007,151,51,70,,,,0,0,0,147,,,51,51,0.7971781305114638,65,16101
policy_gss_0.02_auto,1008,159,59,70,,,,0,0,0,91,,,59,59,0.7354519191085431,67,16831
policy_gss_0.02_auto,1009,151,51,70,147,,,1,0,0,,97,96,51,51,0.9410698096101541,62,16244
policy_gss_0.02_auto,1010,152,52,70,,,,0,0,0,115,31,,52,52,0.8331108144192256,66,16445
policy_gss_0.02_auto,1011,152,52,70,,,,0,0,0,116,,,52,52,0.7141608391608392,67,15855
policy_gss_0.02_auto,1012,152,52,70,77,,,73,0,0,147,35,25,52,52,0.7799650043744532,67,16031
policy_gss_0.02_auto,1013,155,55,70,,,,0,0,0,146,,,55,55,0.7608421052631579,67,16234
policy_gss_0.02_auto,1014,162,62,65,,,,0,0,0,134,,,62,62,0.7927671678179602,66,17333
policy_gss_0.02_auto,1015,152,52,70,,,,0,0,0,,,,52,52,0.7650367806144526,67,16137
policy_gss_0.02_auto,1016,152,52,70,,,,0,0,0,74,,,52,52,0.8317880794701987,66,16398
policy_gss_0.02_auto,1017,151,51,70,,,,0,0,0,141,,,51,51,0.8093556928508385,66,15982
policy_gss_0.02_auto,1018,154,54,70,,,,0,0,0,129,,,54,54,0.8220594571305472,66,16557
policy_gss_0.02_auto,1019,154,54,70,,,,0,0,0,,,,54,54,0.7949367088607595,66,16226
policy_gss_0.02_auto,1020,152,52,70,,,,0,0,0,,,,52,52,0.7570255079982706,67,16064
policy_gss_0.02_auto,1021,151,51,70,,,,0,0,0,141,,,51,51,0.8179834133566128,65,16054
policy_gss_0.02_auto,1022,152,52,70,,,,0,0,0,,,,52,52,0.7692307692307693,65,16012
policy_gss_0.02_auto,1023,156,56,70,136,,,19,0,0,,89,80,56,56,0.7900696864111498,66,16445
policy_gss_0.02_auto,1024,151,51,70,,,,0,0,0,115,,,51,51,0.8388912949328714,65,16189
policy_gss_0.02_auto,1025,152,52,70,,,,0,0,0,143,,,52,52,0.8009499136442142,66,16187
policy_gss_0.02_auto,1026,152,52,70,,,,0,0,0,,,,52,52,0.7702182284980744,67,16188
policy_gss_0.02_auto,1027,154,54,70,,,,0,0,0,,,,54,54,0.7606837606837606,67,16158
policy_gss_0.02_auto,1028,152,52,70,,,,0,0,0,,,,52,52,0.7730220492866408,66,16091
policy_gss_0.02_auto,1029,152,52,70,,,,0,0,0,,,,52,52,0.8210388476647752,65,16260
policy_gss_0.02_auto,1030,151,51,70,,,,0,0,0,,,,51,51,0.8891786179921773,65,16148
policy_gss_0.02_auto,1031,152,52,70,144,,,1,0,0,,100,92,52,52,0.9824638316527838,62,16590
policy_gss_0.02_auto,1032,154,54,70,,,,0,0,0,82,42,,54,54,0.7770382695507487,67,16500
policy_gss_0.02_auto,1033,151,51,70,,,,0,0,0,,,,51,51,0.7528735632183908,67,15811
policy_gss_0.02_auto,1034,151,51,70,,,,0,0,0,,,,51,51,0.7560546014971379,66,15952
policy_gss_0.02_auto,1035,228,128,65,,,,0,0,0,94,,,128,128,0.7674236491777604,65,23931
policy_gss_0.02_auto,1036,155,55,70,,,,0,0,0,,,,55,55,0.7443771626297578,67,16180
policy_gss_0.02_auto,1037,151,51,70,123,,,26,0,0,96,70,72,51,51,0.8772378516624041,65,16439
policy_gss_0.02_auto,1038,152,52,70,150,,,0,0,0,,,98,52,52,0.9773755656108597,62,16547
policy_gss_0.02_auto,1039,152,52,70,,,,0,0,0,,,,52,52,0.8147151188873935,67,16205
policy_gss_0.02_auto,1040,151,51,70,131,,,17,0,0,,90,80,51,51,0.7355873428695275,65,15855
policy_gss_0.02_auto,1041,151,51,70,,,,0,0,0,,,,51,51,0.7883020515058926,67,16025
policy_gss_0.02_auto,1042,171,71,67,,,,0,0,0,,,,71,71,0.8145344436033308,66,18164
policy_gss_0.02_auto,1043,152,52,70,,,,0,0,0,81,,,52,52,0.7522007042253521,68,15941
policy_gss_0.02_auto,1044,152,52,70,,,,0,0,0,,43,,52,52,0.8127753303964758,64,16388
policy_gss_0.02_auto,1045,180,80,65,,,,0,0,0,80,,,80,80,0.8125231567247129,67,19158
policy_gss_0.02_auto,1046,158,58,70,,,,0,0,0,86,,,58,58,0.8386547467007237,62,16913
policy_gss_0.02_auto,1047,154,54,70,,,,0,0,0,124,,,54,54,0.7426284751474305,67,16246
policy_gss_0.02_auto,1048,151,51,70,,,,0,0,0,76,,,51,51,0.7571884984025559,67,15855
policy_gss_0.02_auto,1049,152,52,70,,,,0,0,0,,,,52,52,0.7598214285714285,66,16088
policy_gss_0.02_auto,1050,153,53,70,,,,0,0,0,,,,53,53,0.7420755536257057,67,15940
policy_gss_0.02_fixed,1001,201,101,65,52,74,,112,122,0,70,,,52,52,0.9024807527801539,66,21726
policy_gss_0.02_fixed,1002,201,101,65,51,,,130,0,0,70,,,51,51,0.8789782244556114,66,21395
policy_gss_0.02_fixed,1003,201,101,65,52,,,145,0,0,70,,,52,52,0.810351966873706,67,21248
policy_gss_0.02_fixed,1004,201,101,67,52,,,130,0,0,70,83,74,52,52,0.761200338123415,66,21274
policy_gss_0.02_fixed,1005,201,101,67,53,,,123,0,0,70,,,53,53,0.8587002096436058,66,21153
policy_gss_0.02_fixed,1006,201,101,65,53,,,141,0,0,70,,,53,53,0.7474619289340102,68,21006
policy_gss_0.02_fixed,1007,201,101,65,51,65,,111,125,0,70,,96,51,51,0.9726418946508779,62,21957
policy_gss_0.02_fixed,1008,201,101,65,59,77,,106,119,0,70,,,59,59,0.8090712742980561,67,21531
policy_gss_0.02_fixed,1009,201,101,67,51,,,140,0,0,80,,,51,51,0.7825186412593206,66,20951
policy_gss_0.02_fixed,1010,201,101,65,52,59,,113,134,0,70,,,52,52,0.8725083056478405,65,21527
policy_gss_0.02_fixed,1011,201,101,65,52,,,127,0,0,86,,92,52,52,0.8842018196856907,62,21611
policy_gss_0.02_fixed,1012,201,101,65,52,76,,125,119,0,70,,,52,52,0.8228410008071025,66,21379
policy_gss_0.02_fixed,1013,201,101,67,55,,,135,0,0,70,,,55,55,0.8628595248020008,64,21427
policy_gss_0.02_fixed,1014,201,101,65,62,,,124,0,0,70,,,62,62,0.766499582289056,66,21320
policy_gss_0.02_fixed,1015,201,101,65,52,,,134,0,0,70,,,52,52,0.785120532003325,66,21297
policy_gss_0.02_fixed,1016,201,101,65,52,,,130,0,0,70,,,52,52,0.7705323978539002,66,21354
policy_gss_0.02_fixed,1017,201,101,65,51,,,141,0,0,82,,,51,51,0.8985263157894737,65,21566
policy_gss_0.02_fixed,1018,201,101,65,54,76,,123,120,0,70,,,54,54,0.7994173949230129,67,21320
policy_gss_0.02_fixed,1019,201,101,65,54,80,,130,121,0,72,,,54,54,0.7545198875050221,67,21159
policy_gss_0.02_fixed,1020,201,101,65,52,,,137,0,0,70,,,52,52,0.768909318846636,67,21267
policy_gss_0.02_fixed,1021,201,101,65,51,63,,129,137,0,70,,,51,51,0.8388957560774619,66,21459
policy_gss_0.02_fixed,1022,201,101,65,52,77,,110,124,0,70,,,52,52,0.8051782682512734,67,21313
policy_gss_0.02_fixed,1023,201,101,65,56,,,137,0,0,70,59,32,56,56,0.9207317073170732,64,21897
policy_gss_0.02_fixed,1024,201,101,67,51,,,145,0,0,70,,,51,51,0.8296888141295206,66,21231
policy_gss_0.02_fixed,1025,201,101,68,52,55,,126,144,0,70,,,52,52,0.8643716300290336,65,21621
policy_gss_0.02_fixed,1026,201,101,65,52,,,125,0,0,70,,,52,52,0.7753922378199835,66,21672
policy_gss_0.02_fixed,1027,201,101,65,54,58,,125,141,0,70,,,54,54,0.7655723905723906,66,21332
policy_gss_0.02_fixed,1028,201,101,65,52,56,,103,139,0,70,,,52,52,0.8364859184531316,66,21496
policy_gss_0.02_fixed,1029,201,101,65,52,,,145,0,0,70,,,52,52,0.8308641975308642,66,21573
policy_gss_0.02_fixed,1030,201,101,65,51,81,,131,117,0,78,,,51,51,0.8182583087925958,66,21177
policy_gss_0.02_fixed,1031,201,101,65,52,,,137,0,0,70,,,52,52,0.7635303913405496,68,21046
policy_gss_0.02_fixed,1032,201,101,65,54,60,,110,139,0,70,,,54,54,0.7767183154549067,66,21342
policy_gss_0.02_fixed,1033,201,101,65,51,,,126,0,0,80,92,86,51,51,0.7926476662536142,66,21580
policy_gss_0.02_fixed,1034,201,101,65,51,,,115,0,0,70,,,51,51,0.8872117400419287,64,21636
policy_gss_0.02_fixed,1035,228,128,65,,,,0,0,0,94,,,128,128,0.7674236491777604,65,23931
policy_gss_0.02_fixed,1036,201,101,65,55,,,143,0,0,70,,,55,55,0.7648514851485149,66,21113
policy_gss_0.02_fixed,1037,201,101,65,51,,,121,0,0,70,96,87,51,51,0.8275721838145588,66,21411
policy_gss_0.02_fixed,1038,201,101,65,52,,,134,0,0,70,,,52,52,0.7734919983586377,66,21121
policy_gss_0.02_fixed,1039,201,101,67,52,76,,126,125,0,70,74,85,52,52,0.8887050062060405,64,21969
policy_gss_0.02_fixed,1040,201,101,67,51,,,142,0,0,163,,,51,51,0.7716,67,21164
policy_gss_0.02_fixed,1041,201,101,65,51,,,139,0,0,70,,,51,51,0.8107660455486543,67,21448
policy_gss_0.02_fixed,1042,201,101,67,71,,,130,0,0,80,,,71,71,0.75625,68,21035
policy_gss_0.02_fixed,1043,201,101,65,52,,,132,0,0,76,,,52,52,0.787765293383271,68,21175
policy_gss_0.02_fixed,1044,201,101,65,52,74,,105,125,0,70,,,52,52,0.8050288540807914,66,21445
policy_gss_0.02_fixed,1045,201,101,65,80,,,110,0,0,80,,,80,80,0.8085018572018159,67,21363
policy_gss_0.02_fixed,1046,201,101,65,58,,,137,0,0,70,,,58,58,0.8252987227029254,66,21445
policy_gss_0.02_fixed,1047,201,101,65,54,,,134,0,0,70,19,,54,54,0.7585215605749487,68,21224
policy_gss_0.02_fixed,1048,201,101,67,51,62,,122,135,0,70,,,51,51,0.8078512396694215,67,21375
policy_gss_0.02_fixed,1049,201,101,68,52,69,,127,132,0,70,,,52,52,0.7852684144818977,65,21443
policy_gss_0.02_fixed,1050,201,101,65,53,,,145,0,0,70,,,53,53,0.8630248675091724,66,21309
policy_gss_0.02_sustained,1001,171,71,65,52,,,101,0,0,70,,,52,52,0.8019468363908648,66,18393
policy_gss_0.02_sustained,1002,171,71,65,51,,,105,0,0,70,,,51,51,0.8335251246643651,65,18309
policy_gss_0.02_sustained,1003,171,71,65,52,,,115,0,0,70,,,52,52,0.7321981424148607,67,17777
policy_gss_0.02_sustained,1004,171,71,65,52,,,104,0,0,70,,,52,52,0.7461656441717791,67,18010
policy_gss_0.02_sustained,1005,171,71,65,53,,,109,0,0,70,22,,53,53,0.8107387661843107,66,18424
policy_gss_0.02_sustained,1006,171,71,65,53,,,111,0,0,70,,,53,53,0.7946969696969697,66,18074
policy_gss_0.02_sustained,1007,171,71,65,51,65,,103,101,0,70,,,51,51,0.7250384024577573,67,18056
policy_gss_0.02_sustained,1008,171,71,65,59,,,101,0,0,70,,,59,59,0.8478755690440061,65,18491
policy_gss_0.02_sustained,1009,181,81,65,51,,,120,0,0,80,,,51,51,0.7897727272727273,66,19203
policy_gss_0.02_sustained,1010,171,71,65,52,59,,101,104,0,70,,,52,52,0.8133282847406286,66,18343
policy_gss_0.02_sustained,1011,187,87,65,52,,,122,0,0,86,,,52,52,0.7884160756501182,67,19830
policy_gss_0.02_sustained,1012,171,71,65,52,,,108,0,0,70,17,6,52,52,0.7485119047619048,67,18160
policy_gss_0.02_sustained,1013,171,71,65,55,,,105,0,0,70,,,55,55,0.8864341085271318,65,18500
policy_gss_0.02_sustained,1014,171,71,65,62,,,101,0,0,70,,,62,62,0.7891104294478528,67,18307
policy_gss_0.02_sustained,1015,171,71,65,52,,,104,0,0,70,,,52,52,0.9338235294117647,62,18637
policy_gss_0.02_sustained,1016,171,71,65,52,,,101,0,0,70,51,42,52,52,0.823053199691596,66,18572
policy_gss_0.02_sustained,1017,183,83,65,51,,,123,0,0,82,,,51,51,0.7483171278982798,67,19234
policy_gss_0.02_sustained,1018,171,71,65,54,,,113,0,0,70,,,54,54,0.8381852551984877,67,18335
policy_gss_0.02_sustained,1019,173,73,65,54,,,116,0,0,72,19,,54,54,0.7949612403100775,66,18487
policy_gss_0.02_sustained,1020,171,71,65,52,,,108,0,0,70,,,52,52,0.7229102167182663,68,18101
policy_gss_0.02_sustained,1021,171,71,65,51,63,,101,107,0,70,,,51,51,0.8318216175359032,65,18605
policy_gss_0.02_sustained,1022,171,71,65,52,,,101,0,0,70,,,52,52,0.743202416918429,67,18071
policy_gss_0.02_sustained,1023,171,71,65,56,,,112,0,0,70,,,56,56,0.7969161338849191,66,18098
policy_gss_0.02_sustained,1024,171,71,65,51,,,115,0,0,70,,,51,51,0.7667570709027509,67,18182
policy_gss_0.02_sustained,1025,171,71,65,52,55,,102,114,0,70,,,52,52,0.7686139747995419,67,18096
policy_gss_0.02_sustained,1026,171,71,65,52,,,102,0,0,70,,,52,52,0.7962680883472962,67,18474
policy_gss_0.02_sustained,1027,171,71,65,54,58,,103,111,0,70,,,54,54,0.7736059479553903,66,18250
policy_gss_0.02_sustained,1028,171,71,65,52,56,,101,111,0,70,93,,52,52,0.7521534847298356,62,18452
policy_gss_0.02_sustained,1029,171,71,65,52,,,108,0,0,70,72,63,52,52,0.738569753810082,66,18368
policy_gss_0.02_sustained,1030,179,79,65,51,,,125,0,0,78,,,51,51,0.840754716981132,65,19122
policy_gss_0.02_sustained,1031,171,71,65,52,,,111,0,0,70,,,52,52,0.8384998086490624,67,18096
policy_gss_0.02_sustained,1032,171,71,65,54,60,,104,109,0,70,,,54,54,0.8737642585551331,65,18566
policy_gss_0.02_sustained,1033,181,81,65,51,,,117,0,0,80,66,56,51,51,0.79369957741068,66,19512
policy_gss_0.02_sustained,1034,171,71,65,51,,,101,0,0,70,76,67,51,51,0.7882219705549264,65,18408
policy_gss_0.02_sustained,1035,228,128,65,,,,0,0,0,94,,,128,128,0.7674236491777604,65,23931
policy_gss_0.02_sustained,1036,171,71,65,55,,,113,0,0,70,,,55,55,0.773916292974589,67,18060
policy_gss_0.02_sustained,1037,171,71,65,51,,,105,0,0,70,,,51,51,0.8156028368794326,66,18274
policy_gss_0.02_sustained,1038,171,71,65,52,,,104,0,0,70,,,52,52,0.7496171516079633,67,17959
policy_gss_0.02_sustained,1039,171,71,65,52,,,106,0,0,70,,,52,52,0.9089512101421436,64,18628
policy_gss_0.02_sustained,1040,225,125,65,51,,,166,0,0,124,,,51,51,0.7253803042433947,67,23414
policy_gss_0.02_sustained,1041,171,71,65,51,,,112,0,0,70,,,51,51,0.7672907909820404,66,18166
policy_gss_0.02_sustained,1042,181,81,65,71,,,110,0,0,80,,,71,71,0.8743169398907104,66,19291
policy_gss_0.02_sustained,1043,177,77,65,52,,,113,0,0,76,,,52,52,0.8117735283089614,67,18881
policy_gss_0.02_sustained,1044,171,71,65,52,,,101,0,0,70,19,,52,52,0.8372623574144487,67,18507
policy_gss_0.02_sustained,1045,181,81,65,80,,,101,0,0,80,,,80,80,0.8221970554926388,66,19307
policy_gss_0.02_sustained,1046,171,71,65,58,,,111,0,0,70,,,58,58,0.8191938579654511,65,18297
policy_gss_0.02_sustained,1047,171,71,65,54,,,110,0,0,70,52,,54,54,0.7444149943203332,67,18006
policy_gss_0.02_sustained,1048,171,71,65,51,62,,101,106,0,70,,,51,51,0.767905017234776,67,18145
policy_gss_0.02_sustained,1049,171,71,65,52,69,,106,102,0,70,,,52,52,0.7610818933132982,66,18252
policy_gss_0.02_sustained,1050,171,71,65,53,,,115,0,0,70,,,53,53,0.7827586206896552,66,17985
policy_gss_0.04_auto,1001,152,52,70,,,,0,0,0,140,,,52,52,0.7030380830124091,67,15674
policy_gss_0.04_auto,1002,152,52,70,,,,0,0,0,,88,,52,52,0.8107158541941151,66,16092
policy_gss_0.04_auto,1003,154,54,70,,,,0,0,0,108,,,54,54,0.8341880341880342,66,16115
policy_gss_0.04_auto,1004,151,51,70,116,,,34,0,0,70,71,65,51,51,0.8189692507579038,66,15936
policy_gss_0.04_auto,1005,152,52,70,,,,0,0,0,108,89,,52,52,0.7567449956483899,67,15798
policy_gss_0.04_auto,1006,159,59,70,140,,,9,0,0,87,88,81,59,59,0.9065573770491804,62,17159
policy_gss_0.04_auto,1007,160,60,70,71,,,89,0,0,70,22,11,60,60,0.7437165224557066,66,16799
policy_gss_0.04_auto,1008,152,52,70,123,,,17,0,0,104,62,71,52,52,0.7481609692773691,66,16066
policy_gss_0.04_auto,1009,151,51,70,,,,0,0,0,,,,51,51,0.9177777777777778,62,15946
policy_gss_0.04_auto,1010,152,52,70,69,,,76,0,0,109,27,17,52,52,0.8994867408041061,62,16301
policy_gss_0.04_auto,1011,151,51,70,,,,0,0,0,108,,,51,51,0.8049738219895288,66,15683
policy_gss_0.04_auto,1012,151,51,70,,,,0,0,0,91,,,51,51,0.7861350249207069,66,15636
policy_gss_0.04_auto,1013,154,54,70,,,,0,0,0,,,,54,54,0.8359408033826639,66,16013
policy_gss_0.04_auto,1014,151,51,70,,,,0,0,0,70,,,51,51,0.7927461139896373,65,15931
policy_gss_0.04_auto,1015,151,51,70,,,,0,0,0,,,,51,51,0.8232456140350877,65,15696
policy_gss_0.04_auto,1016,151,51,70,,,,0,0,0,,99,,51,51,0.8741007194244604,62,15705
policy_gss_0.04_auto,1017,151,51,70,,,,0,0,0,81,,,51,51,0.8718505647263249,62,16011
policy_gss_0.04_auto,1018,153,53,70,,,,0,0,0,148,,,53,53,0.8557899268187689,65,16116
policy_gss_0.04_auto,1019,154,54,70,98,,,50,0,0,,51,44,54,54,0.7836206896551724,66,16073
policy_gss_0.04_auto,1020,151,51,70,85,104,,15,47,0,70,43,34,51,51,0.9728915662650602,62,16888
policy_gss_0.04_auto,1021,151,51,70,,,,0,0,0,133,,,51,51,0.91380060949064,65,15983
policy_gss_0.04_auto,1022,152,52,70,,,,0,0,0,104,64,,52,52,0.7573149741824441,67,15780
policy_gss_0.04_auto,1023,152,52,70,139,,,7,0,0,,97,87,52,52,0.8743028743028743,62,16128
policy_gss_0.04_auto,1024,151,51,70,,,,0,0,0,87,,,51,51,0.789587852494577,67,15645
policy_gss_0.04_auto,1025,151,51,70,65,,,74,0,0,,24,14,51,51,0.9039675383228133,62,16373
policy_gss_0.04_auto,1026,152,52,70,,,,0,0,0,70,,,52,52,0.8079757260511486,66,15830
policy_gss_0.04_auto,1027,151,51,70,,,,0,0,0,,,,51,51,0.7796312554872695,67,15463
policy_gss_0.04_auto,1028,152,52,70,133,,,16,0,0,119,90,81,52,52,0.9138692579505301,62,16468
policy_gss_0.04_auto,1029,151,51,70,75,,,76,0,0,107,31,24,51,51,0.8970588235294118,65,16280
policy_gss_0.04_auto,1030,152,52,70,,,,0,0,0,,,,52,52,0.8118556701030928,66,15776
policy_gss_0.04_auto,1031,151,51,70,,,,0,0,0,112,91,,51,51,0.7927888792354474,66,15755
policy_gss_0.04_auto,1032,155,55,70,,,,0,0,0,,39,,55,55,0.8050043140638481,66,16225
policy_gss_0.04_auto,1033,151,51,70,,,,0,0,0,,,,51,51,0.773222852158744,66,15608
policy_gss_0.04_auto,1034,155,55,70,66,,,53,0,0,,21,11,55,55,0.9715909090909091,62,17115
policy_gss_0.04_auto,1035,157,57,70,,,,0,0,0,90,,,57,57,0.7998278088678433,66,16350
policy_gss_0.04_auto,1036,152,52,70,,,,0,0,0,124,,,52,52,0.8164556962025317,65,15890
policy_gss_0.04_auto,1037,151,51,70,,,,0,0,0,78,,,51,51,0.77390527256479,67,15638
policy_gss_0.04_auto,1038,151,51,70,,,,0,0,0,,,,51,51,0.8366515837104073,65,15740
policy_gss_0.04_auto,1039,152,52,70,,,,0,0,0,,63,,52,52,0.8076753418614909,62,16243
policy_gss_0.04_auto,1040,152,52,70,,,,0,0,0,131,94,,52,52,0.8397350993377484,65,16097
policy_gss_0.04_auto,1041,151,51,70,,,,0,0,0,,,,51,51,0.8191442434936039,66,15933
policy_gss_0.04_auto,1042,151,51,70,,,,0,0,0,86,,,51,51,0.8323327615780446,66,15749
policy_gss_0.04_auto,1043,151,51,70,,,,0,0,0,,,,51,51,0.8266438941076003,66,15835
policy_gss_0.04_auto,1044,151,51,70,141,,,1,0,0,,96,90,51,51,0.9495798319327731,62,16192
policy_gss_0.04_auto,1045,151,51,70,,,,0,0,0,,39,,51,51,0.8181026979982594,66,15690
policy_gss_0.04_auto,1046,186,86,65,167,,,7,0,0,84,91,81,86,86,0.9148694665153235,62,19858
policy_gss_0.04_auto,1047,152,52,70,,,,0,0,0,,37,,52,52,0.8765920070267896,66,16070
policy_gss_0.04_auto,1048,151,51,70,,,,0,0,0,,,,51,51,0.7639830508474577,67,15591
policy_gss_0.04_auto,1049,152,52,70,,,,0,0,0,86,,,52,52,0.8709536307961505,65,16238
policy_gss_0.04_auto,1050,152,52,70,,,,0,0,0,93,,,52,52,0.8031844316674038,66,15753
policy_gss_0.04_fixed,1001,201,101,65,52,,,135,0,0,70,,,52,52,0.8494533221194281,66,21016
policy_gss_0.04_fixed,1002,201,101,65,52,,,117,0,0,70,32,,52,52,0.868069607446378,64,21253
policy_gss_0.04_fixed,1003,201,101,65,54,66,,127,135,0,70,,,54,54,0.8253646677471637,62,21074
policy_gss_0.04_fixed,1004,201,101,65,51,83,,110,117,0,70,90,83,51,51,0.8993055555555556,65,21310
policy_gss_0.04_fixed,1005,201,101,65,52,70,,130,129,0,70,,,52,52,0.8986981285598047,66,21206
policy_gss_0.04_fixed,1006,201,101,65,59,,,125,0,0,70,40,,59,59,0.8485726106743897,66,21163
policy_gss_0.04_fixed,1007,201,101,65,60,67,,114,131,0,70,21,14,60,60,0.7842724978973927,66,20955
policy_gss_0.04_fixed,1008,201,101,65,52,,,133,0,0,70,,,52,52,0.8219743907476249,66,21046
policy_gss_0.04_fixed,1009,201,101,65,51,,,138,0,0,70,,,51,51,0.8713878713878714,65,21112
policy_gss_0.04_fixed,1010,201,101,65,52,68,,104,130,0,70,,,52,52,0.8026424442609413,66,21025
policy_gss_0.04_fixed,1011,201,101,65,51,100,,119,101,0,70,,,51,51,0.811864406779661,65,20850
policy_gss_0.04_fixed,1012,201,101,65,51,,,123,0,0,70,,,51,51,0.7791231732776618,65,20831
policy_gss_0.04_fixed,1013,201,101,65,54,,,134,0,0,70,100,,54,54,0.9116182572614108,62,21205
policy_gss_0.04_fixed,1014,201,101,65,51,59,,111,136,0,70,,,51,51,0.84,66,21296
policy_gss_0.04_fixed,1015,201,101,65,51,56,,123,140,0,70,58,,51,51,0.8655043586550436,65,21052
policy_gss_0.04_fixed,1016,201,101,65,51,62,,129,139,0,70,,,51,51,0.802422723475355,67,20750
policy_gss_0.04_fixed,1017,201,101,65,51,54,,113,140,0,70,,91,51,51,0.8289146644573322,62,21198
policy_gss_0.04_fixed,1018,201,101,65,53,81,,125,120,0,70,76,,53,53,0.8778054862842892,65,21415
policy_gss_0.04_fixed,1019,201,101,65,54,84,,120,115,0,80,43,34,54,54,0.83457005674378,67,21251
policy_gss_0.04_fixed,1020,201,101,65,51,62,,94,124,0,70,21,18,51,51,0.8779786359901397,66,21492
policy_gss_0.04_fixed,1021,201,101,67,51,62,,132,136,0,70,,,51,51,0.8671907323127844,62,21081
policy_gss_0.04_fixed,1022,201,101,65,52,80,,113,113,0,70,,,52,52,0.8618121638394705,66,21156
policy_gss_0.04_fixed,1023,201,101,65,52,65,,125,134,0,70,,,52,52,0.8719512195121951,62,21178
policy_gss_0.04_fixed,1024,201,101,65,51,68,,118,132,0,70,,,51,51,0.7320099255583127,67,20791
policy_gss_0.04_fixed,1025,201,101,65,51,56,,109,135,0,70,,,51,51,0.8344997941539728,66,21357
policy_gss_0.04_fixed,1026,201,101,65,52,56,,129,143,0,70,,,52,52,0.821608040201005,66,21146
policy_gss_0.04_fixed,1027,201,101,65,51,,,133,0,0,70,,,51,51,0.9038301415487094,65,21140
policy_gss_0.04_fixed,1028,201,101,65,52,,,121,0,0,70,,,52,52,0.8524864187212704,65,21179
policy_gss_0.04_fixed,1029,201,101,65,51,71,,96,126,0,70,38,27,51,51,0.8553511705685619,66,21458
policy_gss_0.04_fixed,1030,201,101,65,52,68,,116,131,0,70,,,52,52,0.8726591760299626,64,21219
policy_gss_0.04_fixed,1031,201,101,65,51,54,,92,133,0,70,26,16,51,51,0.9362765514369012,62,21585
policy_gss_0.04_fixed,1032,201,101,65,55,85,,124,115,0,70,57,,55,55,0.8722881702824397,66,21190
policy_gss_0.04_fixed,1033,201,101,65,51,174,,90,22,0,70,76,70,51,51,0.8202293202293203,62,21282
policy_gss_0.04_fixed,1034,201,101,65,55,65,,100,118,0,70,97,88,55,55,0.8551440329218107,62,21269
policy_gss_0.04_fixed,1035,201,101,65,57,71,,111,128,0,73,,,57,57,0.9149386373254338,65,21417
policy_gss_0.04_fixed,1036,201,101,65,52,,,129,0,0,70,,,52,52,0.7897392767031118,66,20924
policy_gss_0.04_fixed,1037,201,101,65,51,100,,137,101,0,70,,,51,51,0.8106978687839532,66,20913
policy_gss_0.04_fixed,1038,201,101,65,51,86,,118,115,0,70,,,51,51,0.8287872429710449,67,21016
policy_gss_0.04_fixed,1039,201,101,65,52,67,,91,128,0,70,20,17,52,52,0.9079391891891891,62,21635
policy_gss_0.04_fixed,1040,201,101,65,52,58,,132,142,0,70,,,52,52,0.8359918200408998,67,21080
policy_gss_0.04_fixed,1041,201,101,65,51,77,,114,122,0,70,,,51,51,0.9087866108786611,62,21242
policy_gss_0.04_fixed,1042,201,101,65,51,,,128,0,0,70,,,51,51,0.8207236842105263,66,20895
policy_gss_0.04_fixed,1043,201,101,65,51,81,,117,120,0,70,,,51,51,0.8578767123287672,67,20893
policy_gss_0.04_fixed,1044,201,101,65,51,64,,115,135,0,70,42,36,51,51,0.7738947368421053,66,20883
policy_gss_0.04_fixed,1045,201,101,65,51,61,,117,135,0,70,,,51,51,0.8406341259908219,66,20959
policy_gss_0.04_fixed,1046,201,101,65,86,,,108,0,0,84,,,86,86,0.8694736842105263,65,21026
policy_gss_0.04_fixed,1047,201,101,65,52,56,,105,136,0,70,81,91,52,52,0.9037454691904954,62,21603
policy_gss_0.04_fixed,1048,201,101,65,51,60,,130,139,0,70,47,,51,51,0.7969955339017458,66,20928
policy_gss_0.04_fixed,1049,201,101,65,52,,,131,0,0,70,,,52,52,0.8783948115119579,66,21082
policy_gss_0.04_fixed,1050,201,101,65,52,,,122,0,0,70,,,52,52,0.9136630343671417,65,21320
policy_gss_0.04_sustained,1001,171,71,65,52,,,105,0,0,70,67,57,52,52,0.7909711684370258,67,17995
policy_gss_0.04_sustained,1002,171,71,65,52,,,101,0,0,70,38,,52,52,0.8301453710788065,66,18244
policy_gss_0.04_sustained,1003,171,71,65,54,66,,102,105,0,70,,,54,54,0.8092179826218361,66,17792
policy_gss_0.04_sustained,1004,171,71,65,51,,,101,0,0,70,,,51,51,0.752165725047081,67,17660
policy_gss_0.04_sustained,1005,171,71,65,52,70,,106,101,0,70,,,52,52,0.7570235383447228,67,17660
policy_gss_0.04_sustained,1006,171,71,65,59,,,99,0,0,70,78,71,59,59,0.8323586744639376,66,18184
policy_gss_0.04_sustained,1007,171,71,65,60,67,,98,101,0,70,48,40,60,60,0.7958015267175572,66,17911
policy_gss_0.04_sustained,1008,171,71,65,52,,,111,0,0,70,,,52,52,0.8230678697528443,67,17891
policy_gss_0.04_sustained,1009,171,71,65,51,,,112,0,0,70,72,,51,51,0.8330798479087452,65,18111
policy_gss_0.04_sustained,1010,171,71,65,52,68,,101,101,0,70,,,52,52,0.7723794950267788,67,17918
policy_gss_0.04_sustained,1011,171,71,65,51,,,105,0,0,70,,,51,51,0.7862446268073466,65,17876
policy_gss_0.04_sustained,1012,171,71,65,51,,,105,0,0,70,93,,51,51,0.8199467072706509,65,18056
policy_gss_0.04_sustained,1013,171,71,65,54,,,104,0,0,70,,,54,54,0.8049981067777358,66,17857
policy_gss_0.04_sustained,1014,171,71,65,51,59,,92,111,0,70,82,83,51,51,0.8837735849056604,62,18485
policy_gss_0.04_sustained,1015,171,71,65,51,56,,101,110,0,70,,,51,51,0.8910776361529548,64,18077
policy_gss_0.04_sustained,1016,171,71,65,51,62,,106,109,0,70,81,,51,51,0.8723082735171893,65,18075
policy_gss_0.04_sustained,1017,171,71,65,51,54,,101,113,0,70,,,51,51,0.7782927771340286,66,17929
policy_gss_0.04_sustained,1018,171,71,65,53,,,109,0,0,70,,,53,53,0.8239138792772011,66,17954
policy_gss_0.04_sustained,1019,181,81,65,54,134,,91,45,0,80,20,15,54,54,0.9526671675432006,62,19971
policy_gss_0.04_sustained,1020,171,71,65,51,62,,44,106,0,70,19,11,51,51,0.7968036529680366,65,18733
policy_gss_0.04_sustained,1021,171,71,65,51,62,,102,106,0,70,,,51,51,0.7918229557389347,66,17933
policy_gss_0.04_sustained,1022,171,71,65,52,,,108,0,0,70,25,,52,52,0.861005331302361,66,18231
policy_gss_0.04_sustained,1023,171,71,65,52,65,,105,104,0,70,,,52,52,0.7873952931790985,67,17820
policy_gss_0.04_sustained,1024,171,71,65,51,68,,107,102,0,70,,,51,51,0.8671641791044776,65,17982
policy_gss_0.04_sustained,1025,171,71,65,51,56,,101,111,0,70,,,51,51,0.827088212334114,66,18178
policy_gss_0.04_sustained,1026,171,71,65,52,56,,106,113,0,70,,,52,52,0.8344319503683598,65,18218
policy_gss_0.04_sustained,1027,171,71,65,51,,,104,0,0,70,78,73,51,51,0.8098671726755218,65,18203
policy_gss_0.04_sustained,1028,171,71,65,52,,,103,0,0,70,,,52,52,0.7846385542168675,65,18012
policy_gss_0.04_sustained,1029,171,71,65,51,,,94,0,0,70,22,50,51,51,0.7694380292532718,66,18250
policy_gss_0.04_sustained,1030,171,71,65,52,68,,101,101,0,70,,,52,52,0.7946293494704992,65,17753
policy_gss_0.04_sustained,1031,171,71,65,51,54,,83,111,0,70,61,54,51,51,0.8142857142857143,66,18138
policy_gss_0.04_sustained,1032,171,71,65,55,,,101,0,0,70,30,30,55,55,0.8362779740871613,66,18328
policy_gss_0.04_sustained,1033,171,71,65,51,,,107,0,0,70,,,51,51,0.8631178707224335,65,18087
policy_gss_0.04_sustained,1034,171,71,65,55,65,,101,102,0,70,18,,55,55,0.7604489164086687,67,17873
policy_gss_0.04_sustained,1035,174,74,65,57,71,,110,101,0,73,,,57,57,0.8299669482188763,66,18470
policy_gss_0.04_sustained,1036,171,71,65,52,,,114,0,0,70,,,52,52,0.8918705603788477,62,18159
policy_gss_0.04_sustained,1037,171,71,65,51,,,113,0,0,70,,,51,51,0.8328830567348514,66,17966
policy_gss_0.04_sustained,1038,171,71,65,51,,,111,0,0,70,,,51,51,0.7872823618470856,66,17915
policy_gss_0.04_sustained,1039,171,71,65,52,67,,84,101,0,70,41,40,52,52,0.7739130434782608,67,18229
policy_gss_0.04_sustained,1040,171,71,65,52,58,,109,112,0,70,,,52,52,0.805716492854384,66,17851
policy_gss_0.04_sustained,1041,171,71,65,51,,,101,0,0,70,21,,51,51,0.8278842540398347,66,18090
policy_gss_0.04_sustained,1042,171,71,65,51,,,113,0,0,70,21,11,51,51,0.7713959680486877,67,17696
policy_gss_0.04_sustained,1043,171,71,65,51,,,109,0,0,70,,,51,51,0.8228593872741555,66,17788
policy_gss_0.04_sustained,1044,171,71,65,51,64,,98,105,0,70,73,64,51,51,0.8196847366397539,65,18317
policy_gss_0.04_sustained,1045,171,71,65,51,61,,107,109,0,70,,,51,51,0.8518518518518519,66,17931
policy_gss_0.04_sustained,1046,186,86,65,167,,,7,0,0,84,91,81,86,86,0.9148694665153235,62,19858
policy_gss_0.04_sustained,1047,171,71,65,52,56,,95,112,0,70,19,10,52,52,0.9355581127733027,62,18528
policy_gss_0.04_sustained,1048,171,71,65,51,60,,101,109,0,70,,,51,51,0.8088291746641075,66,17876
policy_gss_0.04_sustained,1049,171,71,65,52,,,111,0,0,70,,,52,52,0.7662586074980873,67,17742
policy_gss_0.04_sustained,1050,171,71,65,52,,,107,0,0,70,73,,52,52,0.7792408985282726,66,17810
policy_gss_0.05_auto,1001,152,52,70,124,,,27,0,0,,80,72,52,52,0.920682302771855,62,16194
policy_gss_0.05_auto,1002,151,51,70,,,,0,0,0,70,64,,51,51,0.8100706713780919,65,15803
policy_gss_0.05_auto,1003,152,52,70,68,,,83,0,0,,27,16,52,52,0.8013015184381779,67,15673
policy_gss_0.05_auto,1004,151,51,70,63,,,87,0,0,111,82,12,51,51,0.7306701030927835,67,15570
policy_gss_0.05_auto,1005,152,52,70,63,,,85,0,0,,34,11,52,52,0.8168831168831169,66,15755
policy_gss_0.05_auto,1006,157,57,70,62,66,,85,89,0,,17,5,57,57,0.9128053917438922,65,16485
policy_gss_0.05_auto,1007,152,52,70,,,,0,0,0,144,80,,52,52,0.8107872988255763,65,15819
policy_gss_0.05_auto,1008,152,52,70,58,,,87,0,0,,18,6,52,52,0.8233506944444444,66,15774
policy_gss_0.05_auto,1009,151,51,70,,,,0,0,0,,34,,51,51,0.7942222222222223,65,15639
policy_gss_0.05_auto,1010,153,53,70,,,,0,0,0,118,40,,53,53,0.8257869771453212,62,15927
policy_gss_0.05_auto,1011,151,51,70,,,,0,0,0,83,,,51,51,0.8645833333333334,65,15768
policy_gss_0.05_auto,1012,152,52,70,,,,0,0,0,89,,,52,52,0.8843721770551038,65,15732
policy_gss_0.05_auto,1013,151,51,70,,,,0,0,0,122,36,,51,51,0.7858996539792388,67,15651
policy_gss_0.05_auto,1014,152,52,70,152,,,0,0,0,115,,100,52,52,0.9538991813873331,62,16192
policy_gss_0.05_auto,1015,151,51,70,,,,0,0,0,125,,,51,51,0.8572664359861591,65,15775
policy_gss_0.05_auto,1016,151,51,70,,,,0,0,0,,,,51,51,0.7981448763250883,66,15448
policy_gss_0.05_auto,1017,151,51,70,128,,,20,0,0,,48,77,51,51,0.8851737791465024,62,16041
policy_gss_0.05_auto,1018,153,53,70,,,,0,0,0,,,,53,53,0.7715173025732032,66,15815
policy_gss_0.05_auto,1019,152,52,70,,,,0,0,0,99,34,,52,52,0.8171949630916197,66,15678
policy_gss_0.05_auto,1020,152,52,70,120,,,26,0,0,105,39,68,52,52,0.7738042020563254,67,16017
policy_gss_0.05_auto,1021,151,51,70,,,,0,0,0,,30,,51,51,0.7886840977282469,66,15703
policy_gss_0.05_auto,1022,152,52,70,,,,0,0,0,118,,,52,52,0.7926775474194971,67,15535
policy_gss_0.05_auto,1023,152,52,70,79,99,,45,49,0,147,36,27,52,52,0.7578682333193454,62,16060
policy_gss_0.05_auto,1024,151,51,70,,,,0,0,0,,41,,51,51,0.813220940550133,65,15688
policy_gss_0.05_auto,1025,151,51,70,,,,0,0,0,77,,,51,51,0.8857515204170286,62,15756
policy_gss_0.05_auto,1026,157,57,70,145,,,7,0,0,129,35,88,57,57,0.8291374329343789,62,16566
policy_gss_0.05_auto,1027,151,51,70,,,,0,0,0,,,,51,51,0.724015922158337,67,15279
policy_gss_0.05_auto,1028,153,53,70,,,,0,0,0,111,,,53,53,0.8963440860215054,62,16217
policy_gss_0.05_auto,1029,151,51,70,,,,0,0,0,88,,,51,51,0.7668628338614758,66,15460
policy_gss_0.05_auto,1030,152,52,70,73,,,73,0,0,,31,21,52,52,0.7876224398931434,66,15627
policy_gss_0.05_auto,1031,151,51,70,138,,,12,0,0,70,72,87,51,51,0.7911558669001751,66,15713
policy_gss_0.05_auto,1032,153,53,70,,,,0,0,0,130,,,53,53,0.8012179208351458,67,15803
policy_gss_0.05_auto,1033,151,51,70,,,,0,0,0,99,,,51,51,0.7796386073159982,67,15521
policy_gss_0.05_auto,1034,152,52,70,72,107,,42,40,0,,29,20,52,52,0.9653465346534653,62,16787
policy_gss_0.05_auto,1035,157,57,70,132,,,21,0,0,,85,75,57,57,0.8710757639179573,64,16458
policy_gss_0.05_auto,1036,151,51,70,58,,,86,0,0,96,19,7,51,51,0.8098744045041143,66,15688
policy_gss_0.05_auto,1037,152,52,70,60,,,88,0,0,116,20,8,52,52,0.8446215139442231,67,15788
policy_gss_0.05_auto,1038,151,51,70,,,,0,0,0,,,,51,51,0.8360869565217391,66,15671
policy_gss_0.05_auto,1039,152,52,70,,,,0,0,0,146,57,,52,52,0.8071242397914856,65,15917
policy_gss_0.05_auto,1040,152,52,70,73,89,,63,60,0,70,28,21,52,52,0.7612790188348664,65,15901
policy_gss_0.05_auto,1041,151,51,70,90,,,59,0,0,121,41,39,51,51,0.919051878354204,62,16019
policy_gss_0.05_auto,1042,151,51,70,,,,0,0,0,82,,,51,51,0.7809062912450506,66,15574
policy_gss_0.05_auto,1043,151,51,70,,,,0,0,0,105,,,51,51,0.8017167381974248,66,15696
policy_gss_0.05_auto,1044,152,52,70,,,,0,0,0,115,,,52,52,0.8255208333333334,66,15688
policy_gss_0.05_auto,1045,154,54,70,,,,0,0,0,70,,,54,54,0.7628644939965694,66,15679
policy_gss_0.05_auto,1046,151,51,70,121,123,,21,24,0,,77,70,51,51,0.7632524707996406,66,15567
policy_gss_0.05_auto,1047,151,51,70,,,,0,0,0,70,,,51,51,0.8852678571428572,62,15803
policy_gss_0.05_auto,1048,152,52,70,106,146,,28,4,0,131,60,54,52,52,0.9659400544959128,62,16466
policy_gss_0.05_auto,1049,151,51,70,129,,,6,0,0,,90,78,51,51,0.9692044482463644,62,16312
policy_gss_0.05_auto,1050,151,51,70,,,,0,0,0,139,,,51,51,0.7811140121845083,66,15452
policy_gss_0.05_fixed,1001,201,101,68,52,57,,136,144,0,70,,,52,52,0.7922606924643585,67,20694
policy_gss_0.05_fixed,1002,201,101,65,51,56,,118,133,0,70,,,51,51,0.8338241480858225,66,20791
policy_gss_0.05_fixed,1003,201,101,65,52,68,,119,132,0,70,39,,52,52,0.8443815683104284,67,20930
policy_gss_0.05_fixed,1004,201,101,65,51,,,110,0,0,70,70,64,51,51,0.9773289365210223,62,21501
policy_gss_0.05_fixed,1005,201,101,65,52,,,127,0,0,70,,,52,52,0.8145859085290482,65,20721
policy_gss_0.05_fixed,1006,201,101,65,57,62,,117,134,0,70,60,,57,57,0.8267103646046702,66,20876
policy_gss_0.05_fixed,1007,201,101,65,52,61,,112,133,0,70,25,25,52,52,0.8215169002473207,66,21069
policy_gss_0.05_fixed,1008,201,101,65,52,55,,107,136,0,70,30,23,52,52,0.7836952068824252,65,20990
policy_gss_0.05_fixed,1009,201,101,65,51,72,,129,128,0,70,63,,51,51,0.9210196406184705,62,21122
policy_gss_0.05_fixed,1010,201,101,65,53,,,123,0,0,70,46,70,53,53,0.75,66,20820
policy_gss_0.05_fixed,1011,201,101,65,51,81,,106,120,0,70,59,,51,51,0.7727850784230607,66,20928
policy_gss_0.05_fixed,1012,201,101,65,52,,,110,0,0,70,70,,52,52,0.7775467775467776,67,20729
policy_gss_0.05_fixed,1013,201,101,65,51,67,,111,132,0,70,56,,51,51,0.7847835224884405,65,20888
policy_gss_0.05_fixed,1014,201,101,65,52,68,,133,133,0,70,19,,52,52,0.8848337388483374,64,21247
policy_gss_0.05_fixed,1015,201,101,65,51,55,,135,145,0,70,,,51,51,0.7664141414141414,66,20725
policy_gss_0.05_fixed,1016,201,101,65,51,188,,111,13,0,70,91,83,51,51,0.8582548136009832,62,21099
policy_gss_0.05_fixed,1017,201,101,65,51,,,113,0,0,70,,,51,51,0.9160463192721258,62,21211
policy_gss_0.05_fixed,1018,201,101,65,53,,,129,0,0,70,86,93,53,53,0.982520325203252,62,21397
policy_gss_0.05_fixed,1019,201,101,65,52,89,,115,112,0,70,,,52,52,0.8523063901819721,66,20884
policy_gss_0.05_fixed,1020,201,101,65,52,74,,78,115,0,70,23,27,52,52,0.9338051623646961,62,21725
policy_gss_0.05_fixed,1021,201,101,65,51,74,,102,118,0,70,,,51,51,0.9426885798567215,62,21097
policy_gss_0.05_fixed,1022,201,101,65,52,,,122,0,0,70,36,26,52,52,0.9493723849372385,62,21346
policy_gss_0.05_fixed,1023,201,101,65,52,83,,118,114,0,70,,,52,52,0.7939469320066335,65,21019
policy_gss_0.05_fixed,1024,201,101,65,51,75,,114,126,0,70,48,39,51,51,0.8015741507870754,67,20851
policy_gss_0.05_fixed,1025,201,101,65,51,69,,124,131,0,70,,,51,51,0.8988294314381271,66,21004
policy_gss_0.05_fixed,1026,201,101,65,57,,,116,0,0,70,,,57,57,0.76778413736713,66,20700
policy_gss_0.05_fixed,1027,201,101,65,51,57,,140,142,0,70,42,,51,51,0.835820895522388,67,20730
policy_gss_0.05_fixed,1028,201,101,65,53,59,,86,137,0,70,21,20,53,53,0.8070881997583568,66,21295
policy_gss_0.05_fixed,1029,201,101,65,51,70,,114,130,0,70,35,,51,51,0.8559829059829059,66,20908
policy_gss_0.05_fixed,1030,201,101,68,52,,,130,0,0,70,,,52,52,0.9165988608624899,62,21128
policy_gss_0.05_fixed,1031,201,101,65,51,,,111,0,0,70,,,51,51,0.7677685950413223,66,20675
policy_gss_0.05_fixed,1032,201,101,65,53,,,93,0,0,70,24,16,53,53,0.8729281767955801,66,21268
policy_gss_0.05_fixed,1033,201,101,65,51,59,,125,141,0,70,36,25,51,51,0.8729304635761589,65,21180
policy_gss_0.05_fixed,1034,201,101,65,52,58,,77,124,0,70,18,17,52,52,0.857790601813685,65,21529
policy_gss_0.05_fixed,1035,201,101,65,57,187,,107,13,0,70,51,41,57,57,0.9494084047327621,62,21382
policy_gss_0.05_fixed,1036,201,101,65,51,57,,115,138,0,70,,,51,51,0.8548453608247423,65,20917
policy_gss_0.05_fixed,1037,201,101,65,52,56,,78,129,0,70,45,47,52,52,0.7864406779661017,65,21236
policy_gss_0.05_fixed,1038,201,101,65,51,66,,106,130,0,70,98,95,51,51,0.8577405857740585,62,20984
policy_gss_0.05_fixed,1039,201,101,65,52,96,,122,103,0,70,45,,52,52,0.9035699630693476,65,21318
policy_gss_0.05_fixed,1040,201,101,65,52,80,,104,118,0,70,,,52,52,0.7689471528062269,67,20663
policy_gss_0.05_fixed,1041,201,101,65,51,81,,116,118,0,70,,,51,51,0.8152454780361758,66,20784
policy_gss_0.05_fixed,1042,201,101,65,51,,,144,0,0,77,32,,51,51,0.9469320066334992,62,21311
policy_gss_0.05_fixed,1043,201,101,65,51,,,111,0,0,70,60,,51,51,0.7795309168443497,67,20955
policy_gss_0.05_fixed,1044,201,101,65,52,,,135,0,0,70,,,52,52,0.9099705511148507,62,21387
policy_gss_0.05_fixed,1045,201,101,65,54,69,,113,130,0,70,,,54,54,0.8323529411764706,62,20881
policy_gss_0.05_fixed,1046,201,101,65,51,,,140,0,0,70,,,51,51,0.8659194686591947,66,21021
policy_gss_0.05_fixed,1047,201,101,65,51,55,,104,138,0,70,35,24,51,51,0.8272545090180361,62,21138
policy_gss_0.05_fixed,1048,201,101,65,52,132,,85,69,0,70,36,25,52,52,0.8086342880863429,66,21360
policy_gss_0.05_fixed,1049,201,101,65,51,61,,98,136,0,70,25,20,51,51,0.8287132809267688,66,21496
policy_gss_0.05_fixed,1050,201,101,65,51,,,129,0,0,70,73,,51,51,0.8635086310718587,62,21064
policy_gss_0.05_sustained,1001,171,71,65,52,57,,106,114,0,70,100,,52,52,0.9356474258970359,62,18134
policy_gss_0.05_sustained,1002,171,71,65,51,56,,82,105,0,70,43,33,51,51,0.8371828852707308,65,18260
policy_gss_0.05_sustained,1003,171,71,65,52,68,,104,102,0,70,30,,52,52,0.8564260903126206,66,17865
policy_gss_0.05_sustained,1004,171,71,65,51,,,103,0,0,70,,,51,51,0.8114817688130334,66,17607
policy_gss_0.05_sustained,1005,171,71,65,52,,,103,0,0,70,,,52,52,0.8904779826872412,65,17861
policy_gss_0.05_sustained,1006,171,71,65,57,62,,101,104,0,70,,,57,57,0.7482732156561781,67,17515
policy_gss_0.05_sustained,1007,171,71,65,52,61,,106,105,0,70,86,,52,52,0.7842307692307692,67,17871
policy_gss_0.05_sustained,1008,171,71,65,52,55,,82,102,0,70,71,69,52,52,0.7556818181818182,62,17974
policy_gss_0.05_sustained,1009,171,71,65,51,,,111,0,0,70,,,51,51,0.8727544910179641,64,17920
policy_gss_0.05_sustained,1010,171,71,65,53,,,108,0,0,70,75,65,53,53,0.7726574500768049,66,17624
policy_gss_0.05_sustained,1011,171,71,65,51,,,102,0,0,70,20,,51,51,0.7928949357520786,66,17893
policy_gss_0.05_sustained,1012,171,71,65,52,,,99,0,0,70,86,81,52,52,0.7418508804795804,67,17627
policy_gss_0.05_sustained,1013,171,71,65,51,67,,105,104,0,70,,,51,51,0.8422712933753943,67,17825
policy_gss_0.05_sustained,1014,171,71,65,52,68,,102,103,0,70,45,38,52,52,0.7747711898129725,65,18058
policy_gss_0.05_sustained,1015,171,71,65,51,55,,107,115,0,70,,,51,51,0.791151106111736,67,17684
policy_gss_0.05_sustained,1016,171,71,65,51,,,101,0,0,70,,,51,51,0.780884019644881,66,17622
policy_gss_0.05_sustained,1017,171,71,65,51,,,103,0,0,70,29,,51,51,0.7900490011307953,67,17837
policy_gss_0.05_sustained,1018,171,71,65,53,,,111,0,0,70,,,53,53,0.8204833141542003,67,17825
policy_gss_0.05_sustained,1019,171,71,65,52,,,110,0,0,70,,,52,52,0.8014705882352942,67,17631
policy_gss_0.05_sustained,1020,171,71,65,52,,,96,0,0,70,19,9,52,52,0.796440489432703,66,18119
policy_gss_0.05_sustained,1021,171,71,65,51,,,102,0,0,70,,,51,51,0.7544709388971684,66,17658
policy_gss_0.05_sustained,1022,171,71,65,52,,,87,0,0,70,58,53,52,52,0.9216205982582355,62,18459
policy_gss_0.05_sustained,1023,171,71,65,52,,,113,0,0,70,20,60,52,52,0.8124036979969184,67,18174
policy_gss_0.05_sustained,1024,171,71,65,51,,,100,0,0,70,17,4,51,51,0.8250474383301708,66,18056
policy_gss_0.05_sustained,1025,171,71,65,51,69,,103,101,0,70,,,51,51,0.7560600230858022,67,17477
policy_gss_0.05_sustained,1026,171,71,65,57,,,102,0,0,70,,,57,57,0.8144171779141104,67,17832
policy_gss_0.05_sustained,1027,171,71,65,51,57,,110,112,0,70,69,58,51,51,0.9204633204633205,62,18093
policy_gss_0.05_sustained,1028,171,71,65,53,59,,82,108,0,70,19,56,53,53,0.836876691148048,65,18334
policy_gss_0.05_sustained,1029,171,71,65,51,70,,101,101,0,70,78,,51,51,0.8099393019726859,66,17968
policy_gss_0.05_sustained,1030,171,71,65,52,,,111,0,0,70,,,52,52,0.8820333721381451,65,17824
policy_gss_0.05_sustained,1031,171,71,65,51,,,101,0,0,70,,,51,51,0.7913641574321743,67,17574
policy_gss_0.05_sustained,1032,171,71,65,53,,,101,0,0,70,57,,53,53,0.8220599538816296,67,17924
policy_gss_0.05_sustained,1033,171,71,65,51,59,,105,111,0,70,,,51,51,0.8333333333333334,66,17908
policy_gss_0.05_sustained,1034,171,71,65,52,58,,96,109,0,70,35,34,52,52,0.8096321577550246,67,18108
policy_gss_0.05_sustained,1035,171,71,65,57,,,102,0,0,70,68,,57,57,0.7964601769911505,66,17776
policy_gss_0.05_sustained,1036,171,71,65,51,57,,101,108,0,70,,,51,51,0.7791666666666667,67,17547
policy_gss_0.05_sustained,1037,171,71,65,52,56,,101,105,0,70,,,52,52,0.7736703130894003,66,17640
policy_gss_0.05_sustained,1038,171,71,65,51,66,,104,104,0,70,75,,51,51,0.7646833013435701,66,17798
policy_gss_0.05_sustained,1039,171,71,65,52,,,110,0,0,70,75,,52,52,0.764070932922128,67,17824
policy_gss_0.05_sustained,1040,171,71,65,52,,,96,0,0,70,24,19,52,52,0.8295056442195406,66,17972
policy_gss_0.05_sustained,1041,171,71,65,51,,,98,0,0,70,20,9,51,51,0.8119561104805145,66,17939
policy_gss_0.05_sustained,1042,178,78,65,51,,,115,0,0,77,52,46,51,51,0.7920184190330007,66,18561
policy_gss_0.05_sustained,1043,171,71,65,51,,,105,0,0,70,37,,51,51,0.8021978021978022,65,17731
policy_gss_0.05_sustained,1044,171,71,65,52,,,109,0,0,70,,100,52,52,0.9660693861990087,62,18394
policy_gss_0.05_sustained,1045,171,71,65,54,69,,101,101,0,70,,,54,54,0.7822120866590649,67,17526
policy_gss_0.05_sustained,1046,171,71,65,51,,,111,0,0,70,59,90,51,51,0.8416137467314158,62,18084
policy_gss_0.05_sustained,1047,171,71,65,51,55,,101,114,0,70,46,,51,51,0.7808535178777394,66,17758
policy_gss_0.05_sustained,1048,171,71,65,52,,,101,0,0,70,,,52,52,0.804364471669219,65,18028
policy_gss_0.05_sustained,1049,171,71,65,51,61,,83,104,0,70,57,53,51,51,0.9652777777777778,62,18772
policy_gss_0.05_sustained,1050,171,71,65,51,,,107,0,0,70,,,51,51,0.9086021505376344,64,18030
extent_6,1001,600,,NaN,62,62,,0,1,0,11,,,62,62,0.9946393762183235,65,59880
extent_6,1002,600,,NaN,64,65,,0,2,0,11,,,64,64,0.9971590909090909,65,59875
extent_6,1003,600,,NaN,54,54,,0,2,0,12,,,54,54,0.9972014925373134,65,61360
extent_6,1004,600,,NaN,60,60,,0,1,0,11,,,60,60,0.9953703703703703,65,60718
extent_6,1005,600,,NaN,58,58,,0,2,0,11,,,58,58,0.9956855225311602,65,60677
extent_6,1006,600,,NaN,66,66,,0,0,0,11,,,66,66,0.9990333494441759,65,60073
extent_6,1007,600,,NaN,59,59,,0,0,0,11,,,59,59,0.9980573093734822,65,60522
extent_6,1008,600,,NaN,55,55,,0,2,0,10,,,55,55,0.9958563535911602,65,61533
extent_6,1009,600,,NaN,61,61,147,0,4,453,11,,,61,61,0.995119570522206,65,60019
extent_6,1010,600,,NaN,50,50,,0,1,0,11,,,50,50,0.9941060903732809,65,61836
extent_6,1011,600,,NaN,58,58,,0,0,0,10,,,58,58,0.9935675408213755,65,60960
extent_6,1012,600,,NaN,55,56,,0,0,0,11,,,55,55,0.996186844613918,65,61059
extent_6,1013,600,,NaN,55,55,,0,0,0,10,,,55,55,0.9936770428015564,65,61093
extent_6,1014,600,,NaN,55,55,,0,4,0,11,,,55,55,0.9935515873015873,65,60891
extent_6,1015,600,,NaN,64,64,,0,0,0,10,,,64,64,0.9955489614243324,65,59586
extent_6,1016,600,,NaN,61,61,,0,0,0,10,,,61,61,0.994675701839303,65,60429
extent_6,1017,600,,NaN,52,52,,0,2,0,11,,,52,52,0.99373795761079,65,61816
extent_6,1018,600,,NaN,56,56,,0,3,0,11,,,56,56,0.9966587112171837,65,60670
extent_6,1019,600,,NaN,56,56,,0,6,0,11,,,56,56,0.9929906542056075,65,60674
extent_6,1020,600,,NaN,36,36,,0,2,0,10,,,36,36,0.9966297544535387,65,62136
extent_6,1021,600,,NaN,60,61,,0,0,0,11,,,60,60,0.9941888619854722,65,60766
extent_6,1022,600,,NaN,65,65,,0,3,0,11,,,65,65,0.9970282317979198,65,59780
extent_6,1023,600,,NaN,65,65,,0,1,0,10,,,65,65,0.9933837429111532,65,59712
extent_6,1024,600,,NaN,64,64,,0,0,0,11,,,64,64,0.9966981132075472,65,60018
extent_6,1025,600,,NaN,60,60,,0,0,0,11,,,60,60,0.9961704164672092,65,60750
extent_6,1026,600,,NaN,61,61,,0,0,0,12,,,61,61,0.9951456310679612,65,60138
extent_6,1027,600,,NaN,53,54,,0,1,0,11,,,53,53,0.9957507082152974,65,60984
extent_6,1028,600,,NaN,57,57,,0,4,0,11,,,57,57,0.9928263988522238,65,60906
extent_6,1029,600,,NaN,53,54,,0,2,0,11,,,53,53,0.9941662615459407,65,61127
extent_6,1030,600,,NaN,55,56,,0,0,0,11,,,55,55,0.9957825679475164,65,61102
extent_6,1031,600,,NaN,56,56,,0,1,0,10,,,56,56,0.9957163255592575,65,60896
extent_6,1032,600,,NaN,51,51,,0,1,0,11,,,51,51,0.9923111714156491,65,61439
extent_6,1033,600,,NaN,59,59,,0,4,0,10,,,59,59,0.9958041958041958,65,60482
extent_6,1034,600,,NaN,64,65,,0,0,0,11,,,64,64,0.9981566820276497,65,60210
extent_6,1035,600,,NaN,58,58,,0,1,0,10,,,58,58,0.9957825679475164,65,60601
extent_6,1036,600,,NaN,42,42,,0,2,0,11,,,42,42,0.9941491955143832,65,61989
extent_6,1037,600,,NaN,42,42,,0,4,0,11,,,42,42,0.9942720763723151,65,62096
extent_6,1038,600,,NaN,63,63,,0,3,0,10,,,63,63,0.996345363179534,65,60492
extent_6,1039,600,,NaN,59,60,,0,0,0,10,,,59,59,0.9966346153846154,65,60702
extent_6,1040,600,,NaN,59,59,,0,0,0,13,,,59,59,0.996760758907913,65,60970
extent_6,1041,600,,NaN,66,67,,0,1,0,11,,,66,66,0.9962894248608535,65,59882
extent_6,1042,600,,NaN,56,57,,0,0,0,10,,,56,56,0.9957726632221701,65,60430
extent_6,1043,600,,NaN,62,62,,0,5,0,11,,,62,62,0.9965669445806769,65,60164
extent_6,1044,600,,NaN,64,64,,0,0,0,10,,,64,64,0.9928366762177651,65,59856
extent_6,1045,600,,NaN,56,56,,0,2,0,11,,,56,56,0.9962945808244558,65,61031
extent_6,1046,600,,NaN,59,59,,0,0,0,11,,,59,59,0.9962121212121212,65,61101
extent_6,1047,600,,NaN,64,65,,0,2,0,12,,,64,64,0.9952896844088553,65,60076
extent_6,1048,600,,NaN,57,57,,0,1,0,11,,,57,57,0.9943951424567959,65,60950
extent_6,1049,600,,NaN,63,63,,0,0,0,11,,,63,63,0.9939422180801492,65,60377
extent_6,1050,600,,NaN,60,60,,0,5,0,11,,,60,60,0.996588693957115,65,60813
extent_7,1001,600,,NaN,52,52,,0,1,0,12,,,52,52,0.9941520467836257,65,61677
extent_7,1002,600,,NaN,62,62,,0,1,0,11,,,62,62,0.9957627118644068,65,60199
extent_7,1003,600,,NaN,59,60,,0,0,0,10,,,59,59,0.995136186770428,65,60520
extent_7,1004,600,,NaN,30,30,,0,1,0,11,,,30,30,0.99667616334283,65,62719
extent_7,1005,600,,NaN,58,58,131,0,2,469,10,,,58,58,0.9938417811463761,65,60458
extent_7,1006,600,,NaN,61,62,,0,2,0,12,,,61,61,0.9976076555023924,65,60307
extent_7,1007,600,,NaN,53,54,,0,1,0,11,,,53,53,0.9951946179721288,65,61623
extent_7,1008,600,,NaN,57,57,,0,1,0,10,,,57,57,0.9962773382968823,65,61055
extent_7,1009,600,,NaN,55,55,,0,0,0,11,,,55,55,0.9971278123504069,65,60754
extent_7,1010,600,,NaN,51,52,,0,1,0,11,,,51,51,0.9938534278959811,65,61478
extent_7,1011,600,,NaN,61,61,,0,0,0,10,,,61,61,0.9965953307392996,65,60333
extent_7,1012,600,,NaN,56,57,,0,0,0,10,,,56,56,0.9947089947089947,65,61060
extent_7,1013,600,,NaN,49,50,130,0,1,470,11,,,49,49,0.9971617786187322,65,61844
extent_7,1014,600,,NaN,60,61,,0,0,0,12,,,60,60,0.9962049335863378,65,60096
extent_7,1015,600,,NaN,45,45,,0,1,0,10,,,45,45,0.9961649089165868,65,62026
extent_7,1016,600,,NaN,56,56,,0,1,0,10,,,56,56,0.995697896749522,65,61014
extent_7,1017,600,,NaN,58,59,,0,0,0,11,,,58,58,0.993740972556572,65,60717
extent_7,1018,600,,NaN,63,63,,0,2,0,12,,,63,63,0.9972235076353541,65,59992
extent_7,1019,600,,NaN,60,60,,0,2,0,11,,,60,60,0.9930875576036866,65,60442
extent_7,1020,600,,NaN,57,58,234,0,0,366,10,,,57,57,0.995722433460076,65,60915
extent_7,1021,600,,NaN,59,60,195,0,2,405,11,,,59,59,0.998158379373849,65,60342
extent_7,1022,600,,NaN,62,62,,0,2,0,11,,,62,62,0.9957507082152974,65,60197
extent_7,1023,600,,NaN,61,61,,0,1,0,11,,,61,61,0.9966199903428296,65,60490
extent_7,1024,600,,NaN,63,63,229,0,0,371,12,,,63,63,0.9948429442100328,65,60302
extent_7,1025,600,,NaN,56,56,,0,1,0,10,,,56,56,0.9946885562530179,65,60982
extent_7,1026,600,,NaN,49,49,,0,1,0,12,,,49,49,0.99618138424821,65,61838
extent_7,1027,600,,NaN,57,57,,0,1,0,12,,,57,57,0.9957507082152974,65,60943
extent_7,1028,600,,NaN,57,58,,0,0,0,11,,,57,57,0.994328922495274,65,61030
extent_7,1029,600,,NaN,52,52,,0,0,0,10,,,52,52,0.9927675988428158,65,61131
extent_7,1030,600,,NaN,54,54,,0,0,0,10,,,54,54,0.9939759036144579,65,61345
extent_7,1031,600,,NaN,54,54,,0,0,0,10,,,54,54,0.9936274509803922,65,60860
extent_7,1032,600,,NaN,59,59,306,0,0,294,10,,,59,59,0.9970660146699266,65,60584
extent_7,1033,600,,NaN,56,56,,0,0,0,11,,,56,56,0.9939081537019682,65,60564
extent_7,1034,600,,NaN,54,54,,0,0,0,11,,,54,54,0.9957627118644068,65,60994
extent_7,1035,600,,NaN,56,56,,0,1,0,12,,,56,56,0.9981264637002342,65,61175
extent_7,1036,600,,NaN,55,55,,0,0,0,11,,,55,55,0.9970873786407767,65,61185
extent_7,1037,600,,NaN,54,55,,0,0,0,12,,,54,54,0.9967577582213988,65,61498
extent_7,1038,600,,NaN,54,54,,0,2,0,11,,,54,54,0.9951807228915662,65,61464
extent_7,1039,600,,NaN,65,66,,0,1,0,11,,,65,65,0.9957963568425969,65,59971
extent_7,1040,600,,NaN,58,58,,0,0,0,11,,,58,58,0.9967350746268657,65,60694
extent_7,1041,600,,NaN,38,39,,0,2,0,11,,,38,38,0.9941662615459407,65,62216
extent_7,1042,600,,NaN,58,58,,0,1,0,11,,,58,58,0.9967472118959108,65,60724
extent_7,1043,600,,NaN,56,56,,0,0,0,12,,,56,56,0.9933680720037896,65,60905
extent_7,1044,600,,NaN,53,53,57,0,0,543,10,,,53,53,0.9952830188679245,65,60992
extent_7,1045,600,,NaN,57,57,,0,0,0,12,,,57,57,0.995766698024459,65,60897
extent_7,1046,600,,NaN,66,67,,0,0,0,11,,,66,66,0.9937258687258688,65,59758
extent_7,1047,600,,NaN,65,66,,0,0,0,11,,,65,65,0.9953183520599251,65,59716
extent_7,1048,600,,NaN,62,62,,0,2,0,11,,,62,62,0.9953336444237051,65,60128
extent_7,1049,600,,NaN,60,60,,0,1,0,10,,,60,60,0.995159728944821,65,59950
extent_7,1050,600,,NaN,55,56,374,0,0,226,11,,,55,55,0.9975417895771878,65,61053
extent_8,1001,600,,NaN,57,57,,0,1,0,11,,,57,57,0.9967456996745699,65,60599
extent_8,1002,600,,NaN,61,62,455,0,1,144,11,,,61,61,0.9924206537186168,65,60223
extent_8,1003,600,,NaN,53,53,,0,1,0,10,,,53,53,0.9980685659101883,65,61144
extent_8,1004,600,,NaN,54,54,,0,0,0,11,,,54,54,0.9976503759398496,65,61228
extent_8,1005,600,,NaN,64,65,,0,0,0,11,,,64,64,0.9952107279693486,65,60009
extent_8,1006,600,,NaN,54,54,,0,1,0,10,,,54,54,0.9971333014811276,65,61016
extent_8,1007,600,,NaN,55,55,,0,1,0,11,,,55,55,0.9957567185289957,65,60803
extent_8,1008,600,,NaN,56,57,,0,0,0,12,,,56,56,0.9961850262279447,65,61234
extent_8,1009,600,,NaN,40,40,,0,1,0,11,,,40,40,0.9976110845676063,65,62075
extent_8,1010,600,,NaN,52,52,,0,0,0,11,,,52,52,0.9967027790861988,65,61093
extent_8,1011,600,,NaN,53,53,,0,0,0,10,,,53,53,0.9966523194643712,65,61664
extent_8,1012,600,,NaN,54,55,97,0,0,503,11,,,54,54,0.9966981132075472,65,61450
extent_8,1013,600,,NaN,46,47,,0,0,0,11,,,46,46,0.9948356807511737,65,62240
extent_8,1014,600,,NaN,63,64,,0,1,0,10,,,63,63,0.9957607159679699,65,59266
extent_8,1015,600,,NaN,58,58,,0,0,0,11,,,58,58,0.9938592347661785,65,60217
extent_8,1016,600,,NaN,56,56,,0,0,0,11,,,56,56,0.995722433460076,65,60767
extent_8,1017,600,,NaN,59,59,,0,0,0,10,,,59,59,0.993905297702766,65,60564
extent_8,1018,600,,NaN,53,53,,0,0,0,10,,,53,53,0.9966650786088613,65,61229
extent_8,1019,600,,NaN,55,55,,0,0,0,12,,,55,55,0.9937888198757764,65,60639
extent_8,1020,600,,NaN,57,57,,0,1,0,12,,,57,57,0.9933774834437086,65,60692
extent_8,1021,600,,NaN,52,52,,0,1,0,10,,,52,52,0.9976969138645785,65,61513
extent_8,1022,600,,NaN,59,59,438,0,0,162,11,,,59,59,0.9972260748959778,65,60806
extent_8,1023,600,,NaN,69,70,200,0,0,400,11,,,69,69,0.9967816091954023,65,59230
extent_8,1024,600,,NaN,59,59,385,0,1,215,10,,,59,59,0.9947643979057592,65,60614
extent_8,1025,600,,NaN,66,66,,0,0,0,11,,,66,66,0.9958002799813346,65,59607
extent_8,1026,600,,NaN,61,62,,0,0,0,12,,,61,61,0.9953007518796992,65,60120
extent_8,1027,600,,NaN,54,54,,0,0,0,11,,,54,54,0.9962370649106302,65,61474
extent_8,1028,600,,NaN,59,60,149,0,1,450,11,,,59,59,0.9952941176470588,65,60757
extent_8,1029,600,,NaN,43,44,,0,1,0,11,,,43,43,0.9971896955503513,65,61894
extent_8,1030,600,,NaN,54,54,,0,0,0,10,,,54,54,0.9943609022556391,65,61120
extent_8,1031,600,,NaN,59,59,238,0,1,362,11,,,59,59,0.9958139534883721,65,60443
extent_8,1032,600,,NaN,43,43,,0,2,0,10,,,43,43,0.9956416464891041,65,62100
extent_8,1033,600,,NaN,62,62,,0,1,0,12,,,62,62,0.9947693770803614,65,60248
extent_8,1034,600,,NaN,46,47,,0,0,0,11,,,46,46,0.9967532467532467,65,62094
extent_8,1035,600,,NaN,62,62,,0,2,0,11,,,62,62,0.9957924263674615,65,60026
extent_8,1036,600,,NaN,51,51,,0,0,0,10,,,51,51,0.9985576923076923,65,61696
extent_8,1037,600,,NaN,60,61,,0,0,0,11,,,60,60,0.9973238180196253,65,59890
extent_8,1038,600,,NaN,59,59,145,0,1,455,12,,,59,59,0.9971333014811276,65,60288
extent_8,1039,600,,NaN,63,64,,0,0,0,11,,,63,63,0.9924953095684803,65,60318
extent_8,1040,600,,NaN,53,53,,0,3,0,11,,,53,53,0.9962546816479401,65,61424
extent_8,1041,600,,NaN,52,52,,0,0,0,11,,,52,52,0.9943396226415094,65,61286
extent_8,1042,600,,NaN,57,57,,0,0,0,11,,,57,57,0.9975868725868726,65,60644
extent_8,1043,600,,NaN,33,33,77,0,1,522,10,,,33,33,0.9948259642521167,65,62873
extent_8,1044,600,,NaN,60,60,,0,0,0,11,,,60,60,0.9971469329529244,65,60906
extent_8,1045,600,,NaN,32,33,,0,1,0,10,,,32,32,0.9937046004842615,65,62510
extent_8,1046,600,,NaN,52,53,,0,0,0,11,,,52,52,0.997589199614272,65,61027
extent_8,1047,600,,NaN,56,56,,0,1,0,10,,,56,56,0.9943820224719101,65,60867
extent_8,1048,600,,NaN,61,61,,0,1,0,11,,,61,61,0.9976503759398496,65,60417
extent_8,1049,600,,NaN,61,62,,0,0,0,11,,,61,61,0.9966682532127559,65,59996
extent_8,1050,600,,NaN,49,49,,0,0,0,11,,,49,49,0.9957507082152974,65,61570
extent_9,1001,600,,NaN,58,58,447,0,0,153,12,,,58,58,0.9971250598945856,65,60744
extent_9,1002,600,,NaN,61,62,202,0,0,398,12,,,61,61,0.9953117674636662,65,59844
extent_9,1003,600,,NaN,56,56,,0,0,0,11,,,56,56,0.9952516619183286,65,60944
extent_9,1004,600,,NaN,54,55,,0,0,0,11,,,54,54,0.9962859795728877,65,61224
extent_9,1005,600,,NaN,54,54,,0,0,0,12,,,54,54,0.9976403964134025,65,60933
extent_9,1006,600,,NaN,54,55,,0,0,0,10,,,54,54,0.9942112879884226,65,60674
extent_9,1007,600,,NaN,54,54,,0,0,0,11,,,54,54,0.9966134494436382,65,60702
extent_9,1008,600,,NaN,61,61,,0,0,0,10,,,61,61,0.9966682532127559,65,59975
extent_9,1009,600,,NaN,56,56,,0,1,0,11,,,56,56,0.9980778471888515,65,60375
extent_9,1010,600,,NaN,49,49,,0,0,0,10,,,49,49,0.9950738916256158,65,61753
extent_9,1011,600,,NaN,55,55,,0,0,0,10,,,55,55,0.9952539155196962,65,60895
extent_9,1012,600,,NaN,58,58,,0,0,0,10,,,58,58,0.9961722488038277,65,60417
extent_9,1013,600,,NaN,49,49,,0,0,0,11,,,49,49,0.9957122439256789,65,61815
extent_9,1014,600,,NaN,56,57,,0,0,0,11,,,56,56,0.9953596287703016,65,60101
extent_9,1015,600,,NaN,56,56,,0,0,0,11,,,56,56,0.9966297544535387,65,60939
extent_9,1016,600,,NaN,50,50,,0,0,0,10,,,50,50,0.9957487009919698,65,61523
extent_9,1017,600,,NaN,50,50,,0,0,0,10,,,50,50,0.997184420459878,65,61347
extent_9,1018,600,,NaN,58,58,,0,0,0,11,,,58,58,0.9980778471888515,65,60377
extent_9,1019,600,,NaN,57,57,,0,0,0,11,,,57,57,0.9961240310077519,65,60599
extent_9,1020,600,,NaN,51,51,72,0,1,528,11,,,51,51,0.9952107279693486,65,61298
extent_9,1021,600,,NaN,59,59,318,0,1,282,12,,,59,59,0.9953423381462506,65,60310
extent_9,1022,600,,NaN,54,54,,0,0,0,10,,,54,54,0.996588693957115,65,60941
extent_9,1023,600,,NaN,57,57,,0,0,0,11,,,57,57,0.9971223021582734,65,61227
extent_9,1024,600,,NaN,66,66,,0,0,0,12,,,66,66,0.9972067039106145,65,59733
extent_9,1025,600,,NaN,58,58,,0,0,0,11,,,58,58,0.9943846513804399,65,60531
extent_9,1026,600,,NaN,43,44,,0,1,0,11,,,43,43,0.9957426679280984,65,62298
extent_9,1027,600,,NaN,59,59,,0,0,0,12,,,59,59,0.9913544668587896,65,60324
extent_9,1028,600,,NaN,55,55,,0,0,0,11,,,55,55,0.9963235294117647,65,61105
extent_9,1029,600,,NaN,40,40,,0,1,0,10,,,40,40,0.9952561669829222,65,62060
extent_9,1030,600,,NaN,39,39,43,0,2,557,11,,,39,39,0.9953596287703016,65,61984
extent_9,1031,600,,NaN,58,58,,0,0,0,12,,,58,58,0.9971830985915493,65,60332
extent_9,1032,600,,NaN,40,40,,0,1,0,12,,,40,40,0.9981158737635422,65,62215
extent_9,1033,600,,NaN,55,55,,0,0,0,10,,,55,55,0.99712368168744,65,60735
extent_9,1034,600,,NaN,63,63,,0,0,0,11,,,63,63,0.9952852428099953,65,59887
extent_9,1035,600,,NaN,56,56,,0,0,0,11,,,56,56,0.9962049335863378,65,60886
extent_9,1036,600,,NaN,55,55,,0,0,0,10,,,55,55,0.9966981132075472,65,61313
extent_9,1037,600,,NaN,52,52,,0,0,0,12,,,52,52,0.9980741454020221,65,61087
extent_9,1038,600,,NaN,59,59,,0,1,0,12,,,59,59,0.9930394431554525,65,60777
extent_9,1039,600,,NaN,54,55,,0,0,0,10,,,54,54,0.9942501197891711,65,60846
extent_9,1040,600,,NaN,46,47,,0,0,0,11,,,46,46,0.997196261682243,65,62121
extent_9,1041,600,,NaN,60,60,,0,2,0,10,,,60,60,0.9971112181030333,65,60384
extent_9,1042,600,,NaN,53,53,,0,0,0,11,,,53,53,0.9971698113207547,65,61194
extent_9,1043,600,,NaN,58,58,,0,0,0,11,,,58,58,0.996203132415757,65,60615
extent_9,1044,600,,NaN,56,56,,0,0,0,11,,,56,56,0.9966808914177335,65,60834
extent_9,1045,600,,NaN,33,33,,0,1,0,11,,,33,33,0.9971278123504069,65,62326
extent_9,1046,600,,NaN,55,55,337,0,1,263,10,,,55,55,0.9947267497603068,65,61009
extent_9,1047,600,,NaN,55,56,,0,0,0,10,,,55,55,0.9947941315664931,65,61026
extent_9,1048,600,,NaN,62,63,286,0,0,314,12,,,62,62,0.9971764705882353,65,60148
extent_9,1049,600,,NaN,55,56,,0,0,0,10,,,55,55,0.9919201520912547,65,60928
extent_9,1050,600,,NaN,38,38,61,0,1,539,12,,,38,38,0.9970515970515971,65,62167
extent_10,1001,600,,NaN,47,48,336,0,0,264,11,,,47,47,0.9966507177033492,65,61742
extent_10,1002,600,,NaN,48,48,450,0,0,150,10,,,48,48,0.9981785063752276,65,61530
extent_10,1003,600,,NaN,45,47,,0,0,0,12,,,45,45,0.9957203994293866,65,61471
extent_10,1004,600,,NaN,56,56,,0,0,0,10,,,56,56,0.9975868725868726,65,60162
extent_10,1005,600,,NaN,61,61,,0,0,0,10,,,61,61,0.9976235741444867,65,60177
extent_10,1006,600,,NaN,56,56,,0,0,0,10,,,56,56,0.99537251272559,65,60837
extent_10,1007,600,,NaN,44,44,,0,1,0,11,,,44,44,0.9961685823754789,65,61883
extent_10,1008,600,,NaN,37,38,,0,2,0,10,,,37,37,0.99667616334283,65,62083
extent_10,1009,600,,NaN,55,56,,0,0,0,10,,,55,55,0.995764705882353,65,60637
extent_10,1010,600,,NaN,36,36,,0,1,0,11,,,36,36,0.9971777986829727,65,62107
extent_10,1011,600,,NaN,55,55,,0,0,0,10,,,55,55,0.9958294717330862,65,60946
extent_10,1012,600,,NaN,49,49,,0,0,0,11,,,49,49,0.9986059479553904,65,61701
extent_10,1013,600,,NaN,58,58,,0,0,0,11,,,58,58,0.9931972789115646,65,60290
extent_10,1014,600,,NaN,58,58,310,0,0,289,10,,,58,58,0.994277539341917,65,60207
extent_10,1015,600,,NaN,56,57,,0,0,0,11,,,56,56,0.9943741209563994,65,60315
extent_10,1016,600,,NaN,45,47,,0,0,0,11,,,45,45,0.9958022388059702,65,62187
extent_10,1017,600,,NaN,56,56,,0,0,0,11,,,56,56,0.997624703087886,65,60594
extent_10,1018,600,,NaN,60,60,,0,0,0,11,,,60,60,0.9942857142857143,65,60540
extent_10,1019,600,,NaN,54,54,,0,0,0,11,,,54,54,0.996298010180472,65,61072
extent_10,1020,600,,NaN,52,52,,0,0,0,12,,,52,52,0.9952153110047847,65,61145
extent_10,1021,600,,NaN,49,49,,0,0,0,10,,,49,49,0.9985569985569985,65,61866
extent_10,1022,600,,NaN,53,53,,0,0,0,11,,,53,53,0.9966329966329966,65,61184
extent_10,1023,600,,NaN,55,55,64,0,0,536,10,,,55,55,0.9967502321262767,65,61107
extent_10,1024,600,,NaN,38,38,,0,1,0,11,,,38,38,0.9951714147754708,65,62360
extent_10,1025,600,,NaN,54,54,,0,0,0,11,,,54,54,0.9972080037226617,65,60931
extent_10,1026,600,,NaN,62,63,457,0,0,143,10,,,62,62,0.9971975712283979,65,59875
extent_10,1027,600,,NaN,54,55,,0,1,0,11,,,54,54,0.9966313763233878,65,60740
extent_10,1028,600,,NaN,60,61,397,0,0,203,11,,,60,60,0.9980411361410382,65,60102
extent_10,1029,600,,NaN,44,45,,0,2,0,11,,,44,44,0.9970660146699266,65,61572
extent_10,1030,600,,NaN,57,57,,0,0,0,10,,,57,57,0.9936893203883496,65,60397
extent_10,1031,600,,NaN,40,40,,0,2,0,10,,,40,40,0.9943127962085309,65,62235
extent_10,1032,600,,NaN,54,54,,0,0,0,11,,,54,54,0.9946705426356589,65,60954
extent_10,1033,600,,NaN,58,59,236,0,0,364,11,,,58,58,0.9943127962085309,65,60479
extent_10,1034,600,,NaN,55,55,,0,0,0,11,,,55,55,0.994280266920877,65,61040
extent_10,1035,600,,NaN,59,59,220,0,0,380,11,,,59,59,0.9961904761904762,65,60429
extent_10,1036,600,,NaN,42,42,,0,2,0,10,,,42,42,0.994328922495274,65,62241
extent_10,1037,600,,NaN,58,58,,0,0,0,11,,,58,58,0.99530736743313,65,60057
extent_10,1038,600,,NaN,61,61,,0,0,0,10,,,61,61,0.9951737451737451,65,59729
extent_10,1039,600,,NaN,46,47,,0,0,0,11,,,46,46,0.9938242280285036,65,62130
extent_10,1040,600,,NaN,63,63,,0,0,0,10,,,63,63,0.9981464318813716,65,59991
extent_10,1041,600,,NaN,52,53,,0,0,0,10,,,52,52,0.9967562557924003,65,61035
extent_10,1042,600,,NaN,42,43,,0,2,0,10,,,42,42,0.9971910112359551,65,62188
extent_10,1043,600,,NaN,55,55,,0,0,0,11,,,55,55,0.9966871746332229,65,60474
extent_10,1044,600,,NaN,60,60,,0,0,0,11,,,60,60,0.9952380952380953,65,60187
extent_10,1045,600,,NaN,53,53,,0,0,0,10,,,53,53,0.9961685823754789,65,61208
extent_10,1046,600,,NaN,61,61,,0,0,0,11,,,61,61,0.9971857410881801,65,60048
extent_10,1047,600,,NaN,55,56,,0,0,0,11,,,55,55,0.9967027790861988,65,60606
extent_10,1048,600,,NaN,56,56,517,0,0,83,11,,,56,56,0.997534516765286,65,60594
extent_10,1049,600,,NaN,63,63,502,0,0,98,12,,,63,63,0.9952267303102625,65,59579
extent_10,1050,600,,NaN,52,52,171,0,0,429,11,,,52,52,0.9957805907172996,65,61307
cohort-source_200,1001,20,,NaN,20,,,0,0,0,11,,,20,20,0.9707750952986023,65,3778
cohort-source_200,1002,21,,NaN,21,21,,0,0,0,11,,,21,21,0.9968264043160902,65,4004
cohort-source_200,1003,17,,NaN,17,,,0,0,0,11,,,17,17,0.9809123261080557,65,3398
cohort-source_200,1004,17,,NaN,17,17,,0,0,0,10,,,17,17,0.9955399808856323,65,3652
cohort-source_200,1005,21,,NaN,21,21,,0,0,0,11,,,21,21,0.9958664546899841,65,4037
cohort-source_200,1006,13,,NaN,13,,,0,0,0,11,,,13,13,0.9661713563073032,65,3186
cohort-source_200,1007,13,,NaN,13,,,0,0,0,11,,,13,13,0.980244590780809,65,3358
cohort-source_200,1008,17,,NaN,17,17,,0,0,0,11,,,17,17,0.9987208186760473,65,3797
cohort-source_200,1009,18,,NaN,18,18,,0,0,0,11,,,18,18,0.9952244508118434,65,3688
cohort-source_200,1010,18,,NaN,18,18,,0,0,0,11,,,18,18,0.9948701506893235,65,3792
cohort-source_200,1011,19,,NaN,19,19,,0,0,0,10,,,19,19,0.9936427209154481,65,3680
cohort-source_200,1012,14,,NaN,14,,,0,0,0,11,,,14,14,0.9586750788643533,65,3291
cohort-source_200,1013,17,,NaN,17,17,,0,0,0,10,,,17,17,0.9966080789392537,65,3725
cohort-source_200,1014,12,,NaN,12,12,,0,0,0,11,,,12,12,0.9926891290527654,65,3239
cohort-source_200,1015,19,,NaN,19,19,,0,0,0,11,,,19,19,0.9941991621011924,65,3899
cohort-source_200,1016,17,,NaN,17,17,,0,0,0,11,,,17,17,0.9948734380006409,65,3660
cohort-source_200,1017,18,,NaN,18,18,,0,0,0,11,,,18,18,0.9974481658692185,65,3810
cohort-source_200,1018,14,,NaN,14,,,0,0,0,11,,,14,14,0.9868673926969891,65,3294
cohort-source_200,1019,18,,NaN,18,18,,0,0,0,11,,,18,18,0.9918571875978703,65,3817
cohort-source_200,1020,16,,NaN,16,,,0,0,0,10,,,16,16,0.9878903760356915,65,3605
cohort-source_200,1021,17,,NaN,17,17,,0,0,0,11,,,17,17,0.9924762839385018,65,3642
cohort-source_200,1022,16,,NaN,16,16,,0,0,0,11,,,16,16,0.997748472177549,65,3505
cohort-source_200,1023,15,,NaN,15,,,0,0,0,10,,,15,15,0.984757065735154,65,3369
cohort-source_200,1024,19,,NaN,19,19,,0,0,0,11,,,19,19,0.994343180389692,65,3884
cohort-source_200,1025,14,,NaN,14,14,,0,0,0,11,,,14,14,0.9903784477228993,65,3404
cohort-source_200,1026,18,,NaN,18,,,0,0,0,10,,,18,18,0.977741935483871,65,3803
cohort-source_200,1027,17,,NaN,17,,,0,0,0,11,,,17,17,0.986812479897073,65,3495
cohort-source_200,1028,14,,NaN,14,,,0,0,0,11,,,14,14,0.9881448253764819,65,3238
cohort-source_200,1029,14,,NaN,14,,,0,0,0,10,,,14,14,0.9826910516002613,65,3355
cohort-source_200,1030,14,,NaN,14,,,0,0,0,10,,,14,14,0.9732057416267943,65,3133
cohort-source_200,1031,16,,NaN,16,16,,0,0,0,10,,,16,16,0.991130820399113,65,3579
cohort-source_200,1032,20,,NaN,20,,,0,0,0,11,,,20,20,0.9627980922098569,65,3721
cohort-source_200,1033,19,,NaN,19,19,,0,0,0,11,,,19,19,0.9962097283638661,65,3958
cohort-source_200,1034,15,,NaN,15,15,,0,0,0,10,,,15,15,0.9933920704845814,65,3557
cohort-source_200,1035,16,,NaN,16,,,0,0,0,10,,,16,16,0.96416,65,3354
cohort-source_200,1036,23,,NaN,23,,,0,0,0,11,,,23,23,0.9773085408131106,65,3748
cohort-source_200,1037,12,,NaN,12,,,0,0,0,10,,,12,12,0.9591836734693877,65,3080
cohort-source_200,1038,15,,NaN,15,15,,0,0,0,10,,,15,15,0.9933774834437086,65,3359
cohort-source_200,1039,19,,NaN,19,19,,0,0,0,10,,,19,19,0.9955625990491284,65,3672
cohort-source_200,1040,23,,NaN,23,23,,0,0,0,10,,,23,23,0.9975414874001229,65,4075
cohort-source_200,1041,11,,NaN,11,,,0,0,0,10,,,11,11,0.9794693619709413,65,3131
cohort-source_200,1042,17,,NaN,17,,,0,0,0,11,,,17,17,0.9875279820914614,65,3584
cohort-source_200,1043,17,,NaN,17,,,0,0,0,10,,,17,17,0.989321608040201,65,3814
cohort-source_200,1044,20,,NaN,20,20,,0,0,0,11,,,20,20,0.9970995810505962,65,3696
cohort-source_200,1045,13,,NaN,13,13,,0,0,0,11,,,13,13,0.9946574481458202,65,3338
cohort-source_200,1046,14,,NaN,14,,,0,0,0,10,,,14,14,0.9847352024922118,65,3443
cohort-source_200,1047,16,,NaN,16,16,,0,0,0,10,,,16,16,0.9958132045088567,65,3585
cohort-source_200,1048,18,,NaN,18,18,,0,0,0,10,,,18,18,0.9913489266260814,65,3780
cohort-source_200,1049,13,,NaN,13,,,0,0,0,11,,,13,13,0.9628335451080051,65,3251
cohort-source_200,1050,19,,NaN,19,,,0,0,0,10,,,19,19,0.9603898145237346,65,3523
cohort-source_300,1001,16,,NaN,16,16,,0,0,0,11,,,16,16,0.9965906669507778,65,5390
cohort-source_300,1002,15,,NaN,15,,,0,0,0,10,,,15,15,0.9814380200554725,65,5239
cohort-source_300,1003,17,,NaN,17,,,0,0,0,11,,,17,17,0.9834866220735786,65,5386
cohort-source_300,1004,18,,NaN,18,18,,0,0,0,10,,,18,18,0.9906183368869936,65,5432
cohort-source_300,1005,15,,NaN,15,15,,0,0,0,11,,,15,15,0.9974581656428723,65,5341
cohort-source_300,1006,16,,NaN,16,16,,0,0,0,10,,,16,16,0.9953615854944128,65,5368
cohort-source_300,1007,18,,NaN,18,18,,0,0,0,10,,,18,18,0.9966534197866556,65,5680
cohort-source_300,1008,13,,NaN,13,13,,0,0,0,10,,,13,13,0.9919814306815784,65,5001
cohort-source_300,1009,18,,NaN,18,18,,0,0,0,10,,,18,18,0.9970250743731407,65,5705
cohort-source_300,1010,16,,NaN,16,,,0,0,0,11,,,16,16,0.969542066027689,65,5254
cohort-source_300,1011,19,,NaN,19,,,0,0,0,11,,,19,19,0.9689480354879595,65,5753
cohort-source_300,1012,14,,NaN,14,,,0,0,0,11,,,14,14,0.9863452101557499,65,5121
cohort-source_300,1013,16,,NaN,16,16,,0,0,0,11,,,16,16,0.9958411312123102,65,5511
cohort-source_300,1014,16,,NaN,16,16,,0,0,0,10,,,16,16,0.9904357066950054,65,5345
cohort-source_300,1015,19,,NaN,19,,,0,0,0,11,,,19,19,0.9851127179923437,65,5649
cohort-source_300,1016,15,,NaN,15,,,0,0,0,11,,,15,15,0.9884186144451463,65,5190
cohort-source_300,1017,16,,NaN,16,16,,0,0,0,11,,,16,16,0.9970098248611704,65,4976
cohort-source_300,1018,15,,NaN,15,15,,0,0,0,10,,,15,15,0.9953300785395882,65,5402
cohort-source_300,1019,16,,NaN,16,16,,0,0,0,10,,,16,16,0.9957965531736024,65,5437
cohort-source_300,1020,11,,NaN,11,11,,0,0,0,11,,,11,11,0.9907834101382489,65,4681
cohort-source_300,1021,13,,NaN,13,13,,0,0,0,10,,,13,13,0.9966080135679457,65,5144
cohort-source_300,1022,13,,NaN,13,13,,0,0,0,11,,,13,13,0.9961718417694598,65,5055
cohort-source_300,1023,15,,NaN,15,,,0,0,0,10,,,15,15,0.9670684459750323,65,4798
cohort-source_300,1024,15,,NaN,15,,,0,0,0,10,,,15,15,0.9889573157782969,65,5004
cohort-source_300,1025,14,,NaN,14,14,,0,0,0,10,,,14,14,0.9907646048109966,65,5034
cohort-source_300,1026,15,,NaN,15,,,0,0,0,10,,,15,15,0.9844733529164919,65,5116
cohort-source_300,1027,12,,NaN,12,,,0,0,0,10,,,12,12,0.988479262672811,65,4912
cohort-source_300,1028,17,,NaN,17,,,0,0,0,10,,,17,17,0.9870350690754517,65,5454
cohort-source_300,1029,15,,NaN,15,,,0,0,0,10,,,15,15,0.9735785246248151,65,5052
cohort-source_300,1030,14,,NaN,14,,,0,0,0,10,,,14,14,0.9533024821203198,65,4826
cohort-source_300,1031,15,,NaN,15,,,0,0,0,10,,,15,15,0.979431721798134,65,5165
cohort-source_300,1032,16,,NaN,16,16,,0,0,0,10,,,16,16,0.9929846938775511,65,5412
cohort-source_300,1033,17,,NaN,17,17,,0,0,0,11,,,17,17,0.9961977186311787,65,5703
cohort-source_300,1034,15,,NaN,15,15,,0,0,0,11,,,15,15,0.9964285714285714,65,5438
cohort-source_300,1035,19,,NaN,19,,,0,0,0,10,,,19,19,0.9887664264518864,65,5756
cohort-source_300,1036,17,,NaN,17,,,0,0,0,10,,,17,17,0.9726661059714046,65,5269
cohort-source_300,1037,15,,NaN,15,15,,0,0,0,10,,,15,15,0.9934846574190836,65,5193
cohort-source_300,1038,17,,NaN,17,,,0,0,0,10,,,17,17,0.9852469531751122,65,5259
cohort-source_300,1039,13,,NaN,13,13,,0,0,0,10,,,13,13,0.9938376540586485,65,5118
cohort-source_300,1040,20,,NaN,20,,,0,0,0,10,,,20,20,0.964542000844238,65,5838
cohort-source_300,1041,16,,NaN,16,16,,0,0,0,10,,,16,16,0.9959881756756757,65,5140
cohort-source_300,1042,18,,NaN,18,18,,0,0,0,11,,,18,18,0.9967941867920496,65,5419
cohort-source_300,1043,16,,NaN,16,16,,0,0,0,10,,,16,16,0.9955128205128205,65,5444
cohort-source_300,1044,18,,NaN,18,18,,0,0,0,10,,,18,18,0.9967700258397932,65,5571
cohort-source_300,1045,16,,NaN,16,,,0,0,0,10,,,16,16,0.9779828056196268,65,5079
cohort-source_300,1046,15,,NaN,15,,,0,0,0,10,,,15,15,0.9749326703956909,65,5226
cohort-source_300,1047,18,,NaN,18,18,,0,0,0,10,,,18,18,0.995143581081081,65,5320
cohort-source_300,1048,16,,NaN,16,16,,0,0,0,11,,,16,16,0.9923453115032957,65,5348
cohort-source_300,1049,16,,NaN,16,,,0,0,0,10,,,16,16,0.9814697831122342,65,5250
cohort-source_300,1050,16,,NaN,16,16,,0,0,0,10,,,16,16,0.9976719576719577,65,5324
groups-source_0.05,1001,600,,NaN,56,56,,0,0,0,11,,,56,23,0.9945972495088409,65,61843
groups-source_0.05,1002,600,,NaN,65,66,,0,5,0,12,,,66,25,0.99487895716946,65,60902
groups-source_0.05,1003,600,,NaN,60,60,,0,4,0,10,,,60,17,0.9943449575871819,65,61693
groups-source_0.05,1004,600,,NaN,68,68,,0,1,0,10,,,68,19,0.9967136150234742,65,61266
groups-source_0.05,1005,600,,NaN,69,69,,0,0,0,11,,,69,19,0.9952963311382879,65,61098
groups-source_0.05,1006,600,,NaN,67,67,,0,4,0,10,,,67,25,0.9909867172675522,65,60918
groups-source_0.05,1007,600,,NaN,64,64,,0,4,0,11,,,64,25,0.997545409916544,65,61670
groups-source_0.05,1008,600,,NaN,67,67,,0,0,0,11,,,67,26,0.9932465026531597,65,60962
groups-source_0.05,1009,600,,NaN,61,61,,0,1,0,11,,,61,19,0.9958256029684601,65,61381
groups-source_0.05,1010,600,,NaN,70,71,,0,2,0,11,,,70,40,0.992867332382311,65,60712
groups-source_0.05,1011,600,,NaN,61,62,,0,3,0,10,,,61,20,0.9943899018232819,65,61649
groups-source_0.05,1012,600,,NaN,66,66,,0,6,0,10,,,66,14,0.9975393700787402,65,61250
groups-source_0.05,1013,600,,NaN,73,74,,0,0,0,11,,,73,21,0.9943181818181818,65,61064
groups-source_0.05,1014,600,,NaN,63,63,,0,1,0,11,,,63,44,0.9943235572374646,65,61064
groups-source_0.05,1015,600,,NaN,67,67,,0,4,0,11,,,67,25,0.9975868725868726,65,61025
groups-source_0.05,1016,600,,NaN,64,65,,0,1,0,11,,,64,52,0.996186844613918,65,60418
groups-source_0.05,1017,600,,NaN,60,60,,0,1,0,12,,,60,15,0.996142719382835,65,61605
groups-source_0.05,1018,600,,NaN,69,70,,0,3,0,10,,,69,53,0.9985835694050992,65,60390
groups-source_0.05,1019,600,,NaN,65,65,,0,4,0,11,,,65,21,0.9952807928268051,65,61323
groups-source_0.05,1020,600,,NaN,59,59,,0,5,0,11,,,59,19,0.9933868682097308,65,61691
groups-source_0.05,1021,600,,NaN,66,66,,0,0,0,11,,,66,19,0.9961795606494747,65,61125
groups-source_0.05,1022,600,,NaN,59,59,,0,0,0,10,,,59,12,0.994956441999083,65,61986
groups-source_0.05,1023,600,,NaN,63,63,,0,0,0,11,,,63,30,0.9962067330488383,65,61421
groups-source_0.05,1024,600,,NaN,65,66,,0,4,0,12,,,65,15,0.9961904761904762,65,61209
groups-source_0.05,1025,600,,NaN,66,67,,0,0,0,11,,,66,33,0.9925788497217068,65,60964
groups-source_0.05,1026,600,,NaN,65,65,,0,0,0,10,,,65,16,0.9981042654028436,65,61274
groups-source_0.05,1027,600,,NaN,67,67,,0,3,0,10,,,67,18,0.9948308270676691,65,61242
groups-source_0.05,1028,600,,NaN,58,59,,0,4,0,12,,,58,19,0.9936708860759493,65,61953
groups-source_0.05,1029,600,,NaN,66,67,,0,2,0,11,,,66,21,0.998589562764457,65,61182
groups-source_0.05,1030,600,,NaN,67,67,,0,4,0,10,,,67,38,0.9932562620423893,65,60566
groups-source_0.05,1031,600,,NaN,60,60,,0,7,0,10,,,60,23,0.9942748091603053,65,61696
groups-source_0.05,1032,600,,NaN,63,64,,0,3,0,12,,,64,20,0.9951171875,65,61239
groups-source_0.05,1033,600,,NaN,61,62,,0,2,0,11,,,62,39,0.9947643979057592,65,60964
groups-source_0.05,1034,600,,NaN,67,68,,0,3,0,10,,,68,16,0.9967622571692877,65,61223
groups-source_0.05,1035,600,,NaN,73,77,,0,3,0,11,,,74,23,0.994789199431549,65,60797
groups-source_0.05,1036,600,,NaN,64,66,,0,2,0,11,,,65,26,0.9937649880095923,65,61179
groups-source_0.05,1037,600,,NaN,62,62,,0,4,0,11,,,62,18,0.994447015270708,65,61586
groups-source_0.05,1038,600,,NaN,64,64,,0,7,0,11,,,64,31,0.9949418310571573,65,60947
groups-source_0.05,1039,600,,NaN,60,60,,0,3,0,10,,,60,20,0.9980497318381277,65,61347
groups-source_0.05,1040,600,,NaN,63,64,,0,1,0,11,,,64,15,0.9960803527682509,65,61574
groups-source_0.05,1041,600,,NaN,60,61,,0,6,0,11,,,60,16,0.9953831948291783,65,61683
groups-source_0.05,1042,600,,NaN,57,57,,0,3,0,11,,,57,12,0.9948137670909948,65,61925
groups-source_0.05,1043,600,,NaN,64,64,,0,3,0,11,,,64,28,0.9942418426103646,65,61071
groups-source_0.05,1044,600,,NaN,68,68,,0,3,0,12,,,68,27,0.9943316013226263,65,61128
groups-source_0.05,1045,600,,NaN,65,66,,0,4,0,11,,,65,23,0.9961408586589484,65,61330
groups-source_0.05,1046,600,,NaN,62,62,,0,1,0,10,,,62,31,0.9941719281204469,65,61246
groups-source_0.05,1047,600,,NaN,67,67,,0,3,0,10,,,67,21,0.9981916817359855,65,61184
groups-source_0.05,1048,600,,NaN,62,63,,0,2,0,12,,,63,32,0.9937888198757764,65,60990
groups-source_0.05,1049,600,,NaN,57,58,,0,3,0,11,,,57,48,0.9942857142857143,65,61122
groups-source_0.05,1050,600,,NaN,59,60,,0,2,0,11,,,60,24,0.9947013487475915,65,61564
groups-source_0.08,1001,600,,NaN,52,52,,0,4,0,11,,,52,25,0.997144217039505,65,62084
groups-source_0.08,1002,600,,NaN,66,66,,0,1,0,12,,,66,49,0.9957244655581948,65,60593
groups-source_0.08,1003,600,,NaN,54,54,,0,2,0,11,,,54,35,0.9939195509822264,65,61459
groups-source_0.08,1004,600,,NaN,33,34,,0,2,0,10,,,34,13,0.9981087470449173,65,62918
groups-source_0.08,1005,600,,NaN,59,59,,0,2,0,10,,,59,40,0.9956458635703919,65,61224
groups-source_0.08,1006,600,,NaN,60,60,,0,1,0,10,,,60,27,0.9957786116322702,65,61648
groups-source_0.08,1007,600,,NaN,46,47,,0,1,0,10,,,47,25,0.993844696969697,65,62577
groups-source_0.08,1008,600,,NaN,53,53,,0,1,0,11,,,53,26,0.9931740614334471,65,61892
groups-source_0.08,1009,600,,NaN,45,47,134,0,2,466,11,,,46,26,0.9904988123515439,65,62228
groups-source_0.08,1010,600,,NaN,23,24,,0,5,0,11,,,23,16,0.9981167608286252,65,63068
groups-source_0.08,1011,600,,NaN,41,41,,0,2,0,11,,,41,16,0.9932367149758454,65,62382
groups-source_0.08,1012,600,,NaN,54,55,,0,2,0,10,,,54,31,0.9944315545243619,65,61837
groups-source_0.08,1013,600,,NaN,62,63,,0,2,0,11,,,62,49,0.9935034802784223,65,61015
groups-source_0.08,1014,600,,NaN,57,57,,0,6,0,10,,,57,42,0.9951899951899952,65,61503
groups-source_0.08,1015,600,,NaN,56,56,,0,4,0,12,,,56,32,0.995276334435522,65,61431
groups-source_0.08,1016,600,,NaN,57,57,,0,0,0,11,,,57,48,0.9971181556195965,65,61367
groups-source_0.08,1017,600,,NaN,41,41,,0,4,0,12,,,41,17,0.9947743467933492,65,62450
groups-source_0.08,1018,600,,NaN,67,67,,0,3,0,11,,,67,53,0.9957627118644068,65,60480
groups-source_0.08,1019,600,,NaN,57,57,,0,3,0,11,,,57,35,0.9951385512882839,65,61200
groups-source_0.08,1020,600,,NaN,50,51,,0,3,0,10,,,50,20,0.9948259642521167,65,61998
groups-source_0.08,1021,600,,NaN,55,56,,0,1,0,11,,,55,22,0.9971333014811276,65,62316
groups-source_0.08,1022,600,,NaN,48,48,,0,3,0,10,,,48,15,0.9967396367023754,65,62396
groups-source_0.08,1023,600,,NaN,25,26,,0,2,0,11,,,26,17,0.9929873772791024,65,62911
groups-source_0.08,1024,600,,NaN,52,52,,0,4,0,12,,,52,20,0.9955708661417323,65,62177
groups-source_0.08,1025,600,,NaN,63,63,,0,3,0,11,,,63,30,0.9962825278810409,65,61531
groups-source_0.08,1026,600,,NaN,49,49,,0,3,0,10,,,49,18,0.9952471482889734,65,62464
groups-source_0.08,1027,600,,NaN,37,38,,0,7,0,10,,,37,20,0.994291151284491,65,62668
groups-source_0.08,1028,600,,NaN,34,34,,0,1,0,11,,,34,17,0.9948741845293569,65,62799
groups-source_0.08,1029,600,,NaN,54,54,,0,3,0,11,,,54,30,0.9948670088660756,65,61714
groups-source_0.08,1030,600,,NaN,67,68,,0,0,0,10,,,67,55,0.9923554706163402,65,59985
groups-source_0.08,1031,600,,NaN,54,54,,0,2,0,10,,,54,29,0.9961704164672092,65,61973
groups-source_0.08,1032,600,,NaN,61,62,,0,6,0,10,,,61,24,0.9928023032629558,65,61381
groups-source_0.08,1033,600,,NaN,64,65,,0,3,0,11,,,65,61,0.9953227315247896,65,60490
groups-source_0.08,1034,600,,NaN,62,62,,0,1,0,11,,,62,57,0.9936055090998525,65,60754
groups-source_0.08,1035,600,,NaN,63,63,,0,8,0,11,,,63,51,0.9953938277291571,65,61191
groups-source_0.08,1036,600,,NaN,51,52,,0,2,0,11,,,52,30,0.9947619047619047,65,61805
groups-source_0.08,1037,600,,NaN,47,49,,0,2,0,11,,,48,32,0.9976722532588455,65,62234
groups-source_0.08,1038,600,,NaN,54,54,,0,3,0,11,,,54,23,0.99568345323741,65,61852
groups-source_0.08,1039,600,,NaN,48,49,,0,0,0,10,,,48,23,0.9960880195599022,65,61995
groups-source_0.08,1040,600,,NaN,48,49,,0,4,0,11,,,49,28,0.996238834038552,65,61964
groups-source_0.08,1041,600,,NaN,50,50,,0,5,0,10,,,50,16,0.9909738717339668,65,62375
groups-source_0.08,1042,600,,NaN,43,43,,0,4,0,11,,,43,17,0.9962067330488383,65,62568
groups-source_0.08,1043,600,,NaN,66,66,,0,2,0,11,,,66,54,0.9966603053435115,65,60662
groups-source_0.08,1044,600,,NaN,39,40,,0,3,0,11,,,40,28,0.9943609022556391,65,62184
groups-source_0.08,1045,600,,NaN,58,58,,0,1,0,11,,,58,21,0.9937619961612284,65,61522
groups-source_0.08,1046,600,,NaN,59,59,,0,2,0,10,,,59,58,0.9952516619183286,65,61034
groups-source_0.08,1047,600,,NaN,64,65,,0,6,0,10,,,65,56,0.9915966386554622,65,60612
groups-source_0.08,1048,600,,NaN,48,49,,0,0,0,11,,,48,32,0.9966840360018948,65,61791
groups-source_0.08,1049,600,,NaN,56,56,,0,1,0,11,,,56,51,0.9956521739130435,65,61299
groups-source_0.08,1050,600,,NaN,44,45,,0,3,0,11,,,45,17,0.9957587181903864,65,62769
groups-source_0.1,1001,600,,NaN,60,60,,0,4,0,11,,,60,54,0.9971374045801527,65,60559
groups-source_0.1,1002,600,,NaN,59,60,,0,1,0,11,,,60,48,0.9948039678790742,65,60727
groups-source_0.1,1003,600,,NaN,57,57,,0,3,0,11,,,57,43,0.9985521235521235,65,61184
groups-source_0.1,1004,600,,NaN,31,32,,0,1,0,10,,,32,21,0.9930811808118081,65,62810
groups-source_0.1,1005,600,,NaN,55,55,,0,2,0,11,,,55,53,0.9924170616113744,65,61264
groups-source_0.1,1006,600,,NaN,43,44,,0,6,0,11,,,43,27,0.9928298279158699,65,62038
groups-source_0.1,1007,600,,NaN,59,59,,0,4,0,10,,,59,44,0.9942556247008137,65,61505
groups-source_0.1,1008,600,,NaN,50,50,,0,6,0,10,,,50,33,0.9958314034275128,65,61887
groups-source_0.1,1009,600,,NaN,41,43,,0,6,0,11,,,42,29,0.9947318007662835,65,62399
groups-source_0.1,1010,600,,NaN,43,43,,0,2,0,11,,,43,23,0.9935868071461291,65,62548
groups-source_0.1,1011,600,,NaN,46,47,,0,0,0,11,,,46,33,0.9934518241347053,65,62329
groups-source_0.1,1012,600,,NaN,25,27,,0,4,0,11,,,26,15,0.9940387481371088,65,63083
groups-source_0.1,1013,600,,NaN,42,43,,0,6,0,11,,,43,36,0.9962511715089035,65,62195
groups-source_0.1,1014,600,,NaN,56,56,,0,5,0,10,,,56,43,0.9961519961519961,65,61247
groups-source_0.1,1015,600,,NaN,50,50,,0,5,0,11,,,50,26,0.9975704567541303,65,61729
groups-source_0.1,1016,600,,NaN,60,61,,0,4,0,11,,,60,60,0.9942720763723151,65,60558
groups-source_0.1,1017,600,,NaN,60,60,,0,0,0,11,,,60,59,0.9937106918238994,65,60853
groups-source_0.1,1018,600,,NaN,31,31,,0,4,0,10,,,31,25,0.9956437560503388,65,62561
groups-source_0.1,1019,600,,NaN,57,57,,0,2,0,10,,,57,54,0.9938242280285036,65,60925
groups-source_0.1,1020,600,,NaN,51,51,,0,3,0,11,,,51,31,0.9933078393881453,65,61704
groups-source_0.1,1021,600,,NaN,23,25,40,0,4,559,10,,,24,18,0.9957386363636364,65,63039
groups-source_0.1,1022,600,,NaN,31,32,,0,2,0,11,,,31,19,0.9952175992348159,65,62895
groups-source_0.1,1023,600,,NaN,43,43,,0,3,0,10,,,43,32,0.9939450395901258,65,62340
groups-source_0.1,1024,600,,NaN,39,39,,0,5,0,12,,,39,25,0.9967756794104099,65,62555
groups-source_0.1,1025,600,,NaN,60,60,,0,4,0,11,,,60,53,0.9957203994293866,65,60836
groups-source_0.1,1026,600,,NaN,28,28,,0,10,0,10,,,28,18,0.9961649089165868,65,62964
groups-source_0.1,1027,600,,NaN,32,33,,0,2,0,11,,,32,22,0.9962581852198317,65,62639
groups-source_0.1,1028,600,,NaN,43,44,,0,2,0,12,,,43,29,0.9936954413191077,65,62203
groups-source_0.1,1029,600,,NaN,41,42,,0,5,0,11,,,42,29,0.9961277831558567,65,62282
groups-source_0.1,1030,600,,NaN,45,47,,0,4,0,10,,,45,40,0.9961315280464217,65,61998
groups-source_0.1,1031,600,,NaN,34,35,,0,2,0,10,,,34,24,0.9954212454212454,65,62523
groups-source_0.1,1032,600,,NaN,32,33,588,0,1,12,10,,,32,20,0.996708979783733,65,62679
groups-source_0.1,1033,600,,NaN,57,57,,0,1,0,11,,,57,55,0.9971896955503513,65,60976
groups-source_0.1,1034,600,,NaN,60,60,,0,0,0,11,,,60,58,0.9946679592825982,65,60935
groups-source_0.1,1035,600,,NaN,30,31,,0,4,0,11,,,30,16,0.9929478138222849,65,62897
groups-source_0.1,1036,600,,NaN,32,33,,0,7,0,11,,,33,25,0.9967074317968015,65,62911
groups-source_0.1,1037,600,,NaN,64,65,,0,6,0,11,,,64,62,0.9956793086893903,65,60433
groups-source_0.1,1038,600,,NaN,40,41,,0,5,0,11,,,40,29,0.9948694029850746,65,62115
groups-source_0.1,1039,600,,NaN,50,50,,0,2,0,10,,,50,38,0.9935125115848007,65,61843
groups-source_0.1,1040,600,,NaN,42,43,,0,3,0,11,,,42,23,0.9939252336448599,65,62491
groups-source_0.1,1041,600,,NaN,64,64,,0,2,0,11,,,64,62,0.994280266920877,65,60259
groups-source_0.1,1042,600,,NaN,32,33,,0,3,0,11,,,32,18,0.9947941315664931,65,62849
groups-source_0.1,1043,600,,NaN,62,62,,0,6,0,11,,,62,49,0.9971738106453132,65,61146
groups-source_0.1,1044,600,,NaN,44,45,,0,2,0,11,,,45,31,0.9947064485081809,65,62122
groups-source_0.1,1045,600,,NaN,34,34,,0,2,0,11,,,34,21,0.9951714147754708,65,62584
groups-source_0.1,1046,600,,NaN,65,65,,0,2,0,11,,,65,63,0.9962616822429906,65,60749
groups-source_0.1,1047,600,,NaN,50,51,,0,4,0,10,,,51,20,0.995768688293371,65,62181
groups-source_0.1,1048,600,,NaN,61,61,,0,8,0,11,,,61,56,0.9933962264150943,65,60736
groups-source_0.1,1049,600,,NaN,56,57,,0,1,0,11,,,56,50,0.9939786938397406,65,61115
groups-source_0.1,1050,600,,NaN,25,26,,0,5,0,11,,,25,17,0.9952244508118434,65,62993
groups-source_0.12,1001,600,,NaN,67,69,,0,1,0,11,,,68,64,0.9958100558659218,65,59703
groups-source_0.12,1002,600,,NaN,65,66,,0,7,0,10,,,65,59,0.9938881053126469,65,60133
groups-source_0.12,1003,600,,NaN,57,58,,0,4,0,11,,,57,54,0.9965986394557823,65,61043
groups-source_0.12,1004,600,,NaN,27,28,,0,7,0,10,,,27,20,0.9916461916461916,65,62864
groups-source_0.12,1005,600,,NaN,62,62,,0,2,0,11,,,62,59,0.9938242280285036,65,60634
groups-source_0.12,1006,600,,NaN,35,36,,0,4,0,11,,,36,29,0.9943714821763602,65,62443
groups-source_0.12,1007,600,,NaN,58,58,,0,2,0,11,,,58,55,0.9967875172097292,65,61402
groups-source_0.12,1008,600,,NaN,49,49,,0,2,0,11,,,49,34,0.994909763998149,65,62087
groups-source_0.12,1009,600,,NaN,35,36,,0,4,0,11,,,35,29,0.9946782776971457,65,62276
groups-source_0.12,1010,600,,NaN,55,55,,0,2,0,11,,,55,52,0.9948162111215834,65,61301
groups-source_0.12,1011,600,,NaN,35,36,,0,3,0,11,,,35,31,0.9910672308415609,65,62334
groups-source_0.12,1012,600,,NaN,40,41,,0,2,0,11,,,40,34,0.9933993399339934,65,62111
groups-source_0.12,1013,600,,NaN,38,38,,0,2,0,12,,,38,31,0.9944928866452502,65,62418
groups-source_0.12,1014,600,,NaN,62,63,,0,1,0,11,,,63,62,0.9942335415665545,65,60319
groups-source_0.12,1015,600,,NaN,66,67,,0,4,0,12,,,66,64,0.9962564342536265,65,59262
groups-source_0.12,1016,600,,NaN,54,54,,0,3,0,11,,,54,54,0.995764705882353,65,61314
groups-source_0.12,1017,600,,NaN,59,59,,0,5,0,11,,,59,58,0.9967120713950212,65,60803
groups-source_0.12,1018,600,,NaN,65,66,,0,6,0,10,,,65,65,0.9967350746268657,65,59792
groups-source_0.12,1019,600,,NaN,62,62,,0,1,0,10,,,62,61,0.9962476547842402,65,60607
groups-source_0.12,1020,600,,NaN,33,34,,0,2,0,11,,,33,25,0.9975514201762977,65,62610
groups-source_0.12,1021,600,,NaN,43,43,,0,3,0,11,,,43,35,0.9963184537505753,65,62486
groups-source_0.12,1022,600,,NaN,55,55,,0,3,0,11,,,55,54,0.9976841130152848,65,61529
groups-source_0.12,1023,600,,NaN,57,58,,0,2,0,11,,,57,56,0.9972247918593895,65,60799
groups-source_0.12,1024,600,,NaN,37,38,,0,16,0,11,,,38,33,0.9956896551724138,65,62303
groups-source_0.12,1025,600,,NaN,57,57,,0,0,0,11,,,57,56,0.9940774487471526,65,61219
groups-source_0.12,1026,600,,NaN,24,25,,0,4,0,10,,,25,20,0.9966793168880456,65,62872
groups-source_0.12,1027,600,,NaN,33,34,,0,4,0,10,,,34,26,0.9938823529411764,65,62607
groups-source_0.12,1028,600,,NaN,59,59,,0,2,0,11,,,59,56,0.9904076738609112,65,60918
groups-source_0.12,1029,600,,NaN,50,50,,0,3,0,11,,,50,40,0.9924741298212606,65,61648
groups-source_0.12,1030,600,,NaN,59,60,,0,5,0,10,,,59,57,0.9948908499767766,65,60892
groups-source_0.12,1031,600,,NaN,68,68,,0,4,0,10,,,68,67,0.9955990220048899,65,59551
groups-source_0.12,1032,600,,NaN,59,60,,0,9,0,12,,,59,59,0.994392523364486,65,60708
groups-source_0.12,1033,600,,NaN,59,59,,0,3,0,11,,,59,57,0.995722433460076,65,60467
groups-source_0.12,1034,600,,NaN,66,67,,0,3,0,10,,,67,66,0.9938271604938271,65,59906
groups-source_0.12,1035,600,,NaN,52,52,,0,0,0,11,,,52,46,0.9951690821256038,65,61797
groups-source_0.12,1036,600,,NaN,36,37,,0,8,0,11,,,36,31,0.9944211994421199,65,62476
groups-source_0.12,1037,600,,NaN,44,45,,0,4,0,11,,,44,38,0.9954191479615209,65,61780
groups-source_0.12,1038,600,,NaN,30,31,,0,6,0,11,,,30,24,0.9971469329529244,65,62625
groups-source_0.12,1039,600,,NaN,41,42,62,0,1,537,10,,,41,35,0.9952629085741355,65,62125
groups-source_0.12,1040,600,,NaN,52,53,,0,1,0,11,,,52,46,0.9933333333333333,65,61545
groups-source_0.12,1041,600,,NaN,27,28,,0,7,0,10,,,27,19,0.9951760733236855,65,62642
groups-source_0.12,1042,600,,NaN,44,45,,0,3,0,11,,,45,39,0.9962299717247879,65,62002
groups-source_0.12,1043,600,,NaN,64,65,,0,1,0,10,,,64,62,0.9954149472718936,65,60215
groups-source_0.12,1044,600,,NaN,30,31,,0,8,0,12,,,31,24,0.9970774476376035,65,62818
groups-source_0.12,1045,600,,NaN,62,63,,0,2,0,11,,,63,60,0.995817843866171,65,60414
groups-source_0.12,1046,600,,NaN,56,56,,0,2,0,11,,,56,55,0.9957587181903864,65,60996
groups-source_0.12,1047,600,,NaN,65,66,,0,2,0,11,,,65,62,0.9937469937469937,65,60022
groups-source_0.12,1048,600,,NaN,56,56,,0,0,0,11,,,56,52,0.9948622139187295,65,60972
groups-source_0.12,1049,600,,NaN,56,56,,0,5,0,11,,,56,55,0.9933174224343675,65,60922
groups-source_0.12,1050,600,,NaN,26,27,,0,1,0,11,,,27,22,0.9947242206235012,65,62787
groups-source_0.15,1001,600,,NaN,66,67,,0,0,0,11,,,66,66,0.9949448529411765,65,59646
groups-source_0.15,1002,600,,NaN,35,36,,0,3,0,12,,,35,31,0.9952380952380953,65,62204
groups-source_0.15,1003,600,,NaN,52,52,56,0,2,544,11,,,52,50,0.9957446808510638,65,61454
groups-source_0.15,1004,600,,NaN,62,62,,0,9,0,10,,,62,61,0.995249406175772,65,60877
groups-source_0.15,1005,600,,NaN,57,57,,0,2,0,11,,,57,55,0.9962121212121212,65,60972
groups-source_0.15,1006,600,,NaN,30,32,,0,7,0,11,,,31,29,0.9952130205840115,65,62377
groups-source_0.15,1007,600,,NaN,31,31,,0,6,0,11,,,31,30,0.996186844613918,65,62691
groups-source_0.15,1008,600,,NaN,62,62,,0,1,0,10,,,62,61,0.9962067330488383,65,60960
groups-source_0.15,1009,600,,NaN,50,51,,0,3,0,11,,,51,47,0.9948210922787194,65,61398
groups-source_0.15,1010,600,,NaN,65,66,,0,1,0,11,,,65,63,0.9961070559610705,65,60478
groups-source_0.15,1011,600,,NaN,42,43,,0,3,0,11,,,42,39,0.9953746530989824,65,62034
groups-source_0.15,1012,600,,NaN,58,58,,0,5,0,11,,,58,57,0.9923224568138196,65,60923
groups-source_0.15,1013,600,,NaN,22,23,,0,7,0,11,,,22,21,0.9938330170777988,65,62911
groups-source_0.15,1014,600,,NaN,60,61,,0,1,0,11,,,61,60,0.9946025515210991,65,60228
groups-source_0.15,1015,600,,NaN,67,69,,0,1,0,11,,,68,66,0.9946236559139785,65,59454
groups-source_0.15,1016,600,,NaN,66,66,,0,5,0,11,,,66,66,0.9928774928774928,65,59922
groups-source_0.15,1017,600,,NaN,57,57,,0,2,0,11,,,57,57,0.995776630689817,65,60979
groups-source_0.15,1018,600,,NaN,64,64,143,0,0,457,12,,,64,64,0.9938505203405865,65,59921
groups-source_0.15,1019,600,,NaN,61,61,,0,9,0,11,,,61,60,0.9961315280464217,65,60524
groups-source_0.15,1020,600,,NaN,55,56,,0,5,0,10,,,55,55,0.9951690821256038,65,61049
groups-source_0.15,1021,600,,NaN,58,59,,0,2,0,11,,,59,58,0.9962210675484175,65,61262
groups-source_0.15,1022,600,,NaN,53,53,,0,6,0,11,,,53,53,0.9961593855016803,65,61618
groups-source_0.15,1023,600,,NaN,58,58,,0,1,0,11,,,58,57,0.995276334435522,65,60916
groups-source_0.15,1024,600,,NaN,57,58,,0,0,0,11,,,58,57,0.994328922495274,65,61105
groups-source_0.15,1025,600,,NaN,63,63,,0,1,0,11,,,63,62,0.9967304997664642,65,60202
groups-source_0.15,1026,600,,NaN,61,62,,0,1,0,10,,,62,61,0.9957884885353299,65,60516
groups-source_0.15,1027,600,,NaN,28,28,,0,3,0,10,,,28,25,0.9952963311382879,65,62668
groups-source_0.15,1028,600,,NaN,62,63,,0,3,0,11,,,63,62,0.997168475696083,65,60300
groups-source_0.15,1029,600,,NaN,28,29,,0,4,0,11,,,28,28,0.9929643527204502,65,62556
groups-source_0.15,1030,600,,NaN,59,59,,0,0,0,10,,,59,58,0.9971469329529244,65,60663
groups-source_0.15,1031,600,,NaN,58,59,,0,3,0,11,,,58,58,0.9949050486336267,65,60982
groups-source_0.15,1032,600,,NaN,64,64,,0,7,0,10,,,64,64,0.9928537398761315,65,60125
groups-source_0.15,1033,600,,NaN,57,58,,0,0,0,11,,,58,57,0.996641074856046,65,60717
groups-source_0.15,1034,600,,NaN,62,63,,0,4,0,11,,,62,62,0.9960610536681438,65,60375
groups-source_0.15,1035,600,,NaN,40,40,,0,5,0,11,,,40,37,0.9932203389830508,65,62390
groups-source_0.15,1036,600,,NaN,56,56,,0,1,0,11,,,56,56,0.9935258964143426,65,61319
groups-source_0.15,1037,600,,NaN,38,39,,0,14,0,11,,,38,35,0.9971084337349397,65,62176
groups-source_0.15,1038,600,,NaN,54,54,,0,6,0,11,,,54,53,0.9958294717330862,65,61329
groups-source_0.15,1039,600,,NaN,57,58,,0,1,0,10,,,58,57,0.9971098265895953,65,60839
groups-source_0.15,1040,600,,NaN,25,25,,0,1,0,11,,,25,22,0.9941888619854722,65,62898
groups-source_0.15,1041,600,,NaN,27,28,,0,1,0,11,,,27,21,0.9981203007518797,65,62633
groups-source_0.15,1042,600,,NaN,20,20,,0,3,0,11,,,20,17,0.9951690821256038,65,63116
groups-source_0.15,1043,600,,NaN,60,60,,0,3,0,11,,,60,59,0.9965397923875432,65,60534
groups-source_0.15,1044,600,,NaN,58,59,,0,1,0,11,,,59,58,0.9946808510638298,65,61140
groups-source_0.15,1045,600,,NaN,61,61,,0,0,0,11,,,61,61,0.9947140797693417,65,60866
groups-source_0.15,1046,600,,NaN,66,67,,0,0,0,11,,,67,66,0.9971830985915493,65,59773
groups-source_0.15,1047,600,,NaN,64,64,,0,1,0,10,,,64,62,0.9970588235294118,65,59943
groups-source_0.15,1048,600,,NaN,53,53,,0,4,0,11,,,53,47,0.9967948717948718,65,61335
groups-source_0.15,1049,600,,NaN,57,57,,0,0,0,11,,,57,56,0.995774647887324,65,60599
groups-source_0.15,1050,600,,NaN,58,59,,0,0,0,11,,,58,58,0.9951714147754708,65,60948
groups-source_0.2,1001,600,,NaN,61,62,,0,1,0,11,,,61,61,0.99529854254819,65,60078
groups-source_0.2,1002,600,,NaN,62,62,,0,1,0,11,,,62,61,0.9947817836812144,65,59850
groups-source_0.2,1003,600,,NaN,57,57,,0,2,0,10,,,57,57,0.9938534278959811,65,60734
groups-source_0.2,1004,600,,NaN,60,61,,0,2,0,10,,,61,60,0.9946885562530179,65,60700
groups-source_0.2,1005,600,,NaN,46,47,,0,1,0,11,,,47,45,0.995276334435522,65,61984
groups-source_0.2,1006,600,,NaN,60,60,,0,0,0,11,,,60,60,0.9908345393150024,65,60523
groups-source_0.2,1007,600,,NaN,57,57,,0,2,0,11,,,57,57,0.9937137330754352,65,61311
groups-source_0.2,1008,600,,NaN,72,75,,0,1,0,11,,,73,72,0.9944289693593314,65,59234
groups-source_0.2,1009,600,,NaN,60,60,,0,0,0,11,,,60,59,0.9943977591036415,65,60198
groups-source_0.2,1010,600,,NaN,63,63,,0,3,0,11,,,63,63,0.9961649089165868,65,60066
groups-source_0.2,1011,600,,NaN,49,50,,0,0,0,11,,,49,49,0.995706106870229,65,61679
groups-source_0.2,1012,600,,NaN,64,64,,0,2,0,11,,,64,64,0.9981549815498155,65,60104
groups-source_0.2,1013,600,,NaN,60,61,,0,3,0,12,,,60,60,0.9942938659058488,65,60347
groups-source_0.2,1014,600,,NaN,64,64,,0,3,0,11,,,64,64,0.994811320754717,65,60410
groups-source_0.2,1015,600,,NaN,66,68,,0,0,0,11,,,67,66,0.997093023255814,65,59639
groups-source_0.2,1016,600,,NaN,63,64,,0,4,0,11,,,63,63,0.9980732177263969,65,60367
groups-source_0.2,1017,600,,NaN,60,60,,0,6,0,11,,,60,60,0.9962085308056872,65,60618
groups-source_0.2,1018,600,,NaN,66,66,,0,1,0,10,,,66,66,0.9962174940898345,65,59809
groups-source_0.2,1019,600,,NaN,64,64,,0,2,0,11,,,64,63,0.9933774834437086,65,60401
groups-source_0.2,1020,600,,NaN,33,34,,0,4,0,11,,,34,32,0.9961704164672092,65,62539
groups-source_0.2,1021,600,,NaN,59,60,,0,5,0,11,,,59,59,0.9944263817928471,65,61055
groups-source_0.2,1022,600,,NaN,55,56,,0,0,0,10,,,56,55,0.9952516619183286,65,61359
groups-source_0.2,1023,600,,NaN,16,17,,0,2,0,10,,,16,16,0.993006993006993,65,63461
groups-source_0.2,1024,600,,NaN,40,40,,0,1,0,12,,,40,39,0.9971469329529244,65,61854
groups-source_0.2,1025,600,,NaN,65,65,,0,1,0,11,,,65,65,0.9934426229508196,65,60205
groups-source_0.2,1026,600,,NaN,66,67,,0,1,0,11,,,66,66,0.9946393762183235,65,59898
groups-source_0.2,1027,600,,NaN,69,71,,0,6,0,11,,,69,69,0.9966118102613747,65,59465
groups-source_0.2,1028,600,,NaN,61,61,,0,4,0,11,,,61,61,0.9920112781954887,65,60520
groups-source_0.2,1029,600,,NaN,53,53,,0,5,0,12,,,53,53,0.9926639156350298,65,61359
groups-source_0.2,1030,600,,NaN,57,57,,0,1,0,10,,,57,56,0.9929873772791024,65,61021
groups-source_0.2,1031,600,,NaN,61,61,,0,1,0,10,,,61,61,0.9946025515210991,65,60476
groups-source_0.2,1032,600,,NaN,57,57,,0,6,0,10,,,57,57,0.9921836834391793,65,60552
groups-source_0.2,1033,600,,NaN,57,57,,0,3,0,11,,,57,57,0.9958333333333333,65,60841
groups-source_0.2,1034,600,,NaN,58,58,305,0,1,295,11,,,58,58,0.9956709956709957,65,60973
groups-source_0.2,1035,600,,NaN,60,60,,0,6,0,11,,,60,60,0.9953292853806632,65,60715
groups-source_0.2,1036,600,,NaN,38,38,,0,1,0,11,,,38,36,0.9962174940898345,65,62386
groups-source_0.2,1037,600,,NaN,62,62,,0,2,0,11,,,62,62,0.9961740793878527,65,60378
groups-source_0.2,1038,600,,NaN,60,60,,0,1,0,11,,,60,59,0.995740653099858,65,60463
groups-source_0.2,1039,600,,NaN,53,54,,0,3,0,10,,,53,53,0.9967350746268657,65,61166
groups-source_0.2,1040,600,,NaN,59,60,,0,3,0,11,,,59,59,0.9919086149452642,65,60392
groups-source_0.2,1041,600,,NaN,65,65,,0,7,0,12,,,65,65,0.9915134370579916,65,59928
groups-source_0.2,1042,600,,NaN,52,52,,0,2,0,11,,,52,51,0.9923518164435946,65,61417
groups-source_0.2,1043,600,,NaN,59,59,,0,2,0,11,,,59,59,0.9938852304797742,65,60720
groups-source_0.2,1044,600,,NaN,58,58,,0,3,0,11,,,58,58,0.9948741845293569,65,61095
groups-source_0.2,1045,600,,NaN,61,61,,0,4,0,11,,,61,61,0.9943846513804399,65,60252
groups-source_0.2,1046,600,,NaN,63,63,,0,1,0,11,,,63,63,0.9952403617325083,65,60572
groups-source_0.2,1047,600,,NaN,67,68,,0,4,0,10,,,67,67,0.9957203994293866,65,59344
groups-source_0.2,1048,600,,NaN,68,68,,0,1,0,12,,,68,68,0.9942196531791907,65,59449
groups-source_0.2,1049,600,,NaN,60,61,,0,0,0,11,,,60,60,0.9957386363636364,65,60440
groups-source_0.2,1050,600,,NaN,60,61,,0,3,0,11,,,60,60,0.9971698113207547,65,60478
critical_Slot_0,1001,2000,,NaN,73,77,,0,23,0,10,,,73,73,0.9942829919009052,65,216152
critical_Slot_0,1002,2000,,NaN,71,73,,0,10,0,14,,,71,71,0.9947990543735225,65,216987
critical_Slot_0,1003,2000,,NaN,72,76,,0,12,0,18,,,72,72,0.9957142857142857,65,216326
critical_Slot_0,1004,2000,,NaN,71,73,,0,15,0,11,,,71,71,0.993570722057369,65,216656
critical_Slot_0,1005,2000,,NaN,73,76,,0,10,0,13,,,73,73,0.9938417811463761,65,216720
critical_Slot_0,1006,2000,,NaN,71,74,,0,13,0,10,,,71,71,0.9958544449562413,65,216830
critical_Slot_0,1007,2000,,NaN,69,69,,0,4,0,13,,,69,69,0.9971590909090909,65,217315
critical_Slot_0,1008,2000,,NaN,78,83,,0,13,0,18,,,78,78,0.9957527135441245,65,215605
critical_Slot_0,1009,2000,,NaN,75,81,,0,22,0,12,,,75,75,0.9935750344194585,65,216225
critical_Slot_0,1010,2000,,NaN,72,77,,0,18,0,12,,,72,72,0.9975247524752475,65,216118
critical_Slot_0,1011,2000,,NaN,77,81,,0,4,0,11,,,77,77,0.9937679769894535,65,216009
critical_Slot_0,1012,2000,,NaN,73,77,,0,13,0,12,,,73,73,0.9952516619183286,65,216581
critical_Slot_0,1013,2000,,NaN,70,71,,0,7,0,13,,,70,70,0.9977137631458619,65,216976
critical_Slot_0,1014,2000,,NaN,73,76,,0,8,0,13,,,73,73,0.9958041958041958,65,216919
critical_Slot_0,1015,2000,,NaN,74,82,,0,14,0,12,,,74,74,0.9952153110047847,65,216262
critical_Slot_0,1016,2000,,NaN,79,82,,0,11,0,14,,,79,79,0.9976459510357816,65,216251
critical_Slot_0,1017,2000,,NaN,74,81,,0,18,0,13,,,74,74,0.9966824644549763,65,216247
critical_Slot_0,1018,2000,,NaN,73,79,,0,20,0,16,,,73,73,0.9970944309927361,65,216360
critical_Slot_0,1019,2000,,NaN,67,68,,0,8,0,11,,,67,67,0.9949050486336267,65,217191
critical_Slot_0,1020,2000,,NaN,73,76,1783,0,31,217,11,,,73,73,0.99573055028463,65,216184
critical_Slot_0,1021,2000,,NaN,76,81,,0,9,0,12,,,76,76,0.995159728944821,65,216234
critical_Slot_0,1022,2000,,NaN,73,74,,0,7,0,12,,,73,73,0.9966362325804902,65,216922
critical_Slot_0,1023,2000,,NaN,71,72,,0,10,0,13,,,71,71,0.9952629085741355,65,216805
critical_Slot_0,1024,2000,,NaN,74,79,,0,16,0,12,,,74,74,0.9923518164435946,65,216414
critical_Slot_0,1025,2000,,NaN,73,76,,0,16,0,13,,,73,73,0.99476688867745,65,216625
critical_Slot_0,1026,2000,,NaN,76,80,,0,4,0,12,,,76,76,0.9961538461538462,65,216523
critical_Slot_0,1027,2000,,NaN,74,80,,0,32,0,10,,,74,74,0.9951807228915662,65,216361
critical_Slot_0,1028,2000,,NaN,78,81,,0,14,0,17,,,78,78,0.9917506874427131,65,216077
critical_Slot_0,1029,2000,,NaN,71,71,641,0,9,1359,14,,,71,71,0.9923481587757054,65,216428
critical_Slot_0,1030,2000,,NaN,70,71,,0,8,0,13,,,70,70,0.9935125115848007,65,217073
critical_Slot_0,1031,2000,,NaN,78,82,,0,9,0,12,,,78,78,0.9981024667931688,65,215831
critical_Slot_0,1032,2000,,NaN,74,80,,0,9,0,11,,,74,74,0.9944444444444445,65,216633
critical_Slot_0,1033,2000,,NaN,75,80,,0,12,0,11,,,75,75,0.9962807996280799,65,216204
critical_Slot_0,1034,2000,,NaN,72,75,,0,10,0,11,,,72,72,0.9951899951899952,65,216601
critical_Slot_0,1035,2000,,NaN,69,71,,0,12,0,12,,,69,69,0.995910949568378,65,217420
critical_Slot_0,1036,2000,,NaN,71,72,,0,19,0,11,,,71,71,0.9941804073714839,65,216615
critical_Slot_0,1037,2000,,NaN,74,78,,0,10,0,11,,,74,74,0.9939647168059424,65,216125
critical_Slot_0,1038,2000,,NaN,74,80,,0,8,0,12,,,74,74,0.9948308270676691,65,217020
critical_Slot_0,1039,2000,,NaN,71,72,,0,17,0,12,,,71,71,0.9961127308066083,65,216808
critical_Slot_0,1040,2000,,NaN,72,77,,0,11,0,11,,,72,72,0.9908345393150024,65,216565
critical_Slot_0,1041,2000,,NaN,74,78,,0,11,0,12,,,74,74,0.9948694029850746,65,216592
critical_Slot_0,1042,2000,,NaN,73,78,,0,10,0,11,,,73,73,0.9964982491245623,65,216425
critical_Slot_0,1043,2000,,NaN,72,74,,0,8,0,18,,,72,72,0.9962564342536265,65,216664
critical_Slot_0,1044,2000,,NaN,78,81,1039,0,10,961,11,,,78,78,0.9926436781609196,65,216301
critical_Slot_0,1045,2000,,NaN,70,70,,0,19,0,12,,,70,70,0.9944954128440368,65,216908
critical_Slot_0,1046,2000,,NaN,75,81,,0,14,0,12,,,75,75,0.9958197863446354,65,216326
critical_Slot_0,1047,2000,,NaN,72,76,,0,5,0,13,,,72,72,0.997639282341832,65,216148
critical_Slot_0,1048,2000,,NaN,74,79,,0,9,0,10,,,74,74,0.994693680656054,65,216344
critical_Slot_0,1049,2000,,NaN,72,73,,0,14,0,13,,,72,72,0.994475138121547,65,216610
critical_Slot_0,1050,2000,,NaN,73,78,,0,10,0,10,,,73,73,0.9946885562530179,65,216539
critical_Slot_0.02,1001,2000,,NaN,70,71,,0,12,0,11,,,70,70,0.9946445959104186,65,212602
critical_Slot_0.02,1002,2000,,NaN,69,69,,0,4,0,11,,,69,69,0.9951620706337687,65,212729
critical_Slot_0.02,1003,2000,,NaN,71,76,,0,9,0,12,,,71,71,0.9919621749408983,65,212439
critical_Slot_0.02,1004,2000,,NaN,68,68,,0,4,0,10,,,68,68,0.9938852304797742,65,213551
critical_Slot_0.02,1005,2000,,NaN,72,73,,0,8,0,11,,,72,72,0.9905392620624409,65,212332
critical_Slot_0.02,1006,2000,,NaN,68,69,,0,14,0,10,,,68,68,0.9945105215004575,65,213144
critical_Slot_0.02,1007,2000,,NaN,62,62,,0,17,0,13,,,62,62,0.9965870307167235,65,213598
critical_Slot_0.02,1008,2000,,NaN,71,73,,0,8,0,10,,,71,71,0.9958753437213566,65,212480
critical_Slot_0.02,1009,2000,,NaN,71,72,,0,14,0,12,,,71,71,0.9943529411764706,65,212724
critical_Slot_0.02,1010,2000,,NaN,68,68,,0,19,0,12,,,68,68,0.9946808510638298,65,213049
critical_Slot_0.02,1011,2000,,NaN,73,77,,0,10,0,12,,,73,73,0.9926650366748166,65,212625
critical_Slot_0.02,1012,2000,,NaN,70,71,,0,28,0,10,,,70,70,0.9925852694018784,65,212484
critical_Slot_0.02,1013,2000,,NaN,65,65,,0,10,0,14,,,65,65,0.9943181818181818,65,213164
critical_Slot_0.02,1014,2000,,NaN,71,76,,0,9,0,11,,,71,71,0.9925512104283054,65,212612
critical_Slot_0.02,1015,2000,,NaN,71,73,,0,19,0,11,,,71,71,0.9947140797693417,65,212462
critical_Slot_0.02,1016,2000,,NaN,73,79,,0,9,0,11,,,73,73,0.9951969260326609,65,212639
critical_Slot_0.02,1017,2000,,NaN,73,77,,0,8,0,11,,,73,73,0.9948837209302326,65,212480
critical_Slot_0.02,1018,2000,,NaN,69,70,,0,11,0,14,,,69,69,0.9961408586589484,65,212975
critical_Slot_0.02,1019,2000,,NaN,63,63,,0,2,0,10,,,63,63,0.9961519961519961,65,213545
critical_Slot_0.02,1020,2000,,NaN,70,71,,0,10,0,11,,,70,70,0.9938476100331283,65,212822
critical_Slot_0.02,1021,2000,,NaN,67,68,,0,11,0,12,,,67,67,0.9952874646559849,65,213321
critical_Slot_0.02,1022,2000,,NaN,70,72,,0,9,0,11,,,70,70,0.9966394623139703,65,212948
critical_Slot_0.02,1023,2000,,NaN,69,70,,0,28,0,11,,,69,69,0.9946987951807229,65,212932
critical_Slot_0.02,1024,2000,,NaN,73,78,,0,26,0,12,,,73,73,0.9953509995351,65,212708
critical_Slot_0.02,1025,2000,,NaN,72,72,,0,9,0,12,,,72,72,0.993806574559314,65,212628
critical_Slot_0.02,1026,2000,,NaN,70,70,,0,6,0,10,,,70,70,0.9938036224976168,65,213098
critical_Slot_0.02,1027,2000,,NaN,68,68,,0,13,0,10,,,68,68,0.9971360381861575,65,213217
critical_Slot_0.02,1028,2000,,NaN,73,78,,0,5,0,11,,,73,73,0.9947064485081809,65,212207
critical_Slot_0.02,1029,2000,,NaN,70,70,1772,0,8,228,13,,,70,70,0.9929742388758782,65,212678
critical_Slot_0.02,1030,2000,,NaN,66,67,,0,7,0,12,,,66,66,0.9962669155389641,65,213726
critical_Slot_0.02,1031,2000,,NaN,72,76,,0,7,0,12,,,72,72,0.9938534278959811,65,212103
critical_Slot_0.02,1032,2000,,NaN,72,74,,0,17,0,13,,,72,72,0.9885985748218528,65,212483
critical_Slot_0.02,1033,2000,,NaN,74,81,,0,13,0,12,,,74,74,0.9948088721094857,65,211956
critical_Slot_0.02,1034,2000,,NaN,71,72,,0,11,0,10,,,71,71,0.9957102001906578,65,212147
critical_Slot_0.02,1035,2000,,NaN,69,70,,0,11,0,11,,,69,69,0.9943502824858758,65,212790
critical_Slot_0.02,1036,2000,,NaN,68,69,,0,4,0,11,,,68,68,0.9956958393113343,65,212763
critical_Slot_0.02,1037,2000,,NaN,71,71,,0,10,0,11,,,71,71,0.997196261682243,65,212655
critical_Slot_0.02,1038,2000,,NaN,68,68,,0,11,0,11,,,68,68,0.9951853635050554,65,213101
critical_Slot_0.02,1039,2000,,NaN,68,69,,0,5,0,12,,,68,68,0.9962476547842402,65,213120
critical_Slot_0.02,1040,2000,,NaN,72,75,,0,5,0,11,,,72,72,0.9971000483325277,65,212213
critical_Slot_0.02,1041,2000,,NaN,70,72,,0,12,0,11,,,70,70,0.9967335510965936,65,212785
critical_Slot_0.02,1042,2000,,NaN,72,74,,0,8,0,11,,,72,72,0.9947643979057592,65,212605
critical_Slot_0.02,1043,2000,,NaN,69,70,,0,8,0,11,,,69,69,0.9948308270676691,65,212821
critical_Slot_0.02,1044,2000,,NaN,75,80,,0,4,0,11,,,75,75,0.9930971007823286,65,212544
critical_Slot_0.02,1045,2000,,NaN,66,66,,0,3,0,10,,,66,66,0.9935304990757856,65,212884
critical_Slot_0.02,1046,2000,,NaN,70,70,,0,6,0,11,,,70,70,0.9942965779467681,65,212439
critical_Slot_0.02,1047,2000,,NaN,69,70,,0,10,0,11,,,69,69,0.9971428571428571,65,212694
critical_Slot_0.02,1048,2000,,NaN,71,73,,0,4,0,11,,,71,71,0.9909307875894988,65,212796
critical_Slot_0.02,1049,2000,,NaN,68,69,,0,17,0,12,,,68,68,0.9950835791543756,65,212626
critical_Slot_0.02,1050,2000,,NaN,71,73,,0,16,0,10,,,71,71,0.9926571821936668,65,212935
critical_Slot_0.05,1001,2000,,NaN,68,68,,0,11,0,11,,,68,68,0.9962085308056872,65,206777
critical_Slot_0.05,1002,2000,,NaN,58,58,,0,7,0,11,,,58,58,0.9930037313432836,65,208049
critical_Slot_0.05,1003,2000,,NaN,64,64,,0,2,0,10,,,64,64,0.9929078014184397,65,207028
critical_Slot_0.05,1004,2000,,NaN,64,64,,0,11,0,10,,,64,64,0.994280266920877,65,207954
critical_Slot_0.05,1005,2000,,NaN,67,68,,0,8,0,11,,,67,67,0.9947743467933492,65,206801
critical_Slot_0.05,1006,2000,,NaN,63,63,1945,0,7,55,10,,,63,63,0.9938938468764679,65,207336
critical_Slot_0.05,1007,2000,,NaN,50,50,,0,7,0,11,,,50,50,0.9951969260326609,65,209044
critical_Slot_0.05,1008,2000,,NaN,61,61,,0,8,0,10,,,61,61,0.9962157048249763,65,207687
critical_Slot_0.05,1009,2000,,NaN,62,62,,0,15,0,12,,,62,62,0.9927571221632062,65,207721
critical_Slot_0.05,1010,2000,,NaN,58,58,,0,5,0,12,,,58,58,0.9946025515210991,65,207967
critical_Slot_0.05,1011,2000,,NaN,58,58,,0,9,0,11,,,58,58,0.9960918417195896,65,208427
critical_Slot_0.05,1012,2000,,NaN,67,68,,0,10,0,11,,,67,67,0.995244888254874,65,207189
critical_Slot_0.05,1013,2000,,NaN,57,57,,0,12,0,12,,,57,57,0.9980824544582934,65,208197
critical_Slot_0.05,1014,2000,,NaN,64,64,,0,38,0,11,,,64,64,0.9922817173178967,65,207381
critical_Slot_0.05,1015,2000,,NaN,60,60,,0,6,0,11,,,60,60,0.994277539341917,65,208413
critical_Slot_0.05,1016,2000,,NaN,64,64,120,0,7,1880,11,,,64,64,0.9956793086893903,65,208287
critical_Slot_0.05,1017,2000,,NaN,68,68,,0,8,0,11,,,68,68,0.9928092042186002,65,207374
critical_Slot_0.05,1018,2000,,NaN,67,67,,0,11,0,11,,,67,67,0.9890267175572519,65,206874
critical_Slot_0.05,1019,2000,,NaN,59,59,,0,4,0,11,,,59,59,0.9951807228915662,65,207581
critical_Slot_0.05,1020,2000,,NaN,61,62,,0,5,0,11,,,61,61,0.9934456928838952,65,207427
critical_Slot_0.05,1021,2000,,NaN,62,62,707,0,17,1293,10,,,62,62,0.9933078393881453,65,207799
critical_Slot_0.05,1022,2000,,NaN,67,67,,0,4,0,12,,,67,67,0.9952403617325083,65,207373
critical_Slot_0.05,1023,2000,,NaN,64,64,,0,13,0,11,,,64,64,0.994693680656054,65,207084
critical_Slot_0.05,1024,2000,,NaN,59,60,,0,4,0,12,,,59,59,0.9943127962085309,65,208417
critical_Slot_0.05,1025,2000,,NaN,65,65,,0,6,0,11,,,65,65,0.9963184537505753,65,207143
critical_Slot_0.05,1026,2000,,NaN,63,63,,0,5,0,11,,,63,63,0.9939731108020399,65,207717
critical_Slot_0.05,1027,2000,,NaN,63,63,,0,9,0,11,,,63,63,0.9958002799813346,65,207230
critical_Slot_0.05,1028,2000,,NaN,63,63,,0,15,0,11,,,63,63,0.9948308270676691,65,207627
critical_Slot_0.05,1029,2000,,NaN,59,59,,0,13,0,12,,,59,59,0.994754411063424,65,207889
critical_Slot_0.05,1030,2000,,NaN,60,60,,0,10,0,12,,,60,60,0.9924457034938622,65,208117
critical_Slot_0.05,1031,2000,,NaN,66,66,,0,15,0,11,,,66,66,0.9958410351201479,65,206620
critical_Slot_0.05,1032,2000,,NaN,60,61,,0,6,0,11,,,60,60,0.9953314659197012,65,208104
critical_Slot_0.05,1033,2000,,NaN,64,65,,0,15,0,11,,,64,64,0.9923809523809524,65,207148
critical_Slot_0.05,1034,2000,,NaN,65,66,,0,3,0,11,,,65,65,0.9927745664739884,65,206682
critical_Slot_0.05,1035,2000,,NaN,54,54,,0,6,0,11,,,54,54,0.9967487227124942,65,208753
critical_Slot_0.05,1036,2000,,NaN,59,60,,0,14,0,11,,,59,59,0.9961127308066083,65,208011
critical_Slot_0.05,1037,2000,,NaN,59,59,,0,4,0,11,,,59,59,0.9971195391262602,65,208277
critical_Slot_0.05,1038,2000,,NaN,60,60,,0,12,0,11,,,60,60,0.99529854254819,65,208367
critical_Slot_0.05,1039,2000,,NaN,62,62,,0,14,0,11,,,62,62,0.9926028663892742,65,207294
critical_Slot_0.05,1040,2000,,NaN,59,59,,0,8,0,10,,,59,59,0.9934883720930232,65,207810
critical_Slot_0.05,1041,2000,,NaN,61,61,,0,10,0,11,,,61,61,0.9975857073877354,65,208084
critical_Slot_0.05,1042,2000,,NaN,58,58,74,0,5,1925,11,,,58,58,0.9908168197196714,65,208218
critical_Slot_0.05,1043,2000,,NaN,63,63,,0,10,0,11,,,63,63,0.9939819458375125,65,207179
critical_Slot_0.05,1044,2000,,NaN,54,54,,0,3,0,11,,,54,54,0.9930491195551436,65,208560
critical_Slot_0.05,1045,2000,,NaN,56,57,,0,18,0,12,,,56,56,0.9943019943019943,65,207524
critical_Slot_0.05,1046,2000,,NaN,67,67,,0,11,0,11,,,67,67,0.9971936389148737,65,207013
critical_Slot_0.05,1047,2000,,NaN,58,58,,0,5,0,10,,,58,58,0.9971857410881801,65,208265
critical_Slot_0.05,1048,2000,,NaN,59,59,,0,8,0,11,,,59,59,0.993862134088763,65,207924
critical_Slot_0.05,1049,2000,,NaN,63,63,,0,6,0,11,,,63,63,0.9937769267592149,65,207680
critical_Slot_0.05,1050,2000,,NaN,65,66,,0,7,0,10,,,65,65,0.9937947494033413,65,207152
critical_Slot_0.1,1001,2000,,NaN,21,21,,0,6,0,11,,,21,21,0.9926578560939795,65,198776
critical_Slot_0.1,1002,2000,,NaN,28,28,,0,10,0,11,,,28,28,0.9966698382492863,65,198642
critical_Slot_0.1,1003,2000,,NaN,15,15,,0,6,0,10,,,15,15,0.9956605593056895,65,198866
critical_Slot_0.1,1004,2000,,NaN,12,12,21,0,5,1979,10,,,12,12,0.9947817836812144,65,199126
critical_Slot_0.1,1005,2000,,NaN,18,18,,0,5,0,11,,,18,18,0.9943100995732574,65,198835
critical_Slot_0.1,1006,2000,,NaN,21,22,,0,10,0,10,,,21,21,0.9947468958930277,65,198669
critical_Slot_0.1,1007,2000,,NaN,12,12,1654,0,5,346,11,,,12,12,0.9938242280285036,65,199293
critical_Slot_0.1,1008,2000,,NaN,12,13,,0,6,0,10,,,12,12,0.9938505203405865,65,199451
critical_Slot_0.1,1009,2000,,NaN,21,22,,0,3,0,12,,,21,21,0.993430314406382,65,199372
critical_Slot_0.1,1010,2000,,NaN,14,15,,0,7,0,10,,,14,14,0.9952896844088553,65,199489
critical_Slot_0.1,1011,2000,,NaN,16,16,,0,9,0,11,,,16,16,0.9958333333333333,65,199118
critical_Slot_0.1,1012,2000,,NaN,17,17,,0,5,0,11,,,17,17,0.9961259079903148,65,199092
critical_Slot_0.1,1013,2000,,NaN,16,17,,0,7,0,10,,,16,16,0.9961221522055259,65,199179
critical_Slot_0.1,1014,2000,,NaN,16,17,,0,7,0,10,,,16,16,0.9951714147754708,65,199118
critical_Slot_0.1,1015,2000,,NaN,19,19,,0,4,0,11,,,19,19,0.9944160074453234,65,199405
critical_Slot_0.1,1016,2000,,NaN,11,11,,0,8,0,10,,,11,11,0.9960899315738025,65,199575
critical_Slot_0.1,1017,2000,,NaN,20,21,,0,11,0,11,,,20,20,0.9972170686456401,65,198771
critical_Slot_0.1,1018,2000,,NaN,19,20,,0,6,0,10,,,19,19,0.9952830188679245,65,199203
critical_Slot_0.1,1019,2000,,NaN,24,24,,0,4,0,10,,,24,24,0.9953423381462506,65,198473
critical_Slot_0.1,1020,2000,,NaN,20,21,,0,4,0,11,,,20,20,0.9948186528497409,65,198321
critical_Slot_0.1,1021,2000,,NaN,13,13,,0,5,0,10,,,13,13,0.9962476547842402,65,199121
critical_Slot_0.1,1022,2000,,NaN,15,15,,0,3,0,10,,,15,15,0.9965736661771905,65,199136
critical_Slot_0.1,1023,2000,,NaN,19,20,,0,7,0,10,,,19,19,0.99573055028463,65,198746
critical_Slot_0.1,1024,2000,,NaN,13,14,,0,8,0,11,,,13,13,0.9937649880095923,65,199016
critical_Slot_0.1,1025,2000,,NaN,20,21,,0,2,0,11,,,20,20,0.9955860716037274,65,198923
critical_Slot_0.1,1026,2000,,NaN,15,16,,0,6,0,10,,,15,15,0.993879472693032,65,199084
critical_Slot_0.1,1027,2000,,NaN,16,16,409,0,7,1591,11,,,16,16,0.9947817836812144,65,199072
critical_Slot_0.1,1028,2000,,NaN,15,15,36,0,6,1964,11,,,15,15,0.9962067330488383,65,198631
critical_Slot_0.1,1029,2000,,NaN,22,22,,0,10,0,11,,,22,22,0.9948259642521167,65,198626
critical_Slot_0.1,1030,2000,,NaN,18,18,,0,7,0,10,,,18,18,0.9958601655933763,65,199210
critical_Slot_0.1,1031,2000,,NaN,22,22,,0,4,0,11,,,22,22,0.995417048579285,65,198537
critical_Slot_0.1,1032,2000,,NaN,15,16,,0,14,0,10,,,15,15,0.9957706766917294,65,198860
critical_Slot_0.1,1033,2000,,NaN,19,19,,0,12,0,10,,,19,19,0.9953183520599251,65,198639
critical_Slot_0.1,1034,2000,,NaN,18,19,,0,2,0,10,,,18,18,0.995897903372835,65,198641
critical_Slot_0.1,1035,2000,,NaN,16,16,,0,3,0,11,,,16,16,0.9953183520599251,65,199163
critical_Slot_0.1,1036,2000,,NaN,10,10,,0,13,0,10,,,10,10,0.996219281663516,65,199161
critical_Slot_0.1,1037,2000,,NaN,20,21,,0,5,0,11,,,20,20,0.9961519961519961,65,198653
critical_Slot_0.1,1038,2000,,NaN,15,15,,0,8,0,11,,,15,15,0.9933110367892977,65,198871
critical_Slot_0.1,1039,2000,,NaN,17,18,,0,6,0,11,,,17,17,0.9958294717330862,65,198860
critical_Slot_0.1,1040,2000,,NaN,17,17,,0,4,0,10,,,17,17,0.9928943628612033,65,198510
critical_Slot_0.1,1041,2000,,NaN,13,14,,0,4,0,10,,,13,13,0.99568345323741,65,199215
critical_Slot_0.1,1042,2000,,NaN,11,11,,0,7,0,10,,,11,11,0.9915690866510538,65,199025
critical_Slot_0.1,1043,2000,,NaN,15,16,,0,5,0,11,,,15,15,0.9948622139187295,65,199145
critical_Slot_0.1,1044,2000,,NaN,14,14,,0,10,0,11,,,14,14,0.9939337377508166,65,198997
critical_Slot_0.1,1045,2000,,NaN,13,14,,0,7,0,11,,,13,13,0.99375,65,199129
critical_Slot_0.1,1046,2000,,NaN,16,16,,0,2,0,11,,,16,16,0.9960861056751468,65,199010
critical_Slot_0.1,1047,2000,,NaN,12,13,,0,4,0,10,,,12,12,0.9948550046772685,65,198825
critical_Slot_0.1,1048,2000,,NaN,21,21,,0,5,0,11,,,21,21,0.9957963568425969,65,198918
critical_Slot_0.1,1049,2000,,NaN,16,17,,0,4,0,11,,,16,16,0.9942501197891711,65,198745
critical_Slot_0.1,1050,2000,,NaN,12,12,,0,9,0,10,,,12,12,0.993890977443609,65,199177
